:100000008071002061A40100F30803004DA40100E9
:100010004DA401004DA401004DA40100000000000A
:1000200000000000000000000000000029A6010000
:100030001101000000000000F5A501004DA4010021
:1000400069A80100C943030069A8010069A801006B
:1000500069A8010069A8010069A8010069A8010058
:100060009943030069A8010069A80100B343030094
:1000700069A8010069A8010069A8010069A8010038
:1000800069A8010069A8010069A8010069A8010028
:1000900069A8010069A8010069A8010069A8010018
:1000A00069A8010069A8010069A8010069A8010008
:1000B00069A8010069A8010069A8010069A80100F8
:1000C00069A8010069A8010069A8010069A80100E8
:1000D00069A8010069A8010069A8010069A80100D8
:1000E00069A8010069A8010069A8010069A80100C8
:1000F00069A8010069A8010069A8010069A80100B8
:100100004A4C494E4B4D4F4E48414E444C4552008F
:1001100000B534F0A0FE5DF804EB134B02E0586824
:100120000003FCD4586840F40020586000B534F057
:1001300093FE5DF804EB0C4B5868000DF6D218687E
:10014000010A0006000E002812D0022818D002D39F
:10015000032814D0E6E7586820F40020586000B562
:1001600034F078FE00BD00BFF8ED00E088ED00E05F
:1001700064201860586840F400205860CFE77DE0A4
:100180005FEADE022CBFEFF30982EFF30882042955
:1001900002D252F821006BE0052901D2204667E027
:1001A000062901D2284663E0072901D230465FE0E4
:1001B000082901D238465BE0092901D2404657E0C0
:1001C0000A2901D2484653E00B2901D250464FE09C
:1001D0000C2901D258464BE00E2901D2106947E0A4
:1001E0000F2901D2506943E0102901D290693FE004
:1001F000112901D2D0693BE012290ED2EFF3088019
:100200005FEADE0131D25FEA5E112CBF2030683038
:10021000D169490928BF04302AE0132905D2EFF338
:1002200009805FEADE0120D3EDE714291CD200200B
:10023000EFF310821043EFF3118212021043EFF339
:10024000138212041043EFF314825FEADE0128BF29
:1002500042F002025FEA5E112CBF22F0040242F07B
:1002600004021206104303E000E001E00020FFE773
:100270001860586840F40020586050E7586840F40F
:100280000020586058680003FCD418685FEADE025A
:100290002CBFEFF30982EFF30882042902D242F85F
:1002A000210061E0052901D204465DE0062901D262
:1002B000054659E0072901D2064655E0082901D232
:1002C000074651E0092901D280464DE00A2901D2B2
:1002D000814649E00B2901D2824645E00C2901D232
:1002E000834641E00E2901D210613DE00F2901D281
:1002F000506139E0102901D2906135E0112901D215
:10030000D06131E0122900D22EE0132900D22BE077
:10031000142927D20106090E81F310880104090E61
:1003200081F311880102090E81F31388010E8808F8
:100330002CBF4EF0040E2EF0040E21F00201C8086E
:100340002CBF2EF0100E4EF0100EEFF31480C008EC
:100350002CBF41F0040121F0040181F31488BFF3A4
:100360006F8F01E0FFE7FFE7DCE600BF53B94AB952
:10037000002908BF00281CBF4FF0FF314FF0FF30AD
:1003800000F00CB8ADF1080C6DE904CE10F0B0FB34
:10039000DDF804E0DDE9022304B07047704700BFD8
:1003A0002DE9F00791E8F807B2E802105B1854EB6A
:1003B0000C04B2E802104D4156EB0C06B2E80210F4
:1003C0004F4158EB0C08B2E8021059EB01095AEB07
:1003D0000C0A80E8F80780410130BDE8F00770475B
:1003E0002DE9F00791E8F807B2E802105B1A74EB08
:1003F0000C04B2E802108D4176EB0C06B2E8021054
:100400008F4178EB0C08B2E8021079EB01097AEB26
:100410000C0A80E8F80780414042BDE8F0077047C9
:100420002DE9F007524290E87800B1E880071740C4
:10043000DB1918EA020854EB080419EA020955EB23
:1004400009051AEA020A56EB0A0678C090E8780015
:10045000B1E8800717407B4118EA020854EB080412
:1004600019EA020955EB09051AEA020A56EB0A06CF
:1004700078C080410130BDE8F00770472DE9F007F2
:10048000524290E87800B1E880071740DB1B18EA79
:10049000020874EB080419EA020975EB09051AEA67
:1004A000020A76EB0A0678C090E87800B1E8800787
:1004B0001740BB4118EA020874EB080419EA020964
:1004C00075EB09051AEA020A76EB0A0678C0804144
:1004D0004042BDE8F00770472DE9F00152424FF06D
:1004E000040890E8300091E8C000A31B1340E41A10
:1004F000F618EB1B1340ED1AFF1830C0C0C1B8F15D
:100500000108EED1BDE8F001704700BF00B592E8E8
:10051000DC072DE9DC07B1E8805702B4A7FB0251E4
:100520000A95A8FB020BE7FB6310E9FB62B00B9195
:10053000A8FB0351EAFB6201E7FB64B5E7FB660534
:10054000E8FB6615CDF830B0A9FB03B6EAFB6316ED
:10055000ECFB6356E8FB640BE9FB641BEAFB645BA2
:10056000ECFB646B0D90ACFB0230059CEEFB625023
:10057000E9FB6460EAFB64B0E7FB6431E8FB6451CB
:10058000069CE8FB6461E9FB64B1EAFB64010E933D
:10059000A7FB0432079CE7FB6462E8FB64B2E9FB5B
:1005A0006402EAFB6412049CE9FB6453EAFB6463A3
:1005B000089CE7FB64B3E8FB6403E9FB6413EAFB14
:1005C00064230F955DF8049B99E80006DDF8008030
:1005D000A9FB0854EAFB68B4DDF81080ECFB680462
:1005E000EEFB6814E9FB6824EAFB6834DDF804805C
:1005F000EEFB6865E9FB68B5EAFB6805DDF8148089
:10060000ECFB6815EEFB6825E9FB6835EAFB6845FD
:100610000F96DDF80880AEFB0876E9FB6806EAFB7A
:100620006816DDF81880ECFB6826EEFB6836E9FBFF
:100630006846EAFB6856DDF80C80ECFB68B7EEFB19
:100640006807E9FB6817EAFB6827DDF81C80ECFB0C
:100650006837EEFB6847E9FB6857EAFB686708B054
:1006600000BD00BF2DE9F14F87B0FFF74FFFDDF868
:100670001C8008F1200888E8FF00FFBC87E87F089D
:10068000BDE8F08F00B591E89857A3FB03520195A0
:10069000A3FB0401E3FB6420E3FB67100292A3FBCE
:1006A0000752E3FB6802E4FB6415E3FB6805E3FB28
:1006B00069250391A4FB07B6E3FB6926E3FB6A56B1
:1006C000E4FB670BE4FB682BE3FB6A5BE3FB6C6B0F
:1006D0000490A4FB0810E4FB6950E3FB6C60E3FBAF
:1006E0006EB0E7FB6721E4FB6951E4FB6A61E3FB61
:1006F0006EB1E4FB6E010592A7FB0832E4FB6A626F
:10070000E4FB6CB2E4FB6E02E7FB6E12E7FB68539E
:10071000E7FB6963E4FB6CB3E7FB6C03E7FB6E1379
:10072000E8FB6E230695A7FB0954E7FB6AB4E7FBD9
:100730006C04E8FB6C14E8FB6E24E9FB6E34E8FB08
:100740006865E7FB6AB5E8FB6A05E8FB6C15E9FB41
:100750006C25E9FB6E35EAFB6E450796A8FB09762A
:10076000E8FB6A06E9FB6A16E9FB6C26EAFB6C36D5
:10077000EAFB6E46ECFB6E56E8FB69B7E9FB6907DE
:10078000E9FB6A17EAFB6A27EAFB6C37ECFB6C476C
:10079000ECFB6E57EEFB6E6700BD00BF2DE9F14F1D
:1007A00087B0FFF76FFFDDF81C8008F1200888E8AC
:1007B000FF00FFBC87E87F08BDE8F08F30B44FF042
:1007C000000310F8014B11F8015B013A84EA0504BB
:1007D00043EA0403F5D1A3F101034FEAD37030BC1F
:1007E000704700BF4FF0000310F8012B013943EAB6
:1007F0000203F9D1A3F101034FEAD370704700BFA0
:1008000030B411F8014B12F8015B6C4000F8014B59
:10081000013BF6D130BC70472DE9F00791E8F807AD
:10082000B2E802105B1854EB0C04B2E802104D4120
:1008300056EB0C06B2E802104F4158EB0C08B2E838
:10084000021059EB01095AEB0C0A8941B3F1FF334D
:1008500074F1FF3475F1FF3576F1000677F100078A
:1008600078F1000879F101097AF1FF3A51F10001BC
:100870005B184C414D4156F1000657F1000758F105
:10088000000859EBD1795AEB010A80E8F807BDE876
:10089000F00770472DE9F00791E8F807B2E8021079
:1008A0005B1A74EB0C04B2E802108D4176EB0C0677
:1008B000B2E802108F4178EB0C08B2E8021079EB35
:1008C00001097AEB0C0A89415B184C414D4156F104
:1008D000000657F1000758F1000859EBD1795AEB9F
:1008E000010A80E8F807BDE8F007704718EB040834
:1008F00059EB05095AEB060A5BEB070B5FF0000C9E
:100900004CF1000C18EB050859EB06095AEB070AE5
:100910005BEB070B50EB0C005FF0000C51EB0C0194
:1009200052EB0C0263414CF1000CB8EB070879F173
:1009300000097AF1000A7BEB040BA841B141A24106
:10094000B3416CF1000CBBEB050BB041B941AA41BE
:10095000BB416CF1000C4CF001068CF0020718EB67
:10096000060859EB6C095AEB6C0A7BEB6C0B70EBCD
:100970006C0471EB6C0572EB670653EB6C076CEB68
:100980006C0C18EB0C0059EB0C015AEB0C025BF1F0
:10099000000354F1000455F1000556EBDC7657EBEB
:1009A0000C0770472DE9F14F87B0FFF7AFFDDDF879
:1009B0001080DDF81490DDF818A0FFF797FFBDE870
:1009C000000FFFF793FF03B05DF8048B88E8FF008A
:1009D000BDE8F08F2DE9F14F87B0FFF753FEDDF84A
:1009E0001080DDF81490DDF818A0FFF77FFFBDE858
:1009F000000FFFF77BFF03B05DF8048B88E8FF0072
:100A0000BDE8F08F1FB50B4B01934FF4B073ADF8F9
:100A1000083008238DF80A3083788DF80B3001A94F
:100A2000FF2303208DF80C3000F00CFD05B05DF8BD
:100A300004FB00BF0F4F01001FB50B4B01934FF498
:100A40008063ADF8083008238DF80A3043788DF8BC
:100A50000B3001A9002302208DF80C3000F0F2FCCD
:100A600005B05DF804FB00BFC7530100F7B50446AD
:100A70000D4641B9124B5B78012B04D0019101A8BE
:100A80000121FFF7F3FF23680E4E0F4F0733002DB0
:100A900023F0070323600CBF2046002000F0AAFCCF
:100AA000002556F8043B0BB13846984701350F2D09
:100AB000F7D100F017FD23680344236003B0F0BDB5
:100AC000D80B002054000020DA0B00202DE9F04361
:100AD00085B0974C0390064603A80D46FFF7C6FF66
:100AE000A778E3784FF000091F44FFB2C8465FFAC9
:100AF00089F39F4200F209810398033020F003003C
:100B0000002D0390414618BF002000F037FE039BE4
:100B100021791844039081B16379627C033020F01D
:100B20000300002D1A440390A389D2B218BF0020FD
:100B300000F098FE039B034403937E4F7B68CBB188
:100B4000E17AB9B194F828300398002B00F107003E
:100B500014BF4023252320F0070014BF4FF48172F7
:100B60002822002D039018BF002003F0C5F9039B35
:100B700003440393A17B91B123791BB97B6873B1C3
:100B8000E37A63B10398073020F00700002D03904B
:100B900018BF002006F032F9039B03440393664B11
:100BA0001B6873B1A17961B10398E27B033020F037
:100BB0000300002D039018BF00209847039B0344B7
:100BC00003935E4B1B686BB1217C59B103980330D2
:100BD00020F00300002D039018BF00209847039BCE
:100BE00003440393564BD3F80080B8F1000F11D0A3
:100BF000617C79B10398237D0093033020F00300DA
:100C0000002DE37C0390A27C18BF0020C047039B0B
:100C100003440393FB697BB1A17969B10398A27D79
:100C2000033020F00300002D039018BF002000F0D7
:100C300007FF039B0344039394F8210080B1039AB8
:100C4000E37E217E0332194422F0070242F00402BF
:100C50002B46C9B2039200F033FF039B0344039376
:100C600094F8221000295AD0039FA28C0737002D38
:100C700027F007070CBF38460020039710F0B8FF95
:100C8000039B034403931DB9A18C38460BF058FD18
:100C9000217F002945D094F82030002B41D00398C3
:100CA000E28B073020F00700002D02F124020390B0
:100CB00092B218BF002010F09BFF039FA37E217EFD
:100CC0003A180332194422F0070242F004022B467C
:100CD00094F820000392C9B200F0E4FE039B0344A1
:100CE000039335B9E28B217F083292B238460BF07C
:100CF00041FDE36A23B1039B05B9E3622833039303
:100D00000398801B05B0BDE8F083A37A627A217A4C
:100D1000E07910F03FFF09F101098044E7E60F4652
:100D2000B1E7002DE5D12A4629462846DFE700BF76
:100D3000D80B0020540000209000002098000020D4
:100D4000940000208FB572B6194B1D6BE5B9BFF347
:100D50004F8F1849184BCA6802F4E0621343CB6006
:100D6000BFF34F8F00BFFDE7B4FBF6F4DAB20133F7
:100D7000002CF9D102F110036B440A2603F80C4C45
:100D800032B901A8A847E2E7044600230A26EDE7A6
:100D9000531E04AC54FA83F4DAB2C3B2B3FBF6F7D1
:100DA00006FB1733303304F80C3CB0FBF6F0E7E7F2
:100DB000D80B002000ED00E00400FA051FB5164C2A
:100DC000A37A8DF80930637A8DF80830237AADF86C
:100DD0000C3002A8E379ADF80A3004F011F918B12B
:100DE000DB210320FFF7AEFF012301A88DF80430BB
:100DF00012F0F3F808B1DF21F3E7207D04F030F9B9
:100E000008B1E221EDE7E07C04F024F908B1E32128
:100E1000E7E704B010BD00BFD80B002038B5054689
:100E2000002840D00FF0B2F910B94FF0FF3038BDB4
:100E30000BF0B0FFB0F5FA7FF7D81D4C1D482563C5
:100E4000002500F079FA29463C221B4865700FF016
:100E50001FFD26222946A01C257084F82850E56233
:100E60000FF016FD1B22E27140F21B32228140F28C
:100E7000023240F2011362811F226380A2810123AA
:100E80004FF402722371E281A37544F60112FB2331
:100E90006282A384EFF3108472B600F021FE2CB9B5
:100EA00062B62046C3E76FF01500C0E72846BEE7EC
:100EB000D80B0020BD0D00005400002010B5002804
:100EC00040F0A380544C6378022B00F09B80A1B1CA
:100ED000002A6CD00139142900F29780DFE801F074
:100EE0000B181B2B535B74315E616F373D4A4F7992
:100EF0007C898C8F81001378A37001210020FFF77B
:100F0000E5FDB0F5803F80F283800123637010BD62
:100F10001378E370F1E79378002B48D0D378002B57
:100F200045D013781A2B42D953781A2B3FD913681E
:100F3000C4F80730E1E713786279934237D323711D
:100F4000DBE713782279934231D86371D5E71378C0
:100F5000227993422BD86374CFE713783BB353784D
:100F6000013BDBB2F82B22D8138863822B4B92789B
:100F70009A70C2E71078607509F034FBBDE713780A
:100F8000ABB1A375B9E71378254A52680AB1012BB2
:100F90000DD9E372B1E71388A381AEE71378A3718B
:100FA000ABE71F491378C96921B9012B04D86FF049
:100FB0001500ACE7002BFAD01378E3739DE71378A4
:100FC000082BF4D8237498E71388FF2BEFD8A3736A
:100FD00093E71378E37590E713780E2BE7D8237621
:100FE0008BE713680F49E36153684B6013890B81EA
:100FF00083E71378637680E71378E3767DE71378E9
:10100000A3767AE74FF0FF3081E76FF02C007EE7A0
:101010006FF00B007BE700BFD80B0020EA0B00202D
:1010200054000020F40B002070B50D460646E8B1D0
:10103000E1B111F0070419D100F0B2F8C8B130469F
:101040000FF018FA0C4E214686F834002846FFF7B8
:101050003DFD14F098FA96F83400F16A04F07AF83D
:10106000FFF7ACFE02237370204670BD6FF01500D1
:10107000FBE74FF0FF30F8E7D80B002010B5074C26
:101080006378022B05D104F081F894F834000FF056
:101090000DFA10F0E0FE0020607010BDD80B0020AB
:1010A00050B1074B03F1140253F8041B40F8041B22
:1010B0009342F9D1002070476FF01500704700BFD0
:1010C000C4C2030010B5064B5C7834B904F00CF8C8
:1010D000044B054ADA60204610BD4FF0FF30FBE7B5
:1010E000D80B002054000020050A000010B5064B64
:1010F0005C7834B904F00CF8044B054A9A60204639
:1011000010BD4FF0FF30FBE7D80B0020540000204B
:10111000390A000010B5054B5C781CB903F0A6FF36
:10112000204610BD4FF0FF30FBE700BFD80B00207A
:1011300010B5054B5C781CB911F098FF204610BD26
:101140004FF0FF30FBE700BFD80B002010B5054B78
:101150005C781CB911F08DFF204610BD4FF0FF30B8
:10116000FBE700BFD80B002010B5054B5C781CB91D
:1011700011F082FF204610BD4FF0FF30FBE700BFAB
:10118000D80B0020024B02681A600020704700BF95
:10119000100C0020014B1B68184700BF100C0020EA
:1011A000024B1868003818BF01207047100C00204F
:1011B00073B52E4D031D04462B60284604F0BAFE7D
:1011C0000228064606D1294920460FF00EFE304679
:1011D00002B070BD042842D12B78092B0AD0252BF0
:1011E0001ED0294620460FF065FEB0F5817F2DD335
:1011F000722112E005213E200FF0CAFD0028F0D137
:10120000EB782A7901A943EA02236846ADF8003059
:1012100010F050FA0028D0D053210820FFF792FD9B
:101220001A213E200FF0B4FD0028DAD16B68C3F319
:101230000F23ADF804306946112301A88DF806305C
:1012400010F062FA0028B8D06521E6E70028B4D093
:10125000A17820780FF09CFD0028B8D1ADE70828D0
:10126000B5D1024920460FF0EFFDB0E7140C002085
:10127000074B4FF0FF3141F6FF72C3E900120549F9
:101280000022C1E900221F21C3E90212704700BFFA
:1012900000000020180D00203F280CD801380B4B0F
:1012A000C0F3421200F01F0053F8223023FA00F07E
:1012B00000F001007047FF2806D04038C0F342120A
:1012C000034B00F01F00EFE70120704700000020F3
:1012D000180D00200146074B006849681A4603C2F2
:1012E00040F48C221A6041F0107242F4FF625A609E
:1012F000704700BF000000200246024B00685168A2
:1013000003C37047180D00200246024B0068516865
:1013100003C37047080000200138064BC0F3421297
:1013200003EB820300F01F009B6823FA00F000F03B
:101330000100704700000020014B1860704700BF9B
:10134000200D002010B5FFF793FF11F0A3F8034B19
:101350001B68044603B19847204610BD200D0020AD
:101360000B880288F0B5C3F30E049EB204F1180393
:10137000C57CC35A05352A442B4497B213FA82F32D
:10138000013B4288B3FBF7F313FB07439BB29A423E
:10139000044A93BF22EA0603324013439BB20B80F8
:1013A000F0BD00BF0080FFFF10B5114B00EB410402
:1013B0001A786389B3FBF2F303FB0223013A1A4460
:1013C000B2F5706F027928BF00231A448378B2FB0C
:1013D000F3F0194403FB1020091AB1FBF3F003FBEF
:1013E000101313446FEA43436FEA5343638110BD04
:1013F000240D002010B5124BE0B15A78022A04D017
:1014000040F22B111720FFF79DFC03225A7002684F
:1014100012F0070102D04FF49871F3E75C685A604C
:10142000224402609A60BDE810403C2203F10C00A7
:101430000FF02EBA01225A70C3E9010010BD00BF9F
:10144000240D00202DE9F041254E96F801E00EF024
:10145000FD0CBCF1010F04D040F245111720FFF73D
:1014600071FC91F80680B8F1080F02D940F24711DB
:10147000F4E7CF7997B34546022D726838BF02254D
:101480007B1D5C0002EB43036A1E13446D422B403C
:101490008D884544013DC8F100022A404FF6FE7593
:1014A000AA4202D94FF4A971D8E7BEF1030F12D1B5
:1014B00006EB80001C1BC56815B140F25711CDE743
:1014C000C460A770228084F803C0087A096820717C
:1014D000080CE080218107FB02337360BDE8F081D6
:1014E000240D00202DE9F047364C6378012B65D0A0
:1014F000032B04D040F267111720FFF723FCD4E937
:1015000001329A4202D04FF4B571F5E72546002327
:1015100005F80C3B1E460E22994655F82200013A6A
:1015200058B190F804808178B8F1FF0F2FD180F87E
:1015300004908E423CBFCEB20123511CEDD103B1C9
:1015400026700E2640F6FF6955F826709FBB013EB7
:10155000FAD2042363700020BDE8F08755F82CE030
:10156000BEF1000F06D09EF804A0C24504BF9EF84D
:1015700002E077440CF1FF3CBCF1000FEEDA394495
:10158000FF2907D903B126704FF48371B4E794465D
:101590000027F1E70771CCE707EB41033846A3F8D2
:1015A0000A90FFF701FF08F10108BB785FFA88F1A4
:1015B0008B42F1D8CBE74FF00008F6E702236068D2
:1015C0006370C9E7240D0020034B03EB8003D86848
:1015D00000B18078704700BF240D0020F8B54FF6A9
:1015E000FF730380184B03EB81030546D868B8B13D
:1015F00086780379B3FBF6F206FB1233DBB21946A9
:101600000A1D00EB4202B2F902705488002F09DB78
:101610000131B1FBF6F206FB1211C9B28B42EFD1D8
:101620000020F8BDFF29FBD0C4F30E03C4782B8043
:1016300024B94FF4D9711720FFF784FB5380BDE81C
:10164000F84010F086BA00BF240D00201D4B03EBBC
:10165000810370B5DC68054644B3030404D54FF438
:10166000E0711720FFF76EFB0146204610F053FA99
:10167000FF28014604D02046BDE8704010F069BA4A
:10168000A078B5FBF0F300FB1353DBB219460A1D3B
:1016900004EB4206B6F90260002E09DB0131B1FB12
:1016A000F0F200FB1211C9B28B42F0D1002070BDE4
:1016B000FF29FBD08B4204EB42021CBF0023E370E6
:1016C0005580D8E7240D0020094B03EB810310B5AA
:1016D000DC680146204610F01EFAFF28014604D0BF
:1016E0002046BDE8104010F034BA002010BD00BF05
:1016F000240D0020F8B5104B03EB81030746DC688E
:101700000146204610F007FAFF28054611D0E6886A
:10171000238953EA064606D00146204610F019FAFE
:1017200001463846B04720462946FFF73DFE0020D7
:10173000F8BD0320FCE700BF240D002038B50E4B98
:10174000827903EB82030446D86808B9022038BDC9
:101750008278E1799142F9D24B1CE37100EB4103AD
:101760005D89B3F90A30002BF3DBA58010F0F1F9A5
:1017700020600020EBE700BF240D002070B5044678
:1017800010F003000E4603D049211820FFF7DAFAC3
:1017900010F065F9054624B103483146046010F0A5
:1017A0005EF9284670BD00BF6C0D00202DE9F04F9A
:1017B0001E4C85B092462268BDF83CB098468146E2
:1017C000BDF838300D461AB95B211820FFF7BAFA78
:1017D0001A460A21504603930FF0ECFF5A4606467C
:1017E000092140460FF0E6FF31180746206810F047
:1017F00061F9039BC9F8000018B9286005B0BDE87D
:10180000F08F84192C60D9F80000009352463146BD
:101810000A230FF081FF2868CDF838B0092342462B
:10182000394605B0BDE8F04F0FF076BF6C0D0020D3
:1018300070B50E4604460FF0C6FF054630460FF061
:10184000C2FF044B2A1821461868BDE8704010F00A
:101850005BB900BF6C0D0020014B186810F01DB97A
:101860006C0D0020F8B511441D4EC9B210F00305EF
:10187000317003D04D210920FFF764FA1F2B19D8CE
:101880009B009BB2033323F003039BB208B170604B
:10189000338101EB81047668E2004FF0010C00EB2C
:1018A000C404EFB2B94212D8D01D03FB010020F0EE
:1018B0000700F8BDFF2B4FEA430204D9FF339342E0
:1018C000DFDB93B2DEE77C2AFBDC7C23DAE710B1B6
:1018D00086F800C07460013528361C44E1E700BF7B
:1018E000700D002038B5144A147853680021C8B22E
:1018F000844203D8A8210920FFF724FA18460131B1
:1019000005782833002DF2D000218170012412893E
:10191000447044688161C161920800F12001051D95
:1019200021F8022B994245F8044B1444F8D10023C6
:101930004361037038BD00BF700D00200A4B1B8946
:10194000B3F5FF7F4FEA930006D25A089B1A9BB269
:10195000984238BF18467047B3F5EE6F01D8FF22A2
:10196000F4E740F27263F3E7700D00202DE9F843CD
:101970004B7880460C4602F0040602F0FB07D3B118
:10198000DFB12E4BD4F804901D89B7BB01236370DF
:10199000AD08A761E76104F120034A46211D04F167
:1019A000280023F8025B984241F8042B2A44F8D11E
:1019B0000023636101E0002FE3D0FF23A370002E1A
:1019C00018BF0226A3191B7D032B03D1022F1CBFB6
:1019D0000136F6B2A31901221A7506F10C0204EBC6
:1019E0008606002324F812307268A370C8F800201D
:1019F000A8F804304046BDE8F88300211422617045
:101A0000A0180EF045FFB5F5FF7F0FD26B08ED1A59
:101A1000ADB209EB0502C4F804902584A26063848A
:101A2000C4F80C90A5842261E384C6E7B5F5EE6F97
:101A30004FF0FF03EBD940F27265EAE7700D00202A
:101A40002DE9F74305460C46F720052190460FF097
:101A5000B1FE064685B115F0030703D08F2119208A
:101A6000FFF770F9DFF83890C9F81050A9F81400A2
:101A7000A5B2BBB29D4204D806FB04F003B0BDE89A
:101A8000F083B9F814C0D9F81000CDF8008007FB36
:101A90000C000523F72231460FF03EFE0137E8E740
:101AA000840D002007B5CDE900230B46034902460B
:101AB000081D10F0AAF903B05DF804FB9C0D00208E
:101AC00013B5064CCDE900230B46024604F108018C
:101AD00004F10C0010F099F902B010BD9C0D00202B
:101AE000134B012200214FF0FF309A60C3F800121F
:101AF000C3F80803C3F80015C3F804259A60C3F8B7
:101B00000803C3F80015C3F804250A490A4A03F577
:101B100080334FF40040C3F80825C1F88000BFF3BC
:101B20004F8FBFF36F8FC1F88001C3F8082570474E
:101B300000F0004000E100E00000F63F8C46382352
:101B400000B50CF8033B054B8E4607CBCEF80300DF
:101B5000CCF80410CCF808205DF804FBBC0D002084
:101B600070B5234DE96AAC6A0B7803F00303032BCD
:101B700004F1A8041AD16B8E2A8E0120034342F48B
:101B800000626B8620756B6B2A869847E96A237F13
:101B9000013B18BF012323774B7833B1D4E92232BC
:101BA000013342F10002C4E9223270BD002BEED0B5
:101BB0004B78002BEBD02A8E42F400622A86AA6B67
:101BC000002AF2D0FB2B08D895F83C3063B16B6B40
:101BD0000021BDE870402020184795F83D3043F0C3
:101BE000100385F83D3070BD01230370CFE700BFBF
:101BF000B00D002010B5174C09F09AFB08F080FEDC
:101C0000636B208E00219847237E73B9A36A93F8F3
:101C10009E30022B1AD0236C94F83D1094F83E00AD
:101C20009847002384F8443010BD94E8070004F17D
:101C30000C0383E807000849022204F1190012F09E
:101C400069F9A36A93F89E30022BE4D1034805F0AA
:101C50008BF8E0E7B00D00203D1B0000D40D002004
:101C6000034B93F8443003B97047FFF7C3BF00BF7D
:101C7000B00D002038B5234D95F8243004460BB143
:101C800001280ED0012913D8EB6C2046984778B173
:101C900095F83D3063B995F8240058B164B100203F
:101CA00038BD6B8E1B07EDD5AB6CDB78022BE9D111
:101CB000012038BD012CF3D195F85030DC06C3F378
:101CC00000110BD50023AA6B7AB1A8B16A8E9207D6
:101CD00012D5AB6CDB78022BEAD1E0E76B6D1B7899
:101CE000C3F30013C3F10103EDE7B5F85820002A50
:101CF000EBD00029DCD0E8E7002BD9D16A8E002A8E
:101D0000CDD0D5E7B00D002008B5094B93F844209D
:101D1000022A07D1DA7A42F00102DA72BDE80840FD
:101D2000FFF768BF4FF40F712720FFF70BF800BFD4
:101D3000B00D0020F8B5254CA66A636DE36296F8F5
:101D4000CC30054606F1A80794F85A000BB10430D0
:101D5000C0B296F87D100DB9FF282ED009F042F8D8
:101D600097F824301BB3E06D09F008FF94F8243095
:101D7000E16DE06A003B18BF012384F87830D7E9B1
:101D80002223C4E91C2308F05FFD3DB996F87D00CD
:101D900010F00C0018BF282009F05AFF96F87C10AC
:101DA000002009F0BDFF022384F84430F8BDE06A4A
:101DB00009F0E4FE08F0A4FDE7E796F87C209142E4
:101DC000D0D009F00FF897F82430CBE7B00D002001
:101DD00070B57F4CA56A82B095F8CC20002305F140
:101DE000A8068DF8053094F85A300AB10433DBB2F6
:101DF00010B9FF2B00F0B28095F87C10FF2008F09E
:101E0000F1FFB37E032B00F2DE80DFE803F0021D5A
:101E1000807094F8BA30ADF806306E48A5F86C3092
:101E200003F0AEFB002840F0A180D4F8BC000DF117
:101E300005020DF106010FF0E8FCA06420B196F850
:101E40006130002B00F0A9806348A064F37EDB00C2
:101E500003F00802037803F0F3031343327F920088
:101E600002F00402134303F0EF0203F00303032B19
:101E7000027002D1C378022B12D0D4F8BC000FF04C
:101E80002FFD48B9A06C027802F00303032B07D0A2
:101E900003F09CFB002879D1A06C027842F010027C
:101EA000027096F8233013B14378002B43D109F028
:101EB00065FE08F025FDA66C04F0ACF920B133787E
:101EC00003F00303032B64D095F87D10012009F083
:101ED00027FFA36C414A18889978A4F85000012381
:101EE00084F8C030917084F8443002B070BD394835
:101EF00003F046FB002861D0A06CC3781B2BA5D152
:101F0000012105F1100008F0A3FFA06C9EE7B5F8D1
:101F10006C30D4F8BC00ADF806300DF105020DF1BF
:101F200006010FF072FCA06400288FD140F2D52189
:101F30002720FEF707FFE06D09F020FE94F824103B
:101F4000E06DD6E92023B1FA81F67609A16C84F818
:101F50007860C4E91C2308F077FCACE795F87D3085
:101F600095F87C108B427FF449AF4AE7638EA16CF1
:101F7000626B43F08003802063869047A06C012150
:101F80007175C3781B2B7FF461AFBAE7A06C027840
:101F900086E701200AF09EFE96E79DF805302BB1FA
:101FA000BDF8061011F071FFA06C4FE7038083703D
:101FB000A06C012111F05EFEA06CF1E740F2DE2181
:101FC0002720FEF7BFFE40F2EB212720FEF7BAFEE6
:101FD000B00D0020F80D0020380E0020000E00206B
:101FE0002DE9F041434C94F84420A56A012A82B0BF
:101FF00006460F4605F1A8055FFA82F874D12B7DDD
:102000006BB1638E002143F0040363862975636B13
:102010000420984794F824300BB185F81680A16C01
:102020000A7802F00302032A36D04B78EBB1022380
:10203000AB7695F82430F3B1A36A93F87D10D5E917
:102040002223C4E91C2394F8243094F85A20003B3E
:1020500018BF0123013984F8783007293FD8DFE819
:1020600001F03B133E113E3E3E380123AB7695F81E
:102070002430002BE0D106B907BB02B0BDE8F04127
:10208000FFF7B8BD4FF00308002300931A494346F9
:10209000012008F061FBEEE7AB7E63B9638E43F08D
:1020A000020363860220636B9847A16C0B7803F0F0
:1020B0000303032BB9D10323AB76BAE7314630468D
:1020C000FFF7D8FD0028D8D102B0BDE8F041FFF7F6
:1020D00031BE4FF00208D7E74FF00008D4E740F2D6
:1020E000B2310620FEF72EFE40F275412720FEF7A2
:1020F00029FE00BFB00D0020100E002070B50C4B63
:102100000C4C0D4A1A6094F8443063B906460D46EB
:1021100003F0FF02012104F18800227611F0AAFDEC
:102120006665E56570BDDE212720FEF70BFE00BF6A
:102130009C000020B00D0020F4290000044A92F811
:10214000443003F0FF000BB9107670470C20704745
:10215000B00D0020024B012283F83C20704700BFE5
:10216000B00D00202DE9F043BA4C85B002AD85E8F2
:10217000030094F844100C98002940F0D481002A00
:1021800000F0D181002B00F0CE81002800F0CB813F
:1021900001F0FF06206495E80300E36404F12403E2
:1021A00083E80300A56A626384F83C6084F83D60BC
:1021B00084F8C16084F83E6084F8C0606686268634
:1021C00008F0A6FE08F09CFB95F9800008F0C4FF1B
:1021D00005F1A807A86B09F0B5FC286A08F0C2FF52
:1021E00097F8340008F0C8FF94F82430002B6AD028
:1021F00004200EF003FCEA6941F64B539A4294BF67
:102200004D20962008F0C2FDA36A93F8F032002B0F
:1022100040F01D8195F87D10012009F09BF9002800
:1022200064D08D4B186809F093FC6B69C4F8BC301E
:10223000AB69C4F8C43095F88B3023B9D5F8841055
:10224000002940F0C380D7F89000D7F89410D7F851
:102250009820D7F89C30DFF804C2ACE80F00D7F81C
:10226000A030C4F87930D7F8A430CCF80D30A36A88
:1022700094F8241093F8C620A2F12600002938D142
:10228000012803D993F8C700262838D193F83223C0
:1022900093F87C80002A40D0B8F1080F3DD0B8F107
:1022A000040F00F02581082A00F02281042A00F0A2
:1022B0001F81B8F1010F30D0012A14BF4FF002087E
:1022C0004FF0010829E003200EF098FBEA6941F67F
:1022D0004B539A4294BF4D20962008F057FD95F835
:1022E0007C10002009F036F900289AD105B0BDE82D
:1022F000F08301287BD993F8C700262877D0213AAC
:10230000012A40F2CB80242800F0E68093F87C80FC
:10231000B8F1040F08BF4FF0080805F14409414621
:10232000484611F0B1FE414611F07AF9B5F8503047
:1023300095F87D100246934228BF1346484684F81C
:10234000BA3011F067FE95F87D1097F82490B5F833
:102350005880082908BF042111F062F9B9F1000F73
:1023600001D1043080B2404528BF40465FFA80F872
:1023700084F8C88003F04EFF20B1B8F12B0F38BFAE
:102380004FF02B0894F8241084F85A80002957D174
:1023900097F82330002B3AD0012384F87830D7E91E
:1023A0002023C4E91C2395F87C30E86941F64B52A0
:1023B000013B904294BF04200020072B00F29B8039
:1023C000DFE803F01E9E991D999999A0B7F84E2059
:1023D0003B8B93427FF437AFB5F888201344A7F8BE
:1023E0004E3095F88A0001220AF058FC2BE793F84A
:1023F000CE2393F87C80002A7FF44EAF8DE7032133
:1024000000220B4600921549FB2208F0A5F9012095
:10241000FFF7DEFC124BD3F8503523F00803032BF3
:1024200000F086800023C4E90033A3602A88398B3A
:1024300097F8343061802280237105B0BDE8F083C5
:1024400097F8243073B90120FFF774FCE2E708F035
:102450004DFDDFE6B00D00209C000020100E002096
:1024600000100040D7E9220195F87D300122013BA0
:10247000C4E91C0184F87820072B3CD8DFE803F07E
:1024800005443B043B3B3B46032600210091334679
:102490002A494246012008F05FF9D4E724281BD0DE
:1024A00000293FF433AF93F86E2193F87C805007F6
:1024B0001ED412F001032BD193077FF52EAFB8F194
:1024C000080F3FF42AAFB8F1040F11D0B8F1010F93
:1024D00018BF4FF0020820E700293FF417AF93F828
:1024E000751093F86E2193F87C800A405107E0D56F
:1024F0004FF0080811E740F2B2310620FEF722FC47
:1025000001217DE702217BE70126BEE70226BCE729
:10251000B8F1080F3FF401AFB8F1040F14BF9846AB
:102520004FF00808F9E640F24F112720FEF70AFCA9
:1025300040F2F9112720FEF705FC00BF100E002025
:1025400010B5194C94F84430F3B194F8243093B199
:1025500094F84430022B21D1A36AD3F8080309F080
:1025600045FBA16A91F88B3003F0FF0213B9D1F853
:10257000843063B910BD94F84430012BF1D040F29F
:102580000E212720FEF7DEFBFFF734FBE9E791F889
:102590008A00BDE8104011460AF080BB40F21221CB
:1025A0002720FEF7CFFB00BFB00D0020FFF722BBB6
:1025B000014B1876704700BFB00D0020014B93F817
:1025C000C0007047B00D0020024B188EC0F3802071
:1025D000704700BFB00D0020014B93F8C100704759
:1025E000B00D00202DE9F0411E4FBC6A820782B079
:1025F00005460E4604F1A80411D4EB070CD5D4E926
:102600002232217F013342F100020129C4E9223242
:102610000CBF00230123237702B0BDE8F081BB6B20
:10262000DBB1B7F85820F96A1846033291F80180F7
:102630000EF0B6F80DF1020201A9F862D7F8C40055
:102640000FF003FA01980FF0EAF9012230604146D9
:10265000D7F8C4000FF08FF9CFE740F2664127208A
:10266000FEF770FBB00D00202DE9F047B24C86B0AC
:102670000023CDE904338DF80F3094F84430A56A77
:10268000022B06460F4605F1A8055FFA83F840F0D5
:10269000A281238E13F0400106D1636B402098473E
:1026A000238E43F040032386002E5AD095F8243021
:1026B000002B40F01881D4F82CA09AF8011089B2B0
:1026C000A4F85810002940F025810023A3639AF84C
:1026D0000000238EE97EC0F3800243F480739142B0
:1026E000238600F0CC80A26A94F8241002F1A80995
:1026F00099F81A20EAB1022A00F05381002389F8E0
:102700001A3021B199F81620002A40F03F8199F83B
:102710001530002B40F0168199F81B30D4F82CA00E
:10272000012B0CBF0023012389F81B309AF800000D
:10273000238E43F4806222862A7FC0F3C0039A422C
:102740004FF0000900F0A28003F064FDC0B19AF8D8
:10275000003003F00303032B12D101200AF0BAFA70
:102760000EE095F82420002A40F0B98043F400736D
:10277000238694F8C130013384F8C1304FF000094A
:1027800095F823305BB394F82430A26AB3FA83F34C
:10279000D06992F87C105B0984F8783041F64B538D
:1027A000984294BF04200020D5E920230139C4E9D0
:1027B0001C23072900F2E280DFE811F08E000800F8
:1027C000E0008B00E000E000E0000A004FF00108AC
:1027D0000022009259494346FB2207F0BDFF47B94A
:1027E00094F8C1100120FFF745FA0746002800F0D1
:1027F000998009F003FB01279DF80F307BBBB9F1ED
:10280000000F08D094F82430002B59D1B4F80930C7
:102810000133A4F809303EB3B4F805300022013387
:10282000A4F8053084F8C120454804F07BFA0498E8
:1028300040B10FF0F4F8A16A00234372072201307F
:1028400011F056FB059B33B1A16A00221A720C22CB
:10285000059811F04DFB6FB906B0BDE8F08705A9EA
:102860000220FFF7BFFECAE7B4F807300133A4F82F
:102870000730D9E7FFF7BEF906B0BDE8F0872A7F39
:10288000C0F3C0039A42B1467FF45EAF03F0C2FCCE
:1028900000284AD0D4F82CA09AF8003003F00303A3
:1028A000013B012B41D89AF8012094F8C8309A4294
:1028B0003BD994F83D3043F0100384F83D3043E7B2
:1028C000B4F80530B4F807102A8B0B431343A2D099
:1028D0009CE74FF003087BE74FF0000878E708F02B
:1028E00079F8238E42E708F03BF808F01DF8D4F899
:1028F0002CA09AF8011000287FF4E1AE002942D004
:102900009AF800302A7FC3F3C0039A425DD089B29F
:10291000A4F85810D4F8C4000FF003F8D4F82CA091
:10292000A063D4E6FFF754FA66E70DF10F00FFF756
:1029300017F9D4F82CA007E7B00D0020100E0020E6
:10294000D40D00204FF0000A89F815A002F028FEEF
:1029500000284AD0638E43F0080363865146636BB8
:1029600008209847D9F880300133C9F88030D9F869
:10297000843043F10003C9F88430CDE640F2B2312F
:102980000620FEF7DFF9A4F858109EE689F8163005
:102990001946638E43F0100363861020636B9847DB
:1029A000B5E6D4F8BC0004A90EF052FFC0B1D9F8C6
:1029B000803094F824100133C9F88030D9F884307D
:1029C00043F10003C9F8843098E6012384F83E30CF
:1029D000FFF710F940E74FF49D612720FEF7B2F9A9
:1029E0004FF479712720FEF7ADF940F2FB31272033
:1029F000FEF7A8F9091D000069260000E11F00008C
:102A0000611C0000F0B583B00023044601A80193C7
:102A100009F0B8FE019B03F00303002B0BBF182540
:102A200022250F2619260CBF00270A270EF058F87A
:102A300038B1204612F010FB70B905F1610003B007
:102A4000F0BD0DF0A9FF00280CBF3D4635462046DD
:102A500012F002FB0028F0D0204612F0E3FA18B181
:102A600005F15A0003B0F0BD204612F0DFFA00284D
:102A7000F6D105F15000E2E708B54FF45271062097
:102A8000FEF760F92DE9F047002800F0DA800446EF
:102A9000082900F2CB80DFE801F091A92424A5C920
:102AA0001F9CC5000146204612F03BFAD4F83C3189
:102AB00000F1F7059D4240F2BD80E81A322838BF88
:102AC000322003210CF0C2FFC4F83C5106462046D8
:102AD00012F0E3FA002E7AD02046BDE8F04712F05B
:102AE000E0BAFFF78FFFB4F83231A4F840010022BA
:102AF000062B84F8382184F8432100F28C800133BE
:102B0000A4F8323104F59C7528460CF059F80028D9
:102B100000F09B8094F8583103F0FF01002B72D134
:102B2000D4E954026FF000439A4208BFB0F1FF3F6E
:102B300012D02046D4E9526712F0F3F9D4F850319C
:102B4000D4F854219B1B00F1F70062EB07021B1A1B
:102B500062F10002002A53DB94F8100129460CF0C0
:102B600045F900287BD0D4F84851D4F82871D4F81E
:102B70004C61D4F82C81AF4278EB060327D2204673
:102B800012F01AFA50EA010381468A461FD0E81B68
:102B90004A4666EB080153460DF064FDD4E94A321B
:102BA00009FB01F100FB0A11A9FB009013EB0903DB
:102BB000014441EB0201C4E94A3108E006F092F811
:102BC000D4F83C01E7380CF097FE002842D0BDE86D
:102BD000F08790F810010BF0BFFF002384F830312C
:102BE000BDE8F087BDE8F04709F01CB912F022FA01
:102BF00000283FF457AF2046BDE8F04712F04DBA29
:102C0000204606F077F894F810010BF0A5FF00239A
:102C100084F83031A7E7D4F8143173B1012384F874
:102C200042316FE7F2213020FEF78CF8F621302098
:102C3000FEF788F8C4F83C51DDE7022384F84231FE
:102C400060E7D2213020FEF77DF840F29F6130200E
:102C5000FEF778F840F281213020FEF773F840F259
:102C6000A3613020FEF76EF82DE9F04F04468BB0DB
:102C70000020029394F87D30069017460E46059387
:102C800010F05AFA94F8F1220B2A00F28583B34B24
:102C900033F8125094F8C7200392284487F00102B9
:102CA00085B204922FB3B4F880A3B4F8C090A6EB19
:102CB0000A0A0FFA8AFAA6EB0909BAF1000F0FFA0D
:102CC00089F904F55678C0F2D581A54ADDF808B037
:102CD000127802F0FF07002A40F0DD8194F83C33BF
:102CE000032B00F26A83DFE813F03F010401A20026
:102CF0003A0094F83C23032AD5D1039A0E2AD2D164
:102D0000B4F8CC23B242CED1B4F80E13B4F8822377
:102D10000A44C4F83823D4F84423C4F83023E269C1
:102D2000C4F83423204607F06DFBD4F8D423E169BE
:102D3000914205D004F1280012F015FCD4F8D423F8
:102D4000E261D4F8D023E263B4F8CE23A4F84020A3
:102D5000D4F8D8236262022284F83C23A3E7E56911
:102D6000029B05FB0AF2002B40F0318294F85333AA
:102D7000002B00F0DC827A4B5868D4F84433EB1A0D
:102D8000A3F5AD75D4F87833D71B854228BF054627
:102D90000697DF19D4F87C33C4F8085343F10003D5
:102DA000C4F86C33002384F858337423A4F86033D8
:102DB000C4F8687304F1440011F02AF9D4E9DA2365
:102DC0000544C4E9DE23C4F85C53A4F8806306F02C
:102DD0008DFC20B1D4F85C331E33C4F85C33B4F8F6
:102DE000F812039A8E1B002336B29E4284F8623397
:102DF000C4BF022384F862330E2A029A00F0618273
:102E0000002A40F0618294F83C33002B40F07D8230
:102E100094F8840341460BF0E9FF002800F0BE82DD
:102E2000049B84F8503300200BB0BDE8F08FE36BB7
:102E3000D4F834032946184409F082FF2946C4F81F
:102E40004003E069474D09F07BFFE26994F87D900B
:102E500041F64B539A4298BF0230C4F844034846A7
:102E600009F06EFB00F55F4019F00C0F00F1410016
:102E7000A5FB003014BF2821002101EB9011803107
:102E8000204611F05DF9B4F80E33002B00F0768186
:102E9000D4F83433E26BD4F8405313445B1B0693ED
:102EA000D4F83033D4F8382394F87DA002FB0355CE
:102EB000B4F8403030351AF00C0F03EB450540F004
:102EC0005481504609F03CFB264B00F52340A130CD
:102ED000A3FB00304FEA9019504609F029FB4D44FE
:102EE0001F4B069A284458600123E56984F83C3357
:102EF00043E7D4F84403E269D4F84033D4F83813F4
:102F0000B4F80E53121A0AFB02F20692D4F83023D8
:102F100094F87DA03033A94402FB0133C943B4F8CF
:102F20004050894400FB09301AF00C0F05EB4005B6
:102F300040F02181504609F003FB0A4B00F5234085
:102F4000A130A3FB00304FEA9019504609F0F0FA87
:102F50004D44034B069A2844586089E05C5E0300A8
:102F60007C0E0020D34D621094F87D1094F8060377
:102F7000DFF828A310F07EFB8146E06B2946484429
:102F800009F0DEFE2946C4F84003E06909F0D8FEE6
:102F9000E26941F64B539A4298BF0230C4F84403A9
:102FA00007A908A808F032FF079B0093D4E9DE01C7
:102FB000DDE908230CF0CEFF94F87D30059305463B
:102FC000184609F0BDFA059B00F55F4013F00C0FA1
:102FD00000F1410014BF28210021AAFB003001EBC1
:102FE00090118031204611F0ABF8D4F88833E26BB1
:102FF00094F87D000693059209F0A2FA4AF2A13BEB
:1030000000EB0B03AAFB0331069B059AD4F840039F
:10301000203B13441B1A4B445B1BA3EB91130693F9
:1030200094F87D30B4F8409000F1300513F00C0FA7
:103030004FEA450509F1220940F09A8018460593A8
:1030400009F07EFA8344AAFB0B3A059B4FEA9A1AD1
:10305000184609F06DFA4D44914B069A55442844A0
:103060005860D4F88833D31AB3F5D87F40F29B81E7
:10307000E56982E6002284F85323894AD4E9DC0119
:103080001278C4E9DE01CA464FF0010B02F0FF07D7
:10309000002A3FF423AE09F0FDFE074600283FF466
:1030A0001DAEB4F82423012A40F2F58094F83C23A5
:1030B000022A00F0F08094F85223002A40F0EB80BE
:1030C000E06941F64B57B84240F2438194F8F1224F
:1030D0000B2A00F26181734B33F8125094F83C33A1
:1030E00005F5C865012BADB240F0378194F8CA30C0
:1030F000032B40F04681D4F83403E76B074429469C
:1031000009F01EFE03463846D4F83073C4F8303355
:10311000DB1BD4F83873294603FB07F709F010FED0
:10312000D4F84033C4F84003C01A07442946E06984
:1031300009F006FEE36941F64B529342B4F80E33B0
:10314000D4F838234B446FEA0202A3EB0A0313447A
:10315000D4F8442398BF0230C4F84403801A00FB1B
:103160000377012384F85233B8E54FF06509B3E6DD
:103170004FF0650A6CE74FF06509E6E6029B002B0D
:103180003FF486AE94F87DB0D4F83423E36B584610
:1031900002EB030909F0D4F9D4F88C338246A9F183
:1031A000200958469944D4F840B309F0C1F90AF50A
:1031B000234AA9EB0B090AF1A10AA9EB0009A5FB17
:1031C0000A35A9EB95150695D4F8405368E6B4F88E
:1031D0000E33002B7FF4CAAD84F85333D4F8441374
:1031E00001FB1A2A94F8C620CDF818A0262A5BD035
:1031F00094F8C720262A57D0BBF1000F27D033BB45
:10320000D4F88CB3BBF1000F00F0D28094F87D00AD
:1032100010F00C0F40F09B8009F092F91F4DD4F88C
:103220008CB300F52340A130A5FB0035AD0994F81F
:103230007D00103509F07CF9AAF1100A0AEB0B02A7
:10324000551B2D1AB4F80E33D4F84413069505987F
:1032500003EB090B01FB0BFB0BF1300B10F00C0F18
:103260004FEA4B0B61D109F06BF90C4D00F523408F
:10327000A130A5FB00308509059809F059F9084BE4
:10328000054405EB0B00E569586041F64B539D4240
:1032900050D9069A71E5002720E500BFD34D621092
:1032A0007C0E00205C5E0300B4F8CC23B21A12043A
:1032B000A2D4059894F8CF23002A18BF1046059091
:1032C0009AE7002A3FF4A4ADB4F82423D2B1B4F8AD
:1032D000260394F8281300FB01118A4200F1010033
:1032E0007FF796AD002B3FF493AD002384F8623353
:1032F000A4F8260302F094FF00F00700013084F8E0
:10330000280385E5A4F8262382E5E169D4F844334F
:103310004046C91A10F053F980B200283FF478AD46
:10332000149BC3B1188001207EE56525A4E7B4F89D
:103330000E3353E7234A284606AB594610F0B8F936
:10334000214B84F85303069A5868E56915E57525FD
:1033500070E71746C2E4012066E5294609F0F0FC53
:10336000E369BB42B4F80E73D4F8443398BF02301B
:103370004F44A7EB0A07C4F84403C01A00FB07F741
:10338000EFE694F87D1094F80603E76B10F072F9FD
:103390000744D4F83403B2E6FFF76EFB40F2A351C2
:1033A0003020FDF7CFFC40F2F2413020FDF7CAFC9F
:1033B00040F244513020FDF7C5FC40F25951302015
:1033C000FDF7C0FC800E00207C0E00202DE9F043AC
:1033D00085B0002800F05B810446082900F23D8199
:1033E000DFE811F08900E9000900090071003B01E4
:1033F00076007E00370112F08AFBD4E9DC23801AC4
:1034000061EB0301012871F10003C0F24E816FF0FE
:103410000102002382428B41C0F24281E3690BB179
:10342000B0FBF3F394F8C7200E2A00F00B81B4F838
:10343000C010B4F84E230B449BB2D11A090454BFF8
:10344000531C01339BB2A4F84E3394F85133B4F8B3
:103450004E1323B9B4F8FC328B4200F00B81B4F860
:10346000FC20B4F8C030B4F8FA001344013BB4F8BF
:1034700082231B1A9EB2531C721A1204A4F88233C0
:1034800000F1B4800DF10E05002300951A46204688
:10349000FFF7EAFB002840F09380D4F884303BB378
:1034A000B4F8F620B4F84E339B1A1BB2002B1FDD84
:1034B000B4F888100B44013BB3FBF1F313FB012379
:1034C000A4F8F63014E005B0BDE8F04308F0AABC5B
:1034D000012009F0FFFB05B0BDE8F043FFF766B837
:1034E00090F83C33042B40F0E580002380F83C3317
:1034F00005B0BDE8F08390F850330022C0F88C236B
:10350000002B00F08E80B0F84E23B0F8C0309A4205
:1035100000F0B580D31AA0F8FE32A0F8C020D4E99C
:10352000DA232046C4E9DC2306F04AFE94F803338C
:10353000002BDDD094F87D20E569D4F84433DFF822
:103540007C8112F00C0F14BF4FF4F0794FF4DC794A
:103550009D4288BFED1A98F8083098BF0025002BCF
:103560007FD004F14400D4F8087310F051FD0744F3
:1035700002200CF01BFAED1B25EAE575854228BFF9
:103580000546022128460CF061FA00B92F444A464C
:103590003946204610F0BCFDE269D4F80833C8F87B
:1035A0000C00D0180CF0A8F90028A1D140F2AA31E3
:1035B0003020FDF7C7FB05B0BDE8F04311F020BF98
:1035C000012868D1B4F84E13B4F8F8228B1A13F41A
:1035D000004FBDF80E30194489B2A6EB01032CD17F
:1035E0001BB2002BA4F84E13BFF64EAF94F8CA30AE
:1035F0003349002B0CBF3E23082384F8E93004F143
:10360000E00010F081FC204611F0FCFE002384F85D
:103610003C3394F884030BF09FFA202384F884331E
:1036200066E7B0F84C33B0F8C010B0F84C23A0F8FF
:10363000C0205B1AA0F8FE3271E71B0416D4A4F870
:103640004E1321E7B4F84E13013189B2A4F84E139A
:1036500005E7C6213020FDF775FBCA213020FDF7B4
:1036600071FB636C9D4228BF1D467AE7B31A1BB2FB
:103670001146B6E7013189B2A4F84E13EFE6B0F86F
:10368000FC32A0F8C0309B1AA0F8FE3247E79C211C
:103690003020FDF757FB4FF4CC613020FDF752FB93
:1036A00040F221613020FDF74DFB4FF4C461302022
:1036B000FDF748FBC0213020FDF744FB7C0E0020C5
:1036C000C96700002DE9F0470026054680F818611B
:1036D000D0F814010127D5E9528982B080F8062379
:1036E0008A4685F83061394685F8317102F0B0F9C3
:1036F000D5F81441C4E9DC8995F8103184F8843395
:10370000C4E9DE89C4F888A384F83C63A4F8806324
:1037100033460096324631462046FFF7A5FAC8B92F
:1037200084F83C73C4F83803C4F83003A4F84E039B
:10373000A4F84C0384F85103B4F8C030A4F8820311
:10374000013BA4F8C03007F0A3FE02B0BDE8F0478B
:103750000BF030B840F221213020FDF7F3FA00BF22
:10376000D0F81401704700BF2DE9F04385B0002365
:103770000322CDE9003301268DF806206846FDF7C7
:10378000DDFF044620BB009D95F83031002BF5D0BD
:1037900085F858610121284611F085FC95F83031F3
:1037A000002BEBD095F810010BF02CFE95F81001D2
:1037B0000CF076FA95F810010BF0CEF900283CD009
:1037C00085F830416846FDF7B9FF04460028DAD095
:1037D000DFF87C80012388F81030002502264FF6A0
:1037E000FF771AE0029BE3B193F88423202A18D0D4
:1037F0001888B8421BD00221FDF766FF814608B346
:1038000090F884030CF04CFA99F8840389F83C434F
:103810000BF0A2F9202389F88433CDE902558DF805
:103820000E6002A8FDF78AFF04460028DAD00020C7
:1038300088F8100005B0BDE8F08340F20D2130207B
:10384000FDF780FA40F229113020FDF77BFA00BF26
:103850007C0E0020054B0022012142F210701A72EA
:10386000588219701A74FFF77FBF00BF7C0E0020CA
:1038700090F83031002B40F0A3802DE9F041044650
:103880000F4601465648154603F0FF080BF038F97D
:10389000202806466DD04146502204F588700CF071
:1038A000F7FF012384F81061C4F8147184F83031F3
:1038B00037B102F0CDFC00F00700013087F8280393
:1038C0002046FFF79FF800270223A4F84001A4F840
:1038D000423184F8387109F063FAB4F840619D36DA
:1038E00006442046B6B211F0A5FB002844D00FF0E4
:1038F00023FC00F5CD6189B2284609F021FA28445D
:10390000C4F83C0112F003F9301841F1000101261E
:10391000C4F84801C4F84C1184F81861E7842046C3
:1039200011F09EFB002843D03146204611F0F9FAF1
:10393000A5F2F3452D1AC4F81C514FF0FF326FF079
:103940000043C4E9542394F8100104F59C710BF072
:103950004DFA00283ED0D4E9522300252046C4E980
:103960004A23A4F83251294611F09DFB2846BDE8B0
:10397000F0810C20BDE8F0810146204611F0D1FA1B
:10398000184FF730C4F83C01788A08B1E08CC8B908
:10399000064412F0BCF8361841F10001C4E9526146
:1039A000002DCAD0AE1941F10001C4E95461CAE743
:1039B000304611F061FCF73D2D1AC4F81C51BCE7EC
:1039C0000C20704702F044FC7B8AB0FBF3F202FB50
:1039D0001300DDE740F2EF113020FDF7B3F900BF2F
:1039E000852A00007C0E002090F830310BB90020B1
:1039F000704710B50121044680F8581111F053FBAF
:103A000094F830310BB9002010BD94F810010BF080
:103A1000F9FC94F810010CF043F994F810010BF044
:103A20009BF820B1002384F83031002010BD40F213
:103A30000D213020FDF786F9014B1872704700BF49
:103A40007C0E002090F8582182B910B502F0FF04D6
:103A500090F8182112B90122104610BDD0E9473163
:103A60009942F9D905F046F92246F5E700221046B9
:103A7000704700BF10B5044607F0AEF9074BDA688F
:103A8000824208D3E16941F64B52914203D9187C36
:103A900080F0010010BD002010BD00BF7C0E002092
:103AA00008B54FF4FF7110F05EFBB0F5296F28BF29
:103AB0004FF4296080B208BD90F80333002B66D123
:103AC00070B503F0FF0590F83C33032B84B0044637
:103AD00001D004B070BD12F01AF8D4E9DC23801ACA
:103AE00061EB0301012871F10003F2DB6FF00103C8
:103AF000834275EB01034DDBE369B4F8C020002B72
:103B000046D0B0FBF3F080B2531C184480B2A4F846
:103B10004C03B4F84C23B4F8FC329B1A1BB2002BB4
:103B2000D7DD94F884030BF06DFC0028D1D0FF237F
:103B300084F85133B4F8FC30B4F8C050B4F8FA202B
:103B40001D44013DAD1AB4F84C33ADB2EB1A1A0462
:103B5000BFD40DF10E06B4F84C130096002389B2C1
:103B600001222046FFF780F80028B2D0012816D1A4
:103B7000B4F84C33BDF80E2012FA83F39BB2A4F8CC
:103B80004C33B4F84C33EB1A1B04E4D5A1E770476F
:103B90001846B9E740F2D7513020FDF7D3F84FF47B
:103BA000C2613020FDF7CEF82DE9F047044682B01F
:103BB000052900F2C180DFE801F03D1603131C2344
:103BC000042384F83C3307F063FC0AF0F3FDB4F8F7
:103BD000C020A4F84E230023A4F8823384F8513384
:103BE00002B0BDE8F087032380F83C3302B0BDE8A3
:103BF000F08707F0EBF8C4F88C0302B0BDE8F0875B
:103C000090F87D50284608F09BFC4E4900F55F4037
:103C100015F00C0F00F14100A1FB003014BF28216A
:103C2000002101EB90118031204602B0BDE8F04741
:103C300010F086BAD0F88C339BB9434B1B7C03F051
:103C4000FF02002BBCD1B4F8FC12009201232046E5
:103C5000FFF70AF80028B6D040F2DA613020FDF70D
:103C600071F890F85233002BE7D090F83C33032BD7
:103C7000E3D190F87D900FF05FFA94F8F1320B2BBE
:103C800058D8324AD4F88C5332F81330C61803F59A
:103C9000C86348469FB208F04BFC19F00C0FA5EB27
:103CA0000008B6B248463CD108F04AFCDFF894A0C0
:103CB000D4F8085300F2E733AAFB03234846A8EBE5
:103CC000931808F035FC2D1A484608F039FC00F529
:103CD0002343A133AAFB03239B09EB1A5A08603B39
:103CE000293206FB03F3B3FBF7F36033A2EB530176
:103CF00041454FEA530302D81344434501D209F02A
:103D0000B5FAE069314609F01BF8E26941F64B5318
:103D10009A4298BF02300023C4F8440384F8523317
:103D20008BE7D4F8085308F003FCA8F13C082D1ADF
:103D30006523D2E7FEF7A0FE40F26E713020FDF75A
:103D400001F800BFD34D62107C0E00205C5E0300C2
:103D5000012A70B5064609D0022A14460D461ED027
:103D60004AB14FF4F3613020FCF7ECFF07F034F870
:103D7000C6F8880370BD07F02FF822460146284692
:103D8000FFF7A0FC0F4995F81001324608F076FFC6
:103D90000028EFD140F281713020FCF7D3FFD0F83A
:103DA000881301222846FFF78DFC064995F810017B
:103DB000324608F063FF0028DCD140F292713020D7
:103DC000FCF7C0FFCD330000F8B5044651B101291E
:103DD00062D1002380F8183107F05AFBBDE8F840A3
:103DE0000AF0E8BCC58C002D4ED12046D4E94A76B5
:103DF00011F0E2F8401941F10001C01946EB01064B
:103E000002230022C4E95206A4F8423184F8382182
:103E10002046FEF7F7FDD4E9525694F85831A4F83D
:103E20004001C4E94A5603F0FF017BB9D4E95402CA
:103E30006FF000439A4208BFB0F1FF3F0FD194F8F2
:103E4000100104F59C710AF0D1FF50B30023A4F8CF
:103E5000323107F01DFBBDE8F8400AF0ABBC20464C
:103E600011F05FF8D4F85031D4F854215B1B00F105
:103E7000F70062EB06021B1A62F10002002ADEDA8A
:103E8000204604F037FFE1E702F0CAF9E58CB0FB09
:103E9000F5F303FB1505A8E74FF4F5613020FCF7B7
:103EA00051FF40F2FA613020FCF74CFF90F83001EE
:103EB000704700BF014B5882704700BF7C0E002046
:103EC00090F85030032B0ED0013B012B01D900207C
:103ED000704790F8510000F0FD00A0F10100B0FA29
:103EE00080F04009704790F85200A0F10100B0FA4C
:103EF00080F04009704700BF253270B592B2054688
:103F00000C461E460DF074FE45B1054A00231560AF
:103F100082F8484082F849601471536470BD00BF54
:103F20009C0E0020014B1870704700BF110000204C
:103F300090F87000003818BF012070472DE9F04755
:103F400082B006460C4615461F460CF0C9FD0028F7
:103F500000F09E804FF096094FF08C08002301A8D6
:103F6000019308F00FFC019B13F0030F18BFC84624
:103F700094F8C690002F40F0988094F81833032BE3
:103F800000F20181DFE803F043027602D4F81CA0BE
:103F9000554600F0CBF9002860D000200346D4F845
:103FA000F022AD18D4F8F42242F100022D1843EBB0
:103FB0000203C4E9BC53C6E904530025A6F80880EF
:103FC000357094F8C63003F0FD020C2A59D0262B28
:103FD00057D0204611F049FA002800F0C88094F824
:103FE0001833012BDAB216BF0223B272B372002368
:103FF000F37204F1440010F00BF8706027B1A9F1DE
:104000000E09B9F1010F55D802B0BDE8F087002DB7
:1040100000F0AF8094F87C205D4B94F87DA033F8DD
:104020001250012384F81833504608F089FA05F23B
:104030009D7558491AF00C0F0544A1FB053514BFB6
:104040002821002101EB951182312046002510F036
:1040500077F8AA4600F06AF900289ED1B4F9140353
:10406000022110F08AF8B4F814331B1AA4F81433A0
:10407000C31794E7D4F820A3032384F818335546D4
:1040800087E7204611F0F1F901250023B372AEE76E
:104090000CF082FC00280BBF4FF07E094FF08D0919
:1040A0004FF074084FF0830858E70121204606F0CE
:1040B00033FA62E7514630460FF081FA87B2204664
:1040C00011F0D3F98046B5B9874214D3B572D4F84C
:1040D000F0320AFB00F29B18D4F8F422336142F16B
:1040E00000027261BAF1000F48D0514630460FF01D
:1040F00066FA404487B23946204606F00DFA00F0D1
:1041000015F9E0B1D6E90430D4F88420C4E9BC3014
:10411000002A3FF479AFB4F8F620B4F8C0309B1A07
:104120001BB2002B7FF770AFB4F888100B44013B33
:10413000B3FBF1F313FB0123A4F8F63064E77F002F
:10414000B7F5803FB4BFB9B24FF6FF71B4F91403AD
:1041500010F013F8B4F814233369121AA4F81423D6
:104160007269C31842EBE07033617061CCE70546B9
:104170008BE740F23B213520FCF7E4FD40F2B5210E
:104180003520FCF7DFFD40F273213520FCF7DAFD26
:10419000DC5E0300D34D6210014B5870704700BFC6
:1041A000F40E002070B582B004460CF099FCC8B142
:1041B0004FF4E5754FF4E07601A80023019308F071
:1041C000E1FA019B13F0030F0CBF3146294620464C
:1041D0000FF0C9FFB0F5296F28BF4FF4296080B2F6
:1041E00002B070BD0CF0D8FB002840F2C11540F2BF
:1041F000B71604BF4FF4D9754FF4D476DCE700BF8F
:1042000070B5044686B0042900F28580DFE801F02D
:10421000670D03124900042384F8183307F038F9B6
:1042200006B0BDE870400AF0C5BA032380F8183321
:1042300006B070BDC269D0F84033C0F820239A425E
:1042400004D0283011F08FF9D4F84033D4F83C234F
:1042500094F87C0094F87D603149E263B4F8382327
:10426000A4F84020D4F84423E36131F8105062628E
:10427000304608F065F905F29D752A4916F00C0FD5
:104280000544A1FB053514BF2821002101EB951140
:10429000823120460FF054FF022384F8183306B011
:1042A00070BD90F87D6090F87C201D4B304633F84F
:1042B000125008F045F905F29D751A4916F00C0FD9
:1042C0000544A1FB053514BF2821002101EB951100
:1042D0008231204606B0BDE870400FF031BF124B6E
:1042E0001A7802F0FF03002A95D1014601226846A0
:1042F000FFF724FE94F8190369460AF077FD28B108
:10430000B4F8C0300133A4F8C03087E740F2E321AD
:104310003520FCF717FD40F23E313520FCF712FD49
:10432000DC5E0300D34D6210F40E0020014B1879BF
:10433000704700BFFC0E002008B523211A20FCF7AF
:1043400001FD00BF38B505460C4691F8FB3113B1AD
:1043500091F805328BB9002D50D02B7873B194F8B9
:10436000F0318BB304F1B00011F030F900230022DA
:10437000C4E968230023C4F8A83138BD94F8F231A9
:104380006BB9B4F8AC010221FDF79EF938B104F223
:10439000152100F5AE700DF00BFC00283ED0B4F8EE
:1043A000B0010921FDF7A6F9002844D16B6F002B5D
:1043B000E3D1B4F8AE010821FDF79CF90028DCD068
:1043C00060211A20FCF7BEFC94F8F23103F0FF01E3
:1043D0007BB9B4F8AC01FDF777F950B104F21521BF
:1043E00000F5AE700DF0E4FB18B92B211A20FCF794
:1043F000A9FC4FF6FF73A4F8AC31B3E794F8F2319F
:1044000073B9B4F8AC010221FDF75EF940B104F2D2
:10441000152100F5AE700DF0CBFB08B9FFF78CFF4E
:10442000B4F8B0010921FDF765F90028A5D04E21A7
:104430001A20FCF787FC53211A20FCF783FC00BFED
:1044400090F8F23123B9B0F8AC010221FDF73CB984
:104450000020704738B550B390F8C7302A2B044677
:104460001FD14AB92B2380F8C73094F90831002BAB
:10447000A8BF002017DB38BD1F230D4680F852214E
:1044800080F85331322380F8C7300029EDD0B1F8DD
:10449000AE010821FDF718F968B12946FFF752FF70
:1044A000E3E70C2038BDDA211A20FCF74BFCB321DE
:1044B0001A20FCF747FCD5211A20FCF743FC00BF6B
:1044C000FFF7C8BF014B1868704700BFA00000206D
:1044D00038B50D210546FDF7B9F8A0B1044641F203
:1044E000302200210CF0D4F941F201420123A4F85A
:1044F000A42084F8F230FFF7E5FFC4F81841C4F8AF
:104500002001258038BD3A215320FCF71BFC00BF59
:10451000F0B5070CA7F5AA42144B543A012A03EA56
:1045200090231FD927F4004042F6AA22801A18BF10
:1045300001200022162116461F2487EA060562EA9A
:104540000505013510D0DD03ADB245EA5606E50399
:10455000ADB2013945EA52024FEA53034FEA54041F
:10456000EBD1F0BD0020E4E70020FAE7E0FF3F00D8
:10457000F8B51E468B1F9BB240F67A45AB42074604
:104580001046BDF818203AD8841FA4B2AC428CBFA4
:10459000002401242546A7BB1C4B1B796BB15CB9D9
:1045A0006FF450654B19062B06D86FF45063C4188E
:1045B000062C8CBF002401242546F5B1814223D866
:1045C000B6F5FA7F20D2A2F10A039BB240F67641FB
:1045D0008B4219D80DF059FC013642F21073B6B275
:1045E0005A434643B2EB460F0ED9BDF81C50BDF8F6
:1045F000200085428CBF002501252846F8BD0024F7
:10460000C8E797F88130C9E70025F6E7D00F00200A
:10461000304BF0B5B0F87070B0F86E605D880C4645
:1046200011461A88974228BF1746964228BF164659
:104630001B2E85B02ED0B5F5A47F2DD040F64803B3
:104640009D4201AA28BF1D460DF048FCBDF80A3066
:104650009F4228BF1F46BDF80C30E780AB4228BF01
:104660002B462381BDF806309E4228BF1E46BDF86A
:10467000083066809D4228BF1D46A580FF23237019
:10468000E3881B3B9BB2E02B08D94FF4B76139207C
:10469000FCF758FB1B2FCED105B0F0BD63881B3B48
:1046A0009BB2E02B02D940F2BA51F0E72389A3F57F
:1046B000A4739BB240F64812934202D940F2BC5117
:1046C000E5E7A388A3F5A4739BB29342E4D940F233
:1046D000BE51DCE7D00F002010B503210020FCF70D
:1046E000F3FF044670B90321FCF7B0FF044620B97C
:1046F00040F21B313920FCF725FB034B93F92810BE
:1047000010F0C5FB204610BDD00F0020F7B5114BAF
:104710009C7EDD7E9F8B064614B900F081FD044629
:10472000A5B900F07DFD054614B9092003B0F0BD20
:104730000028FAD0304601A98DF804408DF80550C4
:10474000ADF806700EF092FF0020EFE7002CF1D1DB
:10475000EBE700BF3414002008B50EF055FE01F061
:1047600081F800F06BFD0FF0C1FB01F06DFA02F073
:1047700057FB01F09DFA012000F024FD0D4A0E497F
:104780000E48116000231B2153839180D38313842F
:1047900013760B4A8261838080F8293001F1A4717D
:1047A0000122837501600277BDE808401E3010F0D9
:1047B000E0BE00BF3414002003021B00D00F002015
:1047C000F9000007044B41F64C521B21C3E90222B9
:1047D00019745A61FFF7C0BF341400207FB5364DFD
:1047E000AB68044640F8443FFFF75AF9064600F02C
:1047F00011FDA4F84E60314E2B7C84F84C3010F043
:10480000200F33681DBFAA886988A4F86E101B2288
:1048100008BFA4F86E20A4F870205BB1012302A8A1
:104820008DF80830039410F081FE336894F98010FD
:1048300020889847224B1A79002A14BF01220022AF
:1048400003F1080384F881200FCB04F18C0686E87D
:104850000F0041F64C5318BF4FF47A73E3612046C2
:10486000FFF754FF064648B120880221FCF742FFBB
:10487000F0B140F27E513920FCF764FA04F12800CF
:1048800010F071FE6B7801932B7800936A88AB88E7
:1048900004F1180104F11400FCF788FF636913B9EF
:1048A00040F28F51E7E7A3691BB94FF4B261E2E729
:1048B0000926304604B070BD34140020A400002046
:1048C000D00F00202DE9F34105460E4610F024FBE1
:1048D000002800F0AE80284610F0ACFB30B1B6F8EE
:1048E0000130013B7F2B01D9122404E0284610F04F
:1048F000A5FB20B90C24204602B0BDE8F081284673
:10490000FFF7D4FA0028F5D1284610F0AAFA80461D
:104910000028EFD1284603F053FF0028E4D0B6F872
:104920000170F17842F2107328465F4310F06EFB7D
:1049300004213078FCF7C8FE062104463078FCF7E5
:10494000C3FE002C77D038B141F2F4713920FCF766
:10495000F9F990F8BD800446404E3368002B6CD0C6
:104960004034204610F0D0FD002866D0204610F0DC
:10497000BFFD002861D1B8F1000F08D0384B2046A8
:104980001B689847002858D041F60801DEE73549F2
:104990003368496942462046984700284DD041F681
:1049A0000D01D3E7284610F045FB40B902210DF177
:1049B0000600FCF713FE064658B90D249BE728466F
:1049C00010F04AFB0028F1D1274B1B79002BEDD1C9
:1049D0008AE7002101F03CF8BDF806303380284614
:1049E000314610F04EFB284610F036FBA0B92846A1
:1049F00010F03CFB01463046FFF7F0FE044600286D
:104A00007FF479AF3A4631462846FEF731FF044637
:104A100020B141F6390199E70121ECE7124B1B6BFC
:104A2000002B3FF468AF024606F5B1713046984757
:104A300061E742245FE700288BD1284610F0F2FAA4
:104A400001460028AED13A462846FEF711FF04463B
:104A500000283FF450AF41F6160177E7B000002080
:104A6000AC00002034140020D00F0020B0F900204A
:104A7000F8B514B292B202F5A0639BB2B3F5206F01
:104A800034D8B0F902301DB29BB203F5A06189B2EF
:104A9000B1F5206F2AD802F2F64189B240F2BE5039
:104AA000814225D803F2F64189B2814220D8002CF8
:104AB000C4BF093214B2002DC4BF09331DB20A208D
:104AC00094FBF0F401F0C8F867B206460A213846B4
:104AD00095FBF1F149B201F0B1F8074B1B684BB1FE
:104AE000A01B40B208B198470020F8BD3020FCE779
:104AF0001120FAE71846F8E7A8000020034B5A886F
:104B000002801B7883700020704700BF341400209F
:104B10007FB583781A2B064609D8042B05D90122C4
:104B200002FA03F3324A134205D1122519E0292B68
:104B300001D03B2BF9D13088B0F5706FF5D26946C2
:104B40000EF0B0FC80B968460DF097F9037803F0D9
:104B5000FF05B3B9B3784370FF23037068460FF0C5
:104B60009EF9284604B070BD30880921FCF7ACFDE1
:104B7000044600283AD0B0F8AC0102A90EF092FC2D
:104B800008B10C25EDE7B4F8AE010821FCF79CFD57
:104B9000024620B940F6D6013920FCF7D3F8037855
:104BA0001BB994F8C831032BEBD102A80DF065F9BD
:104BB00090F84A100029E4D194F8F01101F0FF05B3
:104BC0000029DED1B4F8B011A0F84C1094F8B4115B
:104BD00080F84E10127D80F84F20B27880F8502077
:104BE00084F8F021FF2280F84A20BAE70225B8E7CE
:104BF000200038040188A1F11B039BB2E02B0CD8E4
:104C00004288A2F5A4739BB244F24810834204D8B0
:104C1000034B002019805A8070471220704700BF54
:104C2000D00F0020034B1A885B880280438000204D
:104C3000704700BFD00F002038B5047842788578DF
:104C400004F0010352EA030104F0020401D111202F
:104C500038BDBCB9002DFAD0002B08BF144601E0C6
:104C60000024254620460DF03AFA0028EFD02846C9
:104C70000DF035FA0028EAD0054B00209C76DD7651
:104C80009883E5E7002BEBD114461D46EAE700BF09
:104C90003414002013B5008869460EF003FC18B1E7
:104CA0000224204602B010BD68460DF0E7FA002845
:104CB000F6D068460DF0E1F8827C03460AB13A244A
:104CC000EFE768460DF0D3F890F86C2002F0FF048F
:104CD000002AF4D190F86320920705D101229A743A
:104CE00068460FF0DCF8DCE70249022264300FF07E
:104CF00011F9D6E7254701002DE9FF410778EF2F8D
:104D000004460D4601D912259CE0B0F80130ADF8FB
:104D10000C309DF80C30D8066CD4990603F00302D1
:104D200065D5002AEFD11A0703D503F06703012BDD
:104D3000E9D163781E0711D42179E278E07942EA5B
:104D40000122617942EA0142A17941EA0021207AF7
:104D500041EA00418A42D6D81F2AD4D9627A013A60
:104D6000062AD0D8A27A032ACDD813F0040102D1A2
:104D7000023A012A03D8E27A012AC4D811B9A27CE6
:104D8000032AC0D813F01001227D43D0012ABAD1E2
:104D9000237E012BB7D800294CD06378D80703D5E0
:104DA00000F0D2F900284CD06378227D03F018017E
:104DB000082959D1022A44D11B0709D4E279A379E1
:104DC00043EA0223227A43EA0243B3F5804F38D8FC
:104DD0001FFA87F803214046FCF776FC06460028B8
:104DE00048D0FFF763F8002850D00C252AE0032AAA
:104DF00099D188E713F0600F85D103F00F0203F01B
:104E00000703052B95D0931E012B92D9002A7FF41E
:104E10007AAF8EE7022A04D103F06F03092B7FF4E7
:104E200072AFA37D013B022B3FF66DAFE37D0F2BED
:104E3000AED968E700F0F4F981070AD4237D022B8C
:104E400004D11125284604B0BDE8F081A37D022BD2
:104E5000F7D000F0E5F942079FD4237D032BF0D073
:104E6000A37D032B99D1ECE7022AA5D0A27E002ACC
:104E7000A2D0E6E703214046FCF7E8FB06460028FF
:104E800040D0214B93F9281010F001F8002138464A
:104E900010F01AFB18BB304610F0C1F821462870FC
:104EA000E074304603F0E4FC637E0546002BC9D075
:104EB0000028C7D1F16C02466846FCF757FDF06C3C
:104EC0002A4601210CF0F3FEF16C68460422FCF73F
:104ED0004DFDF06C2A4629460CF0E9FEB2E7403061
:104EE00010F012FB0028D6D0637813F0330F7FF454
:104EF0000AAF3046A77D10F0B9F80DF08AF8874266
:104F0000C9D072E707259DE7D00F002030B50279A0
:104F1000042A8BB0034658D84488B4F5804F54D83F
:104F20002B4810440021027AC578ADF8041042F0F5
:104F3000100242EA4502457B807C8DF80C1042EA63
:104F4000850242EAC00202F01F028DF80420BDF87B
:104F50000420ADF80D201A888DF80F208DF812402E
:104F6000120A240A8DF811108DF814108DF81020F3
:104F70008DF813405A7B8DF815205A798DF816203C
:104F80009A79D3F807008DF81720B3F80B209B7B94
:104F90008DF81E307F238DF81F30012306908DF889
:104FA0002110ADF81C208DF820308DF8223003A898
:104FB0008DF823108DF824108DF825108DF826100B
:104FC00001A9FFF799FE0BB030BD1220FBE700BF2F
:104FD000765F030013B50378044653B1002301A89C
:104FE000019307F0CFFB019B9B0702D00C2002B07E
:104FF00010BD024B22781A710020F8E7D00F002074
:105000000278034672B1427862B142881A2A09D9FD
:1050100082881A2A06D9044A006810609B88938007
:10502000002070471220704734140020024B0268A1
:105030009A600020704700BF341400200378A3F169
:105040000A02112A9DBF024A0020137412207047E1
:1050500034140020014B187600207047D00F002038
:10506000014B587600207047D00F002008B505206E
:1050700000F0B4F805F000FA014B024A1A6308BDCB
:10508000D00F00201146000008B503F04FFAFEF7DC
:10509000E1FBBDE80840014803F032BA04100020EB
:1050A00008B50EF0AFF9064800F58471FDF726F853
:1050B00002200CF056FDBDE8084000200CF051BD68
:1050C0000410002008B5074B012283F80A2203F0E0
:1050D00035FA04F003FBFFF7E3FFBDE8084000F0FA
:1050E00021BF00BF0410002010B5064C064904F58E
:1050F00003700DF0DDFF04F504700449BDE81040B5
:105100000DF0D6BF04100020B4000020BC00002029
:1051100010B5094C094904F503700DF0C9FF04F5F9
:10512000047007490DF0C4FF04F505700549BDE89A
:1051300010400DF0BDBF00BF04100020CC000020C7
:10514000D4000020C4000020014B93F80A027047ED
:105150000410002038B5094C0D4600F0DBFED4F8F1
:105160000C02C4F804510DF09BFFFFF72BFB01F07C
:1051700087F8012384F8183238BD00BF04100020DE
:10518000014B93F8180270470410002010B50C4C26
:10519000D4F810020DF084FFD4F814020DF080FF53
:1051A000FFF7DAFA202000F027F82F2000F024F88B
:1051B000262000F021F8002384F8183210BD00BF2B
:1051C00004100020014B83F81902704704100020DE
:1051D000014B93F81902704704100020C2080549DA
:1051E000012300F0070003FA00F08B5C1843885499
:1051F000704700BF18000020C208054900F00700F2
:1052000001238340885C20EA03008854704700BF74
:1052100018000020014BD3E900017047180000205E
:10522000054B1868C0F3C022C0F30020400040EADC
:10523000820040F0010070471800002008B507F018
:10524000A9FD084A002332F82310814205D302EB5E
:1052500083039B78044A137008BD01330C2BF2D1F1
:105260000023F7E7CC5F03001E120020024B1878E2
:1052700000F00700704700BF1E12002010B5446800
:105280002388A4F80E3284F80D1294F87C000CF0F8
:10529000D1FE84F8100294F87D000CF0CBFE064994
:1052A00084F81102022204F501700EF033FE00238F
:1052B00084F86C3110BD00BF3D31010040680649E3
:1052C0000388A0F80032B0F87430A0F8023200F27F
:1052D000F7100EF019BE00BF533101002DE9F7435E
:1052E000456895F8C73095F8C680242B04460F46CC
:1052F0002CD1C73538460EF0B1FD00284DD03846C8
:105300000EF0A4FD814638460EF0A4FD01460DF0D6
:1053100075FF666848B396F87C30984225D096F8B9
:105320006C21012A0CBF96F86E2196F87820114264
:1053300033D0B8F1220F18D096F87520114214D14D
:1053400053B940F26D110620FBF7FCFCB8F1220FB7
:1053500040F0C480C635CDE7042B01D0042832D1FB
:10536000984294BF00200120B8B948460DF046FF8E
:1053700000284BD096F87D30834247D096F86C31A8
:10538000012B0CBF96F86F3196F8793019EA030FAC
:1053900014BF01230023002B38D1636893F86C21DC
:1053A000012A19D11E212046FFF768FFB8F1220F0C
:1053B00020D1FA786368182A83F8512110D040F27E
:1053C0006D217E20C0E7082BCAD00828C8D098429B
:1053D0002CBF00200120C7E7002283F86C21E5E7FD
:1053E0000A2283F8C62093F80431002B3CD140F206
:1053F0007521E6E7002320462B700EF0ECFE3946BF
:10540000204603B0BDE8F0430EF009BF304601AAC4
:1054100039460DF000FF666880BB96F86C31012BB1
:1054200029D1B6F8C03096F87C10B6F8700106F5B0
:1054300073720DF057FF0646C0B901462046FFF7CC
:105440001DFF2E70636803F1C702954202D100224E
:1054500083F8C720636803F1C70295424FF0000547
:1054600039D120460EF0B7FE002038E063682822CC
:1054700083F8C620E6E786F86C01E3E738460EF0CD
:10548000EBFCA6F8CC036068B0F8CC33B0F8C020D1
:10549000013B9B1A9BB247F6FD72934207D9282322
:1054A00080F8E9300F49E0300EF02EFDD2E790F899
:1054B000C7300E2B02D00B3B012B01D82A23EFE77C
:1054C0009DF8043080F8CE339DF8053080F8CF3356
:1054D00026232B70BEE783F80451C5E7022003B0F2
:1054E000BDE8F083C9670000044B002283F8322036
:1054F0004FF6FF729A86DA861A87704720120020CC
:10550000054B9A8E824201BF002283F832204FF66B
:10551000FF729A86704700BF20120020014BD88688
:10552000704700BF20120020094A0346908E4FF6B4
:10553000FF71884206D192F83210012905D01A6015
:10554000012070470020186070470020704700BF9E
:1055500020120020064B93F83220012A1FBF0120A1
:10556000DA8E83F832009A8608BF0020704700BFA9
:1055700020120020014B1887704700BF2012002026
:10558000064B0246198F988E884205D193F8320057
:1055900018B11360012070470020704720120020CE
:1055A000094B998E1A8F914201D0002070474FF617
:1055B000FF729A8693F83220002AF6D0002283F8F0
:1055C00032200120704700BF20120020054B998E29
:1055D0001A8F914203BF93F83200B0FA80F040096D
:1055E000012070472012002050B90A4A13460120BA
:1055F00003F8010B0868C2F801008A889A80704796
:10560000012805D1034B0A689A608A88D8719A816B
:10561000704700BF5A12002048B90A4B187880B171
:10562000D3F80120B3F805300A608B807047012859
:1056300006D1044BD87920B19A680A609B89F4E7B7
:10564000002070475A12002020B9054B187800F04E
:105650000100704701280ABF014B0020D879F6E706
:105660005A120020F7B500228B888DF80600ADF89D
:10567000043008680C4B8DF80720019D1C7801460A
:1056800003F5AC73D0B2844201D8082009E0D3E915
:105690000076AE4208BF8F4203F1080302F1010217
:1056A000F0D103B0F0BD00BF6812002030B5094B47
:1056B00001465C78002203F58173D0B2844201D8A0
:1056C000082005E013F8015B8D4202F10102F4D1DC
:1056D00030BD00BF68120020F0B5254D95F8984107
:1056E00089B0224605F2991168460BF059F8214617
:1056F00068460DF0A8FE0446B8B300EB4001C9B2FD
:1057000002A8FBF747FD601E95F8A161C0B2012415
:1057100095F8982105E0731CB3FBF2F102FB1133FD
:10572000DEB206F120030DEB030111F8203C002B43
:10573000F1D100EB400220326A4406EB46032B44D1
:1057400012F8187C83F8A27112F8177C12F8162C44
:1057500083F8A37183F8A42101F8204C0138AB1918
:10576000C0B2FF2883F89941D2D109B0F0BD00BF83
:105770006812002070B5064688B00C46002A4FD04B
:105780002A4A92F8A131D01890F8991121B94FF412
:1057900080712820FBF7D6FA03EB43011144013353
:1057A00091F8A251E57091F8A35191F8A41161719B
:1057B0000021257180F8991192F89811B3FBF1F04E
:1057C00001FB103382F8A13192F8C23123B9184994
:1057D00002F5DD700EF09BFB657905F03F0545F0A5
:1057E000400565710D22002168460BF051F8E37801
:1057F0008DF80F3023798DF80E3004AA0423694602
:1058000030468DF80D500AF035FD9DF81F3023709D
:105810009DF81E3063709DF81D30A37008B070BDF8
:1058200003216018FBF7B6FCD6E700BF6812002022
:10583000D9560000044B5A78824286BF1B1893F851
:105840004A010020704700BF68120020044B5A78BC
:10585000824286BF1B1893F842010020704700BFA8
:1058600068120020064B00224FF461711A8083F801
:10587000C32183F8C421A3F8C61183F8C22170475D
:1058800068120020014B83F8C401704768120020A1
:10589000014BB3F8C60170476812002030B50A4BBF
:1058A0005C7884420ED9184490F802012B3003EB47
:1058B000C004A5790D7053F830001060A388938060
:1058C000012030BD0020FCE7681200200246074896
:1058D00010B590F8C34124B1417821B1023004F0F1
:1058E00091FE204610BD0C46FBE700BF6812002069
:1058F0002DE9F74F2F4C9A466378834280468946BC
:1059000056D9231893F8425185F00105F9B193F85F
:105910004A31E3B945F002070135BAF1000F18D159
:10592000FA070AD5062101FB084104EB081052468C
:1059300001F585718230FFF71DFFBB0734D504EBFD
:105940000810524649460230FFF714FF2CE02F465C
:10595000E3E794F8A1614FF0010B002DE0D0A3190B
:10596000019393F8991199B90092DAB100F058FCBB
:1059700006EB46012144019B81F8A2014FEA102C5D
:10598000009A81F8A3C1000C81F8A40183F899B1B1
:1059900094F898310136B6FBF3F103FB1166F6B2C9
:1059A000013DDAE747F00407384603B0BDE8F08F61
:1059B0000027F9E768120020074B5A78824209D97C
:1059C0001A1892F842212AB9062202FB003000F58B
:1059D000857070470020704768120020064B5A7887
:1059E000824281BF1B1893F83A01B0FA80F0400957
:1059F00098BF0020704700BF6812002030B5002417
:105A0000A0F85240B0F8564042F210754C43B4FB37
:105A1000F2F4A0F85640541E05FB0343B3FBF2F327
:105A2000A0F85430094BB3FBF2F30133A0F85A301D
:105A3000B0F84C3005FB0344436CB4FBF2F459431B
:105A40008464B1FBF2F2426430BD00BF005A6202CE
:105A500070B504460D4659BB4FF480620AF018FF3A
:105A6000012384F8CE30492384F81B31042384F8C1
:105A70001C316FF03B0384F81D316F2384F81E3115
:105A80006FF03F0384F81F312B2384F81A31FE2373
:105A900084F856317F2384F8C5301E4BC4F8B030EB
:105AA000202384F8205184F8215184F8843370BD78
:105AB000012922D10023C269A0F80E3380F80333F4
:105AC000154B1344B3FBF2F3C0F8F03040F6B83393
:105AD000A0F8F4301146C38CA830FFF78FFF10F008
:105AE000FCF830B1206AFEF713FD10B984F8F052CB
:105AF000DDE7002384F8F032D9E70229D7D1B0F8E6
:105B0000DA33D0F8D423C169BDE87040A830FFF77C
:105B100075BF00BF00E0FCFF7FC3C90170B504463C
:105B20000D4659BB4FF462720AF0B2FE012384F8AD
:105B3000CE30492384F81B31042384F81C316FF0E4
:105B40003B0384F81D316F2384F81E316FF03F034F
:105B500084F81F312B2384F81A31FE2384F8563140
:105B60007F2384F8C530144BC4F8B030202384F868
:105B7000205184F8215184F8193370BD012912D1C4
:105B8000C2690E4B1344B3FBF2F3C0F8F03040F699
:105B9000B833A0F8F430C38C114604F1A800BDE876
:105BA0007040FFF72BBF0229E7D1B0F84633D0F899
:105BB0004023C169F1E700BF00E0FCFF7FC3C901DA
:105BC000034B80F880101B680BB1008818477047A2
:105BD000DC000020074B93F900301844142804DC43
:105BE00010F17F0F03DB40B27047142070476FF055
:105BF0007E0070473014002007B57F230DF10700A9
:105C00008DF8073006F080F89DF9073068B10A4A30
:105C10005078404243FA80F0142808DC10F17F0FDE
:105C200007DB40B203B05DF804FB1846FAE7142026
:105C3000F8E76FF07E00F5E730140020014B187094
:105C40005970704730140020024B00221A705A70AD
:105C5000704700BF30140020014B93F900007047DB
:105C600030140020014B93F90100704730140020DC
:105C7000054B1B7833B9054B1A681B790260037119
:105C800001207047002070473214002020000020BF
:105C9000054BFF221A70054A0168116001791171E4
:105CA00000221A70704700BF32140020200000202C
:105CB00007B5064B186800901B798DF804306846CC
:105CC000FFF7E6FF03B05DF804FB00BFD9C2030095
:105CD0000346407848B1DB783A2B05D8034AD35CB9
:105CE0001B1A58425841704701207047FC5F03005F
:105CF0003A2908B5C17003D8064B5B5C437008BDF8
:105D0000FF2904D04FF489612A20FBF71BF80123F7
:105D1000F4E700BFFC5F03002DE9F04385B089463E
:105D200002A9144698460DF0BDFB0546002840D157
:105D3000039E34B9012486F8CD40204605B0BDE865
:105D4000F0837769214638460BF00EFD014690B38B
:105D50001B4B5B88A34230D301AA38460BF059FE97
:105D6000019B1D809D7096F8CD300198002B0CBFD3
:105D7000494602210DF07EFF01982246414603303C
:105D80000AF00EFD214638460BF023FD044618B9F3
:105D90007B212B20FAF7D6FF9DF808302BB102A803
:105DA0000EF07DF8039BA3F8FA52002386F8CD305D
:105DB000C3E70124C1E70446BFE72C46BDE700BFA7
:105DC00034140020024B987FC04300F0010070475C
:105DD00034140020034B987F80F00200C0F3400091
:105DE000704700BF3414002010B5094C1422002164
:105DF00020460AF04DFD1222002104F114000AF0A1
:105E000047FD01232373231DC4E9003310BD00BFE8
:105E1000581400207FB505460C4619B9F121102011
:105E2000FAF790FF03888B8000234B728669304617
:105E30000BF0E1FD014608B9FA21F0E701AA30466E
:105E40000BF0E7FDE08008B9FF21E8E7FB2802D965
:105E500040F20111E3E701980DF014FF012801D091
:105E6000022805D12072206828B94FF48C71D6E73A
:105E700040F21111D3E70199E28803310AF090FC56
:105E800030460BF0CEFD10B940F21D11C7E70021DE
:105E900030460BF002FD10B94FF49171BFE70B4B88
:105EA000DA7F82B11A8C2888013A02A91A840DF08F
:105EB000F9FA10B140F22B11B1E7039AB2F8DE30D3
:105EC0000133A2F8DE3004B070BD00BF34140020EE
:105ED00010B520B940F21B211020FAF733FF4160C2
:105EE0000272EFF3108472B6094B1A1D02605968F2
:105EF00019B1097A012908BF1A601A681060186080
:105F000004B962B6BDE8104093F826000AF0DEBA84
:105F100058140020024B83F82600FFF765BF00BF2E
:105F200058140020014B024A1A607047E00000201C
:105F3000155E00002DE9F341584D594F06466B6838
:105F40001B7A0C2B07D1FB7F2BB13B8C1BB900209C
:105F500002B0BDE8F0812B69BBB11B7AABB12C69F3
:105F6000002CF4D094F808805FFA88F80523237297
:105F7000A8F102030A2B00F28280DFE803F0172366
:105F80003880505F5050505073006C68237A012B5A
:105F9000DDD0EFF3108372B66A6812686A6003B9E5
:105FA00062B6237A002BD6D02C61DBE7636823B975
:105FB00040F2A1111020FAF7C5FE3146204698475D
:105FC00004201CE0636813B94FF4D571F2E7314641
:105FD000204698470346C3F30723012BADF804007E
:105FE000C0B24FD0022B0AD100232B614CE0636872
:105FF00013B94FF4DA71DDE7204698470020EFF33C
:10600000108372B6227A052AD1B201D000293FD17D
:10601000002222722A61002B36D162B634E0214B75
:106020001B68002BEAD06068424631469847B8F1B9
:106030000A0FC5D100232B61042089E763680BB9DF
:10604000C621B7E70D2232701988A6F80310012285
:1060500000245869B2707271B47121460BF01DFCB6
:106060002C61E9E7606810B940F2DF11A2E70E4B3E
:1060700031461B68984700232B61022068E74FF4E4
:10608000F47197E70323237200283FF458AF5FE7CA
:10609000002B7FF454AF62B651E700BF58140020C4
:1060A00034140020E4000020E00000200448037FB6
:1060B00023B90449022214300DF01ABF704700BF03
:1060C00058140020E33E01001B234FF01B12838471
:1060D000038482618382C260038541B94FF4A47353
:1060E000094AC3844384C261C382026170474FF48A
:1060F0002963C38443844FF4A47203F12963C36109
:10610000C2820361704700BF480148010346F0B5F1
:10611000B3F86820B3F86A6093F87D40B3F852C0D2
:10612000B3F856500846B3F85C108A4228BF0A46B6
:10613000B3F86010A3F85220B14204F00C0428BF59
:106140003146002CB3F8584007BFB3F85A700E46DA
:106150004FF429674FF42966944238BF1446B94278
:1061600038BF39469445A3F85660A3F85840A3F8C1
:106170005A1033D1AD1B18BF0125B3F86410B3F822
:106180005E40B3F850C0B3F854708C4228BF0C4640
:1061900093F87C1011F00C0F22D1B3F86210B3F811
:1061A00066E0714528BF7146A445A3F85040A3F8A6
:1061B000541002D18F4200D1ADB11B88A0F8093034
:1061C000A0F80B40A0F80D10A0F80F20A0F8116067
:1061D0000549BDE8F04002220DF09CBE0125CCE748
:1061E0004FF42961E0E7F0BD273F01000B8BA2F8D7
:1061F0000B304B8BA2F80D308B8BA2F80F30CB8B72
:10620000A2F809000249A2F8113010460DF07CBE38
:10621000753F0100014B1878704700BF7F140020C4
:10622000094AD2E90003434083EAB01181EA4321DD
:106230004FEAF3435360054B116058434FEAF06057
:1062400000EB8000704700BF80140020BB79379EB0
:10625000094AD2E90203434083EAB01181EA4321AB
:106260004FEAF343D360054B916058434FEAF06027
:1062700000EB8000704700BF80140020BB79379E80
:1062800038B50A4C04F1080508212846FAF782FFC0
:10629000D4E902231343F7D0FFF7DAFF2060FFF7BA
:1062A000D7FF236860600343F6D038BD8014002018
:1062B000174B184A9A60184A5A60184A1A60184AC6
:1062C0009A62184ADA62184ADA60184A9A61184AD9
:1062D0001A63184A1A62184ADA64184A9A64184A01
:1062E0005A62184B184A9A60184A5A62184ADA6277
:1062F000184A1A61184A5A61184A9A61184A1A6368
:10630000184A9A64184ADA64184A9A63704700BFB8
:10631000E8000020774201007D680000E968000085
:10632000534401003F450100AF44010055450100C1
:106330001D6C0000796A0000634601008B46010075
:10634000016B0000D4010020A342010001460100BE
:1063500077450100DD6900009B450100156A0000DA
:1063600045470100F5460100D9460100DB45010023
:10637000044B054A5A65054B054A1A65054A5A6594
:10638000704700BFE800002011430100D401002045
:10639000EB420100A1430100054B064A9A65064AFB
:1063A0001A66064B064A9A65064ADA65704700BFC8
:1063B000E80000201D330100DD520000D401002060
:1063C000D7310100C5330100392A73B505460C46A3
:1063D0003DD8392A3ED8DFE812F0420083008D0014
:1063E0009900B10097009700C000C200C800970054
:1063F0009700CD00D800C2003D003D00DC009700B2
:106400009700F800F800FF00060112013D003D0072
:1064100031014E0157015D0163016E01700172018E
:1064200074017F018701B401B6013D003D008F0179
:106430003D003D00AC019A01A401A601A801AE01F6
:10644000B201B0013D0097003D003D00AA01FF2AC6
:1064500000F07B8140F2D6315120FAF773FC41689D
:10646000D1F84033B1F8382341F64B50834294BF02
:10647000642040F2E240B2FBF0F241F64B50D2B25F
:1064800083422271D1F83C2394BF642040F2E24061
:10649000B2FBF0F292B26271120AA3F57A70A271A5
:1064A00041F2707290429DBF4FF47A72B3FBF2F3E7
:1064B00003F5506340F2E24288BFB3FBF2F39BB2B4
:1064C000E3711B0A2372B1F8443363721B0AA3728F
:1064D000B1F84613204602B0BDE870400DF0F6BB9F
:1064E0004368D3F828132046013102B0BDE870405C
:1064F0000DF020BC02784368012A02D193F858318C
:1065000001E093F86131237102B070BD4568204607
:1065100005F55B710DF01DFC05F55D7120460DF074
:1065200022FC05F5537120460DF023FC05F5A471FE
:10653000204602B0BDE870400DF029BC41682046FD
:1065400001F546710DF02BFC6968204601F5487194
:1065500002B0BDE870400DF024BC4368CEE70846A9
:1065600002B0BDE8704000F02BBB02B0BDE8704047
:1065700000F038BB0D230B7159234B7100238B7135
:10658000F323CB7111230B72BEE7436893F85231AA
:10659000B9E7037846687BB996F8583163B196F845
:1065A000551120460DF069FC96F85411204602B0B2
:1065B000BDE870400DF065BC96F853112046A83632
:1065C0000DF05BFC96F8AA10F0E70146204602B0F9
:1065D000BDE870400DF037BE436893F86E2122711C
:1065E00093F86F3109E0436893F86C21012AF4D0E5
:1065F00093F878200A7193F87930637184E74568DD
:1066000095F833030CF081FE014620460DF020FC86
:1066100095F8320310F00C0F07D095F87C3013F08A
:106620000C0F02D0984218BF00200CF06EFE0146FD
:10663000204602B0BDE870400DF006BC456800235E
:10664000204601218DF804300DF020FB2A7C6B7C64
:10665000032A08BF002203F01F0343EA82139DF8B8
:10666000042002F02002134301A920468DF80430D3
:106670000DF015FB48E74168204601F2791102B0A0
:10668000BDE870400DF0BDBB084602B0BDE87040EB
:106690000EF059BF084602B0BDE870400EF05BBF77
:1066A0002F4B1B68002B3FF42FAF2946204602B02A
:1066B000BDE8704018472B4BF3E72B4BF1E72B4B12
:1066C000EFE72B4B1B68002B3FF41EAF0246232045
:1066D00002B0BDE870401847254B1B68002B3FF403
:1066E00013AF02462420F3E7214B1B68002B3FF435
:1066F0000BAF02462520EBE74168204601F29B12D2
:1067000001F2791102B0BDE870400DF086BB194B63
:106710001B68002B3FF4F8AE204602B0BDE8704085
:106720001847154BF4E7154BBBE7154BB9E7154B6D
:10673000B7E7154BB5E7154BB3E7154BB1E7154B6D
:10674000AFE7154BADE7154BABE7436893F8C723AD
:10675000D3F8C813204602B0BDE870400DF0A2BACD
:10676000C4020020C8020020C0020020CC02002089
:10677000F4020020F8020020FC020020D0020020D9
:10678000D4020020E4020020E8020020DC02002005
:10679000D8020020E0020020F0020020EC020020DD
:1067A0003A289ABF024B53F820000020704700BFE0
:1067B000E80000203A289ABF024B53F8200000203E
:1067C000704700BFD401002030F8023CF7B5044602
:1067D0000E467BB100238DF804308DF805309DF80E
:1067E0000430002063F307009DF8053063F30F20A9
:1067F00003B0F0BD1E4B30F8E05C1B680BB13838BD
:1068000098471C4B1B680BB128469847FEF702FDC2
:106810004B0408D50D212846FAF76CFF18B17921F1
:106820006320FAF78FFA0A2300273370B770A6F8AF
:106830000350637A54F8C80C73710BF04AF808B926
:106840008321EDE72846FEF75BFE39462846FAF736
:1068500051FF02212846FAF74DFF18B9064B1B6875
:1068600003B1984704238DF804300023B5E700BF37
:1068700000030020080300200403002070B5044634
:1068800040680D4690F8C72001230021A8300CF085
:1068900037FE20B3284666680DF056FAA6F8CC03FA
:1068A0006068B0F8CC33B0F8C020013B9B1A9BB2B3
:1068B00047F6FD72934208D9282380F8E930094948
:1068C000E0300DF021FB002070BD00F2CE312846F3
:1068D0000DF035FA63680B2283F8C720F3E7012037
:1068E000F2E700BFC967000070B5054640680C4676
:1068F00090F8C72001230021A8300CF001FE0028E9
:1069000067D06B68204693F881100DF0E6F928B93E
:1069100021462846BDE870400DF081BC6868B4F897
:106920000D30B0F8C020A0F8CC33D24313449BB252
:1069300047F6FD72934208D9282380F8E9302649AA
:10694000E0300DF0E1FA002070BD20460DF0B8F9FE
:106950006FF45063C3189BB2062B6E6896BF4FF45A
:106960007A7340F2E243A0F550605843C6F8D4036E
:10697000237941F64B52904285BFC3EB431203EBA0
:10698000820303EB830303EB830395BF03EB8303D2
:106990005B009B009BB241F64B52A6F8CE3390426F
:1069A000B4F8053094BF642240F2E2425343C6F883
:1069B000D03320460DF087F9A6F8D80320466E683C
:1069C0000DF088F96B68A6F8DA030E2283F8C72069
:1069D000B9E70120B8E700BFC967000008B5406803
:1069E00090F8C730162B04D04FF492711F20FAF79D
:1069F000A9F9012380F80931172380F8C730BDE8D1
:106A000008400349022200F577700DF071BA00BF0B
:106A10000344010038B5436893F8C7201D2A044693
:106A200004D040F271111F20FAF78CF993F80A1183
:106A30001D88002283F8092103F5347071B10C49D7
:106A400083F80A2183F8D922A3F8DA5202220DF042
:106A50004FFA6368002283F8C72038BD012283F80B
:106A6000D91283F8DC220349A3F8DA520222EEE7B6
:106A7000EF430100D743010070B5446805780E4626
:106A800004F1A8005DBB94F8C7202B4629460CF002
:106A900037FD40B37168B368184A23F41E530A40A7
:106AA000C4F81A2123F01003C2F3076242F008026F
:106AB0001B041B0C84F81D210022C4F81E31A4F80D
:106AC00006219DB194F80831013384F80831D4F8D7
:106AD000B83043F00103C4F8B830154604E0D4F8E8
:106AE000B830DB07D6D50125284670BD012384F8D0
:106AF0000831042384F8C730F6E700BF2F4904F7B4
:106B0000F8B54468077894F8C62006460D463B461B
:106B1000072104F1A8000CF0F3FCA0B3AB6869688E
:106B20001B4A23F41E5323F010030A401B041B0CC2
:106B3000C4F81A21C2F30762C4F81E3142F00802F9
:106B4000002384F81D2184F8043184F8C63017B975
:106B5000736883F8737194F81A3203F0FF06A3B9CF
:106B60002388A4F81C3284F81B626B68C4F81E32B8
:106B7000AB680849C4F82232022204F212200DF058
:106B8000B7F93046F8BD0126FBE70026F9E700BF5C
:106B90002F4904F7B9450100406890F81A325BB9F3
:106BA0000388A0F81C321A2380F81B320349022202
:106BB00000F212200DF09CB9704700BFB9450100EA
:106BC00010B50446FEF726FB21F41E51044B21F0BC
:106BD000100109040340090C6360A16010BD00BFEF
:106BE0002F4904F737B50C464568FEF713FB0A4BEF
:106BF00095F81A2121F41E5121F0100103400904D7
:106C00000093090C13408DF8003001916B4603CBC3
:106C10006060A16003B030BD2F4904F7F8B5446847
:106C2000057894F8C62004F1A8070E462B460821E3
:106C300038460CF065FC90B394F80B3198071DD4DE
:106C400030460DF0B1F884F81501B6F80530A4F817
:106C50001631B6F80730A4F8183194F80B3143F028
:106C6000020284F80B21DA0702D494F872312BB1B6
:106C70002549022204F586700DF04CF994F80B3189
:106C8000DB0724D46DBB94F8C7202B462946384631
:106C90000CF036FCA0B94F214020FAF753F855B953
:106CA00094F8C7202B46294638460CF029FC0028CA
:106CB000C2D10120F8BDD4F8B8309907BCD5F8E7A7
:106CC000012384F8C73084F80831A4F8065194F8F9
:106CD000C6300020012B04BF84F8C60084F80401EC
:106CE000E8E7D4F8B83013F0020201D05621D3E718
:106CF00043F00203C4F8B83094F80831A4F8062130
:106D0000013384F80831E2E725470100044B9B6812
:106D10005843C3F580534B4303EB2030704700BF0B
:106D20009014002070B54568044604F049F885F8D1
:106D3000B700FEF761FF7F28014685F8C5000ED039
:106D4000D5F8B000FFF7E2FF054BC5F8B0001B7B9C
:106D50002BB1044B20461B68BDE87040184770BD3E
:106D60009014002010030020014B1B68184700BF3F
:106D70000C030020F0B5204E054630780024147036
:106D800080B1431E7768DBB2181B01280BDC07EBD0
:106D9000C40057F834604068884208BFAE4212D140
:106DA00014700120F0BD1819461007EBC60E57F8F5
:106DB00036C0DEF80460AC45C0F347008E412CBFFE
:106DC00003460446E0E7B54271EB000002D21470BE
:106DD0000020E7E707EBC30057F8334040688842DC
:106DE00008BFAC4201D11370DBE7A542814128BF47
:106DF00001331370ECE700BFA014002010F007026D
:106E000008B503D063214820F9F79CFF18B1034B64
:106E1000197258601A70C80008BD00BFA014002085
:106E2000014B00221A707047A0140020014B187A01
:106E3000704700BFA01400202DE9D3430DF0C0FC23
:106E40000DF1070207460E46FFF794FF98B9114C63
:106E50002278237A93420ED0616813466FF0604E19
:106E60009DF80700984209D301EBC003C3E90076FF
:106E700001322270012002B0BDE8D08303EB0E0086
:106E800001EBC000D0E90089013BC0E90289DBB217
:106E9000E6E700BFA014002037B50DF091FC0DF11E
:106EA0000702FFF767FF0446A0B10C4A9DF80700F0
:106EB00013785568013BDBB213701A1AD2B2411C29
:106EC000D200834238BF002205EBC10105EBC000B0
:106ED00009F020FC204603B030BD00BFA014002004
:106EE0001A4B33F8113030B5082900F1FF3403F2A2
:106EF000E7334FF47A724FEAC414B3FBF2F317D0BE
:106F0000042919D002290CBF182528250022082998
:106F10002A4415D0042916D0022915BF08250425B6
:106F20001921122105FB0122234400FB023030BD50
:106F30004FF4A8754022EAE74FF4A8752E22E6E741
:106F400040251421EEE71025FBE700BF3860030061
:106F500010B5244B1A68D2F80F300362537D117DAF
:106F60001B0443EA0123D17C0B438363B2F819105D
:106F70006FF45063CB18062B96BF4FF47A7340F230
:106F8000E243A1F550615943C161937D41F64B54F1
:106F9000A14285BFC3EB431403EB840303EB8303DC
:106FA00003EB830395BF03EB83035B009B009BB262
:106FB000A0F8403041F64B54B2F81730A14294BFCC
:106FC000642140F2E2414B43C363B2F81B30838437
:106FD000B2F81D30C38492F8243003F01F0380F808
:106FE000DA3010BDAC140020082937B51FD00429B1
:106FF00021D002290CBF18252825002408292C445B
:1070000003F105031BD004291BD002290CBF042166
:10701000082101FB0344437990F84410013B072BFE
:107020001DD8DFE803F021101C231C1C1C234FF487
:10703000A8754024E2E74FF4A8752E24DEE740212E
:10704000E7E71021E5E70125D301CA3304FB02324B
:10705000124B9A420CD94FF4F3612D2002E04FF409
:107060003A710620F9F76EFE0025EDE70225EBE701
:107070001E23B2FBF3F201F03F0343F04003002074
:10708000C2F3072163F30700D2B262F30F2041EA93
:10709000451363F3174003B030BD00BFC3BF030007
:1070A00038B5074D044600F1690128680CF003FC6F
:1070B00094F868102868BDE838400CF00ABC00BF9E
:1070C000AC14002038B5084D044600F169010623D0
:1070D000286800220CF016FD94F868102868BDE8B6
:1070E00038400CF0F6BB00BFAC140020094BDA6846
:1070F000B0F848301A44B0F8483110B51A44044684
:1071000000F1690192B236300CF038FB84F844008B
:1071100010BD00BFAC14002007B50CF0DDFA8DF8EF
:10712000070005480123006806220DF107010CF055
:10713000E9FC03B05DF804FBAC14002008B5044B77
:10714000986910B140300EF0D3F900F0010008BD8D
:10715000AC14002008B5044BD86910B140300EF0D3
:10716000C7F900F0010008BDAC14002070B504465A
:107170000D46CE30194616460CF0E8FA0E4B1B6849
:1071800093F8243084F87C505B0984F8F13284F859
:107190007D50FF2384F87E3015F00C0F04F144007D
:1071A00014BF01210021FEF78FFF31462046BDE8C4
:1071B0007040FEF705BD00BFAC140020F8B50446D2
:1071C0000E466588C07F15F00401134618BF04F110
:1071D00077013246FEF78CFBC20705460BD501232B
:1071E00084F86830E07FFEF7E7FB0368C4F8693095
:1071F0008388A4F86D30AB070CD5094E01273068A1
:1072000084F8767004F177010CF05CFB3068394645
:107210000CF068FB85F00400C0F38000F8BD00BFEF
:10722000AC14002010B50446084694F8D83073BB5F
:10723000237884F8D930082904F1DB0217D004F14F
:10724000DA01FEF72BFB20B940F6BF712D20F9F7CC
:1072500079FD94F8DA3043F0020384F8DA3004F16F
:10726000D0000B49BDE8104002220CF041BE094B92
:107270001868034613F8031BC1F3801184F8DA1071
:10728000D0F80310C4F8DB109B889380E7E710BDAB
:1072900003480100AC14002070B504460E461546A4
:1072A000FDF796FFA0B9237884F8C030637CA4F87A
:1072B000C16084F8BF500BB194F8483084F8C330F3
:1072C00004F1B6000349BDE8704002220CF010BE84
:1072D00070BD00BFEB4D010010B5104904460222FD
:1072E0008C300CF005FE0E49022204F1C4000CF0B3
:1072F000FFFD94F89520B4F896102046FFF7CCFFD8
:10730000084B00221A71084B1B682BB1206A2146DA
:107310000222BDE81040184710BD00BFB54C010067
:10732000ED470100AC1400201C03002038B5B0F874
:1073300048301A4D0133A0F84830AB7C04462BB1DD
:1073400004F0D4FC03F094F90023AB7400232B71F8
:1073500094F889302BB101212046BDE83840FCF774
:1073600033BD637CBBB1B4F848209A4213D30121EA
:107370002046FCF729FD6388DB0748BF236A2046C7
:1073800044BF19884322BDE838405CBF43224FF612
:10739000FF71FFF781BF0021DEE700BFAC140020C2
:1073A00038B50F4D2B79012B044602D02B79022BD7
:1073B00005D1AB7C1BB104F099FC03F059F909F03D
:1073C0005FFB95F8283023B92046FFF7AFFF002078
:1073D00038BD2046FCF736FB0028F9D1F4E700BFA2
:1073E000AC14002018B1084BD86AFFF79FBF51B109
:1073F000054A1379116BD06A096903F18043033B95
:1074000051F8233018477047AC1400202DE9F043A1
:10741000032985B0054690467ED090F8883003F069
:10742000FF02002B7DD1052904D16B88DE0760D5D2
:10743000002A5ED10127DFF8F09099F81260B6B10A
:107440000CF018F8082888F8000014D002AA0DF1F2
:107450000701FEF723FA20B940F642712D20F9F713
:1074600071FC9DF8070002A90DF0B6F9064698F8E0
:107470000030082B08D1D9F8001011F8030BC0F325
:1074800080100DF0A9F90646D9F8001095F86F2084
:1074900011F8030B05F17003C0F380100BF0B5FF7A
:1074A000D9F80010044611F8030BC0F380100BF05C
:1074B000D7FF8146FEF792FA014640B1B9F1080FB5
:1074C0001BD04846FEF7B6F980F00101C9B298F822
:1074D0000000082815D094B9EB7F1C1A6042604167
:1074E0006B885A0706D421B996B96B7D93B1BB421C
:1074F00010D0002005B0BDE8F0830021E7E70120AF
:10750000EEE714B181F00104E4B204F00100E7E712
:107510003046EFE70120EDE743889B07E9D50227D6
:1075200089E70529E5D180E7AC1400202DE9F34176
:10753000454C2379012B07D02379022B04D040F648
:10754000E2412D20F9F7FEFBE26A176A0FB197F8C6
:107550008170A8B90125A37C1BB104F0C7FB03F01F
:1075600087F8002D6CD0E06AFCF76CFA002861D037
:1075700003F0DEFE236B9B6802B0BDE8F0411847C4
:10758000216811F8096B02F16903F00992F868208B
:107590000BF03BFF0028DDD006F00F06052E20681B
:1075A0002DD190F8243003F01F03102B27D9D4F8E5
:1075B0002C8098F8135015B308230DF107023146BB
:1075C00040468DF80730FFF721FF0028C3D098F818
:1075D000E930002BBFD1226808F1EA01D31C233225
:1075E00053F8040B41F8040B9342F9D11B880B802C
:1075F0000222164908F1E1000CF07AFCABE73946AB
:107600000CF095F90028A5D02379E06A012B05D06C
:107610002379022B02D040F6BB4192E72379226BFB
:1076200003F180435269013B314652F823309847B9
:10763000054690E7E06A02B0BDE8F041FFF776BE8C
:1076400002B0BDE8F08100BFAC1400201B4801006F
:10765000F0B585B008230DF10702052104468DF829
:107660000730FFF7D3FE064618B90026304605B0AE
:10767000F0BD394F396897F8202011F8030B07F156
:107680002103C0F380100BF0C0FE05460028ECD1AA
:107690003A68216A104691F8CE3010F803CB03EA1D
:1076A0005C1303F0010381F8CE30D2F80330C1F847
:1076B00003308388A1F807301346D4F820C013F8AC
:1076C0001F1BC1F380118CF80210D2F81F001B7928
:1076D000029060468DF80C30FFF73AFC94F91420C4
:1076E000206A02AB0121FFF741FD216A84F8955021
:1076F0000B88A4F89630FF2384F8B3304FF6FF735D
:10770000A4F8B4309DF8072020460DF007FB13497C
:10771000022204F18C000CF0EBFB236A10491A885A
:10772000A4F8CD2093F8CE3084F8CF30022204F1B3
:10773000C4000CF0DDFB236A2A4619882046FFF7B7
:10774000ABFD084B3D711B68002B8FD0206A2A4689
:10775000214698478AE700BFAC140020B54C0100D1
:10776000ED4701001C030020032973B5044604D033
:10777000052927D0012002B070BD08230DF10702B2
:107780008DF80730FFF742FE0028F3D0237C23B1A9
:107790009DF807102046FFF745FD0F4D2B68062288
:1077A00004265A701E702046FFF77AFC94F85C207D
:1077B000A16D28680CF0ACF828682E7104F0DEF991
:1077C0000020D8E7054B1B6823B1984780F00100E3
:1077D000C0B2D0E71846CEE7AC1400201803002052
:1077E0002DE9F04104460E4619B300F13005284654
:1077F0000DF0D7FCA0B963881A072ED528460DF0E6
:10780000E7FC074628460DF0CCFC381AC0B20DF054
:1078100033FD544A93680344284693600DF09DFC61
:1078200028460DF09FFC03F0A7FC2179252003F0EA
:10783000D9FA4C4D94F876202868002303704370E1
:107840006388103B0D2B57D8DFE803F052564E0CDF
:10785000563956565656565656392046BDE8F041CA
:10786000FFF764BD06234370202303702046FFF713
:1078700017FC638823F008039BB2152B05D094F8FE
:107880005420216D28680CF034F8286804F076F94B
:1078900003232B7136B16388102B32D1217900205C
:1078A00003F078FC6388103B0D2B56D8DFE803F01B
:1078B00058554F4F554F555555555555554F0C2308
:1078C00043702123037042B104F177010BF0FAFFFA
:1078D000012128680CF006F8C8E704F170010BF0EC
:1078E000F1FF94F86F10F4E7062303704370BDE7CF
:1078F000022303700623F9E740F255612D20F9F7C2
:1079000021FA04F130084046EF680DF061FC0646AC
:1079100040460DF046FC013E301A61882822C0B274
:1079200001F054FA63881B07074406D5AB681F446F
:107930000DF09FFC3844C4F820012279394600201C
:1079400003F052FF0028ADD140F65751D6E7217918
:107950000120BDE8F04104F0E3B940F66B51CDE7FA
:10796000BDE8F081AC14002038B54388102B0446E4
:1079700004D1BDE838400121FFF732BF0B4DAB7C8D
:1079800023B102F057FE402004F0A4F9286804F067
:10799000F5F8608810F0040002D1217904F0C0F9F4
:1079A000002004F055F901232B7138BDAC140020E0
:1079B00003292DE9F743044605D0052900F0868008
:1079C000FFF7B4FC7CE008230DF103028DF80330CF
:1079D000FFF71CFD002877D0237C23B19DF803100E
:1079E0002046FFF71FFCB4F802803D4E01231F46DE
:1079F00030684FEA9812002562F386170722437019
:107A00000270C57029460CF0A7F82A46394630683E
:107A10000CF0A9F82046FFF755FB30680CF0EDF8A4
:107A2000B4F85C30C0F1FE05AB42B4BFDDB2EDB2DC
:107A3000AB42C8F380182AD947F010070022394614
:107A400030680CF090F830680CF082F8A91E014400
:107A5000C9B220460DF020F90422C0F307238DF8A7
:107A60000400C0F307400DEB02018DF805308DF8DE
:107A70000600032330680CF045F8306800223946D0
:107A8000A5F103090CF06FF85FFA89F94D46B8F1DA
:107A9000000F06D094F9142094F844106079FFF791
:107AA0003BFBA16D30682A460CF091F83582FF202F
:107AB000617903F097F907233068337104F05EF8B9
:107AC000002003B0BDE8F083204679E7054B1B6832
:107AD00023B1984780F00100C0B2F2E71846F0E702
:107AE000AC140020140300202DE9FF4108230DF100
:107AF0000702052104468DF80730FFF787FC0028B0
:107B00006CD0384D206AFFF723FA2B68D3F81F009A
:107B100093F823208DF80C200290226AD3F80310EA
:107B2000C2F80310B3F80710A2F807101B78206AF8
:107B3000C3F3801383702C4B1B6813B101222146C1
:107B40009847276A286897F802800E230826437012
:107B5000067000210CF000F800224FF003012868A5
:107B60000CF001F82046FFF7ADFA286841460BF00B
:107B7000B9FE062301222868F91C0BF0C3FF6179C6
:107B8000FF2003F02FF9286803F0F8FF94F9142080
:107B90006179206A0DEB0603FFF7E8FA216A9DF888
:107BA0000720002384F895300B88A4F89630FF2333
:107BB00084F8B3304FF6FF73A4F8B43020460DF0CC
:107BC000ADF8236A1A88A4F8CD2093F8CE3084F853
:107BD000CF302E71012004B0BDE8F0812046FFF7C0
:107BE000A5FBF7E7AC1400201C03002010B5154CD2
:107BF000A37C1BB104F07AF802F03AFDE06AFBF7CF
:107C000021FF20B1E06A438803F0180323B9E06A3A
:107C1000BDE81040FFF78ABB2379012B07D02379F9
:107C2000022B04D040F6E7312D20F9F78BF82379A9
:107C3000226B03F18043D268013BBDE8104052F84B
:107C400023301847AC1400202DE9F04FB0F802B0F3
:107C50008BB01BF0030704460191164608D0012F94
:107C600006D0022F04D040F282612D20F9F76AF885
:107C70000BF00700052808D1002E72D04FF0000845
:107C800045464FF00109012309E002285DD1002E8D
:107C900067D04FF0000845464FF0010943464FF0CA
:107CA000010A1BF0400B04D0002E00F0F6804FF0CC
:107CB000010B4AEA430343EAC90949EA051141EACB
:107CC000481848EA8B11DFF8488201F07B030093E3
:107CD000D8F800309DF800B00022012107205A702A
:107CE00018705970002E40F0F880DE70B1463946A9
:107CF000D8F800000BF030FFD8F800009DF8001015
:107D00004A460BF030FF009B9DF80070D80702D563
:107D10002046FFF7D7F9B90710D5019BD8F8000026
:107D2000002B00F0EB8004F17701062301220BF019
:107D3000E9FE0121D8F800000BF0D4FD0023002B50
:107D400000F0E88040F66A018FE7002841D146BB89
:107D5000B4F854200BF02303134309D01BF0200880
:107D600013D04FF000080125A9464346C24698E7C4
:107D7000FFF7E4F90028F1D1FFF7ECF903460028FA
:107D8000ECD1B0463546B14689E72379012513F099
:107D90000C0F0CBF4FF0010A4FF0000AA9464346F2
:107DA0007FE7FFF7CBF990B9FFF7D4F91BF0200577
:107DB00000F0010867D1237913F00C0F14BF4FF0C6
:107DC000010A4FF0000A4FF001092B4669E7012034
:107DD000ECE7012815D123794EB99D1ED5F1000A93
:107DE0004AEB050AB04605468146334659E7B3F1EA
:107DF000020A4FF0000818BF4FF0010A45468146BD
:107E0000CDE706283FF438AF042839D126BBB4F8B3
:107E100054200BF02303134311D0237913F00C0FDC
:107E20000CBF012300231BF0200F0CBF9A464FF01C
:107E3000000A4FF0000801254FF0010931E7FFF774
:107E40007DF90028E9D1FFF785F981460028E4D1C2
:107E50004FF00008454616E7FFF770F970B9FFF7D5
:107E600079F9237913F00C0F14BF012300231BF0C1
:107E7000200500F001080CD19A46DDE70120F0E76B
:107E800040F22571F1E600254FF001092B46AA4684
:107E900007E700254FF00109F9E7B4F8541041B1A4
:107EA000217911F00C0F0CBF4FF0010B4FF0000BBC
:107EB000FFE6618801F023010029F1D10093FFF76B
:107EC0003DF9009B0028EBD1FFF744F9009B002807
:107ED000E6D1002F3FF4EBAEE2E7DA70FFF73AF9B4
:107EE00050B1D8F81C3093F8BD30002B0CBF4FF0C8
:107EF00000094FF00A09FAE68146F8E604F170013C
:107F0000062301220BF0FEFD94F86F1012E700BF6C
:107F1000AC1400203A0716D5626CD8F80000C2F302
:107F20000B2262F30B0394F84620ADF814301209CB
:107F3000C3F3072362F307138DF8153003220223DE
:107F400005A90BF0DFFDBF0640F1AC80D8F81C306E
:107F5000D4E9527A0BB9D8F818301A6E03925A6ED7
:107F6000CDE90123FFF7F6F8DDE9023288B1D8F850
:107F70001C0090F8BD0060B103F140000DF0D0FA94
:107F8000DDE9023228B9186F0199821841F1000128
:107F9000019193F810C09F48D8F8141030F81C00D5
:107FA000CF194FF47A7C4AF1000A00F2E730B0FBB7
:107FB000FCF0C71B6AEB4A0ABF18019A42EB0A0A97
:107FC000D4F83C21B7F5161FA2EB010E9DF8152041
:107FD0007AF100004FF0000C4FEAEE7102F0BF02A0
:107FE00008DB6CF345128DF81520BDF814206FF3F3
:107FF0000C0223E0B7F5703F7AF1000008DBBE45C4
:1080000071EB0A01EDDA42F020028DF8152007E04D
:108010006CF34512BE458DF8152071EB0A02E4DAC7
:108020009DF8152012F0200F14BF4FF496721E22F7
:10803000B7FBF2F7BDF8142067F30C02ADF814207B
:1080400040F2E2411A6FB2FBF1F2ADF81620D3F81C
:108050001720D97E06929DF81C20019361F304023B
:108060008DF81C20FDF702F99DF81C20019B60F3A0
:1080700047128DF81C209DF815206FF3C7128DF85C
:1080800015201A68CDF81D201A798DF821205A790B
:108090008DF822209A79B3F852308DF823200133DD
:1080A000ADF82430012E50D1B4F85430002B4CD010
:1080B0006388980749D4DFF860A1DAF800000BF074
:1080C00047FDB4F85410BAF81070421CD2B2CF1B5E
:1080D0000346C2F1FF008742A8BFD743FFB2B942AF
:1080E00028D96288D10725D40193009BD8F80000D5
:1080F00043F010014A468B460BF035FD019BF91EFB
:108100000433CFB253FA81F1C9B220460CF0C4FD5A
:10811000C0F307238DF81000C0F307408DF811302D
:108120008DF812000323D8F80000042204A90BF0F4
:10813000E9FC01253A46216DDAF800000BF047FD15
:10814000BAF810301F44AAF8107065F3041B1BF036
:10815000200F5FFA8BF506D02F4812230068052206
:1081600005A90BF0CFFC6A060CD5002E4AD104F10C
:10817000300026790DF039F8014694F91420304684
:10818000FEF7CAFFFEF7E6FF002836D0224CE3696F
:1081900093F8BD308BB3072120680BF0D2FC092384
:1081A000037032234370E369D3F890308370E3693E
:1081B000D3F890301B0AC370E369B3F892300371AF
:1081C000E36993F893304371E36993F8A1308371C5
:1081D000E36940F2E241D3F89420B2FBF1F2C271BC
:1081E000E369D3F89830B3FBF1F30372E3697D22BE
:1081F000D3F89C30B3FBF2F343722B0606D540F65E
:10820000CF0132E5667994F84410B6E70BB0BDE8CB
:10821000F08F00BF38600300AC1400202DE9F74F49
:10822000044690F84400804D0E4602F0A5FF6179A7
:10823000FF2002F0D7FD002E42D128680BF039FB59
:108240002779804604F130000CF0C2FF082F2BD0B4
:10825000042F2DD0022F0CBF182228223346082FBE
:108260001A4408F1050827D0042F27D0022F0CBF8D
:1082700004210821EB6803EBC01301FB0822CA3379
:1082800000FB023063886861190742BFAB68C01801
:10829000686162796969002003F0A6FAB0B940F616
:1082A000A8512D20F8F74EFD4FF4A8724023D6E7D1
:1082B0004FF4A8722E23D2E74021DBE71021D9E743
:1082C00062794FF4A571002003F004FC63889A07DB
:1082D00014D0AEB96179012003F022FD94F8761034
:1082E00001222046FFF7B0FC286803F047FC062374
:1082F0002B7101236B7103B0BDE8F08F002EEDD020
:108300006688286806F00203002B0CBF4FF00109B5
:108310004FF000094FF0070319BFD4F85880B4F8A4
:108320005C70D4F85080B4F8547003704FF0000AB9
:1083300001234FEAC909C6F38016437049EA861B38
:1083400080F803A051460BF007FC286852465946B6
:108350000BF009FC1BF0080FD94617D0626CBDF872
:1083600004302868C2F30B2262F30B0394F8462012
:10837000ADF804301209C3F3072362F307138DF835
:1083800005300322022301A90BF0BCFB28680BF087
:1083900034FC2B8AC0F1FE06FA1AB242B4BFD6B240
:1083A000F6B233449F422ADD002249F010012868CA
:1083B0000BF0D9FB28680BF020FC2E8ABF1BC0F104
:1083C000FE06B7422868B4BFFEB2F6B20BF0C0FB9F
:1083D00081190131C9B220460CF05EFC0422C0F3C1
:1083E00007238DF80400C0F307408DF805308DF8A1
:1083F0000600032328680DEB02010BF083FB638862
:108400005B0606D594F9142094F844106079FEF7C1
:1084100083FE298A2868324641440BF0D8FB288A1B
:1084200006442E8260E700BFAC14002010B5084C53
:10843000B0F85C30228A9A4205D00121FFF7EEFEA7
:108440000723237110BDBDE81040FEF76FBF00BFCA
:10845000AC14002038B543881D4D13F0020F0446BC
:108460000FD1DB070DD42A8AB0F854309A4203D1D9
:10847000BDE83840FEF75ABFBDE838400121FFF79C
:10848000CDBE0020617903F04BFC6388617913F065
:10849000020F14BF0C20222002F0A4FC02232B7137
:1084A000AB7C4BB102F0C6F8637913F00C0F14BF2C
:1084B0004520402003F00EFC607910F00C0018BF3E
:1084C000282003F0C5FB2868BDE8384003F056BB00
:1084D000AC14002010B50948037903F0FF0453B928
:1084E00024222146043008F0D3F903F0FFFB02F008
:1084F000BFF8204610BD0C24FBE700BFAC140020E1
:1085000010B5094C002323712060FFF7E3FF20B171
:1085100040F225312D20F8F715FC236B13B94FF4E9
:108520004A71F7E710BD00BFAC140020014B024AAE
:108530001A637047AC140020748D0000044B054A88
:108540001A60054B054A1A60054B064A1A607047C7
:1085500018030020517600001C030020513D00004C
:1085600014030020E97A00002DE9F74304460E4683
:1085700000297AD000F1300528460CF012FE28B907
:108580006388180763D528460CF0E7FD28460CF0F1
:10859000E9FD02F0F1FD2179252002F023FC364DA2
:1085A00028680379D90623D5C3789A0620D00BF022
:1085B00080F9074604F1300094F804800CF0F1FDD6
:1085C000421C3B46D2B241462046FEF70DFD042236
:1085D000C0F307238DF80400C0F307408DF8053081
:1085E0008DF80600032328680DEB02010BF08AFAD0
:1085F0009EB32868EF680BF05CF904F130098046FF
:1086000048460CF0E5FD064648460CF0CAFD013E22
:10861000311A1FFA88F22079C9B20CF003FE638880
:108620001B07074408D5AB68012120461F440CF006
:1086300078FC3844C4F8200122793946002003F040
:10864000D3F850B940F687512D20F8F77BFB204630
:1086500003B0BDE8F043FEF769BE286803F08EFA68
:1086600005232B7103B0BDE8F0830A4690F876101D
:10867000FFF7EAFA93E700BFAC14002010B50446F8
:1086800030300CF08EFD00BB6388DA0604D520463E
:10869000BDE81040FEF74ABE0F4A9279002AF6D094
:1086A000B4F8542003F02303134305D020460021DF
:1086B000BDE81040FFF7B2BDFEF740FD0028F5D140
:1086C000FEF748FD0028F1D1E1E720460121BDE891
:1086D0001040FFF749BF00BFAC140020024B01223D
:1086E0009A71FFF7CBBF00BFAC14002070B5114DDD
:1086F0000026012104462E826E710CF012FCAB683C
:108700000344AB60B4F848300133A4F84830FDF7B7
:1087100087FD4FF47F73B0FBF3F202FB1300AB68ED
:1087200094F876101844A86032462046BDE87040A0
:10873000FFF78ABAAC14002010B5094CE06A4388F0
:10874000092B07D1FFF7D2FFE06A0121BDE81040F5
:10875000FFF70ABFBDE810400121FFF741B800BF95
:10876000AC14002010B5154C237933B3E06AFEF742
:1087700017FE10B3E06A43881A070ED5092B07D1FC
:10878000FFF7B4FFE06A0121BDE81040FFF7ECBE3F
:10879000BDE810400121FFF723B862794AB9DB0632
:1087A00003D5BDE810400CF04BBBBDE81040FFF70F
:1087B00065BFBDE81040FEF7B9BD10BDAC14002088
:1087C000F8B5867DB31EDBB2012B04468CBF0027B3
:1087D000012796B3023E18BF0126012B2DD800F1C8
:1087E000700190F86F000AF03BFE054663889B0617
:1087F00005D4082D2CD02846FDF728F840BBE57796
:10880000A77784F86860FDF743F805460DF07FF917
:10881000164BA5FB03351B1845EB01050022C4E9E7
:10882000183584F8762011462046FEF7C7FC70B94B
:1088300040F2C2412D20F8F785FA0825D6E704F169
:1088400069013046FCF7E8FE0028D8D10020F8BDC9
:10885000002EF4D0637F002BF8D0D4F81730C4F882
:108860006930B4F81B30A4F86D30C8E740420F00FF
:108870002DE9F04F07460C4605460FCF9BB00EAED4
:108880000FC60FCF0FC697E80F0086E80F0006A8A7
:108890006E7995F812900CF045FCA37A0293237838
:1088A0000393237D6178013BDBB2022B01F07F084B
:1088B00000F28180684A1344C9069F7C06D4A37DD8
:1088C000013BDBB2022B76D813449E7CB9F1010F39
:1088D00005D1082F08BF0427082E08BF0426617A97
:1088E00006A80CF026FC237DA27E022B08BF617D2A
:1088F00002F1010206BF0131C9B20121D2B206A8BC
:108900000CF019FC18F0080F6CD106A80CF060FCF4
:108910006378DA06824653D4F9F710F8394681466F
:108920005046FEF7DDFACDF80080014601233246BD
:1089300048460BF081FF2279E37843EA022362790B
:1089400040F2712143EA024300F2D6204B43B0FBD0
:10895000F1F04843984238D84FF0000B94F818A033
:108960000593A37C04930AF1FF33D3F1000AE86C6A
:108970004AEB030A09F029FA8146E86C09F035FA56
:10898000484538BF484680B2059B0DF1180960B3D1
:1089900008A9CDE90A3BCDF82090ADF824808DF8E8
:1089A00030708DF831600CF048F9059BE8B945202E
:1089B0001BB0BDE8F08F40F293210620F8F7C2F912
:1089C0002822414600F0E2F9B5E7E379A27942EACC
:1089D0000322237A42EA034201FB02F3984298BF42
:1089E0000346B9E700239B46B8E7CDE9103B049B5B
:1089F0008DF84D30039A029B8DF83C708DF83D60E8
:108A00008DF848A08DF84E308DF83820ADF83A80BA
:108A10000EAF0FCF2E460FC60FCF0FC697E80F0031
:108A200086E80F0099E803002863A986E37A13F02B
:108A3000FD0F14BF0123002385F86F30E3682B6717
:108A4000238AA5F87430E27D95F8463062F3071367
:108A500085F846300020ABE7386003002DE9F0418F
:108A6000784E337986B0044603F0FF0513B90378D6
:108A7000FF2B04D140F6DE112D20F8F763F9724B7D
:108A80000293724B0393724B0493336B75715B6863
:108A900080F8895002A805933582B560B57103F05E
:108AA00057F802F035FA03F021F901F0E1FD6948C9
:108AB00002F058FB684803F045F804F130072846F7
:108AC00007F09CFF38460CF048FB38460CF04AFB98
:108AD00002F052FB2179252002F084F994F9140068
:108AE00002F03AFB2846217902F034FD0546F06099
:108AF00030B92046FEF71AFC284606B0BDE8F081E2
:108B0000012104F180000AF074FC04F15001E06CD2
:108B100009F0EAF804F158010746E06C09F00BF996
:108B200080461FB194F82430002B63D1B8F1000FB8
:108B300062D094F82550A37F13B963885B070AD5E8
:108B4000D4E918126FF000439A4208BFB1F1FF3F19
:108B500054D1002D5AD1002F08BF474694F88B30CE
:108B600003B9AFB1638813F0100511D1606CC0F385
:108B70000B200CF07DFA94F8463084F8450023F081
:108B80000F03C0F30320184384F8460084F88B5089
:108B900030680330FCF79AFE6588B07415F0010563
:108BA0004ED00023CDE90033276A02238DF806302A
:108BB000FF2386F8203007F10A086846F8F7BEFD63
:108BC000002899D1009CA742F7D07A7A607A434670
:108BD00004F10A010AF019FC0028EED0A37886F807
:108BE0002030D4F80330C6F821301C4BB4F80720ED
:108BF0009A8081E701259EE745469CE70CF087FFB8
:108C0000D4E91823904271EB0303A2D3012205EAB1
:108C100002012046FEF7D2FA68B1FCF739FE05469C
:108C20000CF075FF0E4BA5FB03351B1845EB01053A
:108C3000C4E918358FE7002D8DD040F61F211BE7C2
:108C4000012559E7AC140020ED7B00002D750000D4
:108C5000E5730000D6BE898E55555500CD14002011
:108C600040420F0037B50446FFF7F8FEA8B30421D1
:108C700020781B4DF8F728FDA86120780621F8F729
:108C800023FDAB69E8612BB120B140F657212D20BF
:108C9000F8F758F894F88A305BB16846FCF7E8FFBB
:108CA00038B1694604F136000AF050FD002384F81B
:108CB0008A302046FEF71AFA618811F0100106D0BA
:108CC0000021204603B0BDE83040FEF789BD2046B4
:108CD00003B0BDE83040FFF747BC03B030BD00BF74
:108CE000AC140020024BD8621B6B1B68184700BFF6
:108CF000AC14002043881A0710B5044612D5036A45
:108D000011493C2280F895201B88A0F89630FF235B
:108D100080F8B3304FF6FF73A0F8B43002228C30E5
:108D20000BF0E6F86388DB0743BF236A3C2219880F
:108D30003C2258BF4FF6FF712046FEF7ADFA0123E3
:108D400084F8893010BD00BFB54C01006977000080
:108D5000B1790000697900003D4E0100DD86000018
:108D6000558400002D840000D9720000374E0100A8
:108D7000674F0100658C000065870000398700009F
:108D80006C8D0000548D00004C8D000001380228CD
:108D900008B503D9CA212F20F7F7D4FF13290A4BAE
:108DA00005D811290CD8102907D0D821F3E71529A7
:108DB000FBD103EB4003D88801E033F8100008BD75
:108DC00003EB40039889FAE74E60030008B5431EA1
:108DD000DBB2012B05D91D291ED0EE212F20F7F77C
:108DE000B1FF10390D291BD8DFE801F0071A111166
:108DF0001A0C1A1A1A1A1A1A1A160B4A02EB4303F9
:108E0000588A08BD084A02EB4303D88AF9E7064AA4
:108E100002EB4303588BF4E740F25A335843F0E730
:108E20004FF48171DAE700BF4E60030008B5084BCC
:108E3000586890F8CC304BB990F8C7200123062130
:108E4000A8300AF05DFB00F0010008BD0120FAE740
:108E5000E0140020F8B52D4B1A89402842EA0002A0
:108E60001A8105D158680421BDE8F840FAF79CBE84
:108E700000F00302032A04D140F60E213120F7F757
:108E800061FF10F0020418BFD960C50705D5CA7884
:108E90001961062A0DD00B2A18D02CB1DA68D278C5
:108EA000052A1FD00B2A2AD0820644BF08221A7531
:108EB000F8BD5A6892F8C7101929EED1002600278C
:108EC0000121C2E94A6782F8CB10E6E75A6892F8B6
:108ED000C710132901BF002182F8CB10012182F8AD
:108EE0000A11DAE75A6892F8C7101729DCD1002472
:108EF0000025C2E94C45012182F8CC10D4E75A681C
:108F000092F8C7101229CFD10021F5E7E014002014
:108F100013B5044601A8FCF707FB20B940F2ED7138
:108F20003120F7F70FFF32220021019807F0B0FC43
:108F3000019803210AF09EFE0198037823F01003A4
:108F400003702146FCF7D4FE019906482246FDF73E
:108F50003BFAFCF7FFFA10B940F2F771E0E702B014
:108F600010BD00BFE014002070B5274C636893F873
:108F7000CE6393F8CF53002E3FD193F87C10002D91
:108F80003DD193F87D2083F87C1083F87D20FF226B
:108F900083F87E201D4B1B680BB16068984763689F
:108FA00093F86C31012B02D056EA050303D0164822
:108FB0000021FCF763F9606844300BF029F805469E
:108FC000606800F2D111FDF7A1F860680521FAF799
:108FD000EBFD606844300BF01BF88542044610D26C
:108FE00003F088FE0146601B322838BF322006F0AD
:108FF0002DFDB0FA80F0400970BD3146BFE72A462A
:10900000C1E70120F8E700BFE01400203C03002086
:10901000002908BF1F21302810B5134619D80D2884
:109020002ED9A0F10E02222A2AD8DFE802F0142954
:109030002929142914291A1429292929293F2929D8
:109040004529293838385029292929292929142935
:109050005800362814D1BDE810401A4600210CF003
:109060000FB9234C606890F8C630222B0AD12046F5
:10907000FCF704F96368002283F8C62083F8042112
:10908000002010BD2F2BFBD190F8C72001230B210E
:10909000A8300AF035FA0028ECD12A21E7E7154B71
:1090A0001B68002BECD0BDE810401847124B1B6822
:1090B000002BE5D01D20F6E7104B1B68002BDFD0FE
:1090C0000B4840680A462021BDE8104018470C4B69
:1090D0001B68002BD4D0BDE8104005481847094A4A
:1090E0001468002CCCD00A46184630212346EBE702
:1090F000E01400203803002048030020240300204F
:109100005403002030030020184B09795B680246A5
:1091100093F8C600222819D02F2817D0292817D055
:10912000042817D0102817D01E2817D093F8C7305E
:10913000242B15D0302815D0352815D0362803D04B
:10914000372814BFFE203020FFF762BF1620FBE750
:109150002320F9E70E20F7E71220F5E71420F3E7C4
:109160001720F1E72620EFE72E20EDE7E01400209E
:1091700008B50C4B5B6893F85621FE2A04D040F2E8
:10918000FC713120F7F7DEFD83F8560111B9A3F821
:10919000061108BD0022A3F80021012283F8042152
:1091A000F7E700BFE0140020104B1A7DCAB970B970
:1091B0005B68D96941F64B52914215D9B3F86C10EE
:1091C000B3F8502091420FD81846FAF753BC1A89C9
:1091D000120708D55B6893F8C800083818BF01204B
:1091E0007047002070470120704700BFE014002046
:1091F0004368D3F8B83013F0300F2DE9F743044635
:109200000D4656D108460AF0E9FD30B929462046F8
:1092100003B0BDE8F0430BF002B8284666680AF0D8
:10922000D9FD074628460AF0D1FD804628460AF0B7
:10923000D3FD814628460AF0CBFD443600904B46CC
:109240004246394630460AF018FF1B4B1A899207EE
:1092500011D5DA68D278142A0DD16268D2F8B83004
:1092600043F01003C2F8B83020460AF0AAFF0020ED
:1092700003B0BDE8F083626892F8C6101E29ECD0F6
:1092800092F86321002AE8D1626892F86221002AEC
:10929000E3D16168D1F8B82042F02002C1F8B820CB
:1092A0005A68114602F5F27231F8440BFCF79EFF42
:1092B000DAE70120DCE700BFE0140020F7B5944CAA
:1092C0000546002840F0DC8023891F0745D56368E8
:1092D00093F85621222A13D02A2A01D01C2A05D11C
:1092E000002283F874218A480AF062FF636893F8C9
:1092F0005621FE2A11D14FF4A8613120F7F722FD43
:1093000083F8AA01834B1B68002BECD0606800F542
:10931000D57100F5AE709847E5E7FE2283F8562137
:1093200093F8C7201B2A08D1002683F809617848E2
:109330000AF051FF636883F8C760606890F8C63030
:10934000212B2ED0342B3BD0636893F8C820082AF9
:1093500002BF0222627583F856212389DE0763D596
:109360006068276990F8C720FE7801230521A8309E
:109370000AF0C6F860B1B31EDBB2092B00F2C4805C
:10938000012202FA03F340F23332134200F0BC80B0
:109390003846FCF79DFCE0B939465D480AF03FFFCE
:1093A00096E090F8C72001230B21A8300AF0A8F816
:1093B000636818B12F2283F8C620C5E72222FAE796
:1093C000012380F8C533002380F8C63080F80431CB
:1093D000BAE7FE78012E01D9162E0FD1636893F8F3
:1093E000C6000AF00DFF48B1636893F8C620212A31
:1093F00004D0222A40D12F2283F8C620112E6BD010
:109400005CD8072E6AD00D2E6AD03046FDF7C8F919
:109410000346002859D1FF2EBED1A369002BBBD033
:109420006368012283F8C6232389580706D562683A
:1094300092F8C820072A04BF0122627599070FD548
:10944000E368DE780D2E4DD0112E4DD0072E4DD075
:109450003046FDF7AFF90346002849D02C4898471D
:109460002389DA060CD5636893F8C7200B2A07D145
:109470000C2283F8C72003E0162E0CBF20250225FE
:10948000237D1B0717D56068012390F8C7200521AD
:10949000A8300AF035F80646002837D1019001A916
:1094A0000320F9F79FF8019B2BB11E720C22616813
:1094B00001980AF01DFD284603B0F0BD142EA4D17A
:1094C000154B1B68002B3FF467AF21691048984784
:1094D0000028A9D00546D3E7104BF6E7104BF4E778
:1094E000104BF2E7104BB9E7104BB7E7104BB5E75D
:1094F000FF2E06D16268342182F8C61082F8C403B8
:10950000AEE740F23451F8E60825B9E70825D2E77E
:10951000E014002028030020440300209953010098
:1095200095950000099100004B530100695301001B
:109530003595000010B5164BDB681979436893F830
:10954000C6200A2A09D193F851218A4205D1002266
:1095500083F8C62083F8042110BDD3F8B82012F098
:10956000080407D022F00802BDE81040C3F8B82074
:109570000AF031BEFF2905D1342283F8C62083F8D2
:10958000C443E9E740F2CE413120F7F7DBFB00BFEF
:10959000E014002038B50B794568262B95F8C620D5
:1095A00004463BD8112B08D80E2B3ED12246184634
:1095B0000121BDE838400BF063BEA3F1120014286E
:1095C00033D801A555F820F0AD9500002B9600008A
:1095D000AD9500002B96000043960000AD9500006D
:1095E0002B9600002B9600002B9600002B96000077
:1095F0002B960000919600002B9600002B96000001
:109600002B9600002B9600002B9600007F96000002
:109610002B9600002B96000099960000362BC5D0A3
:1096200005D82E2BC2D0302B3DD0002038BDFF2BCB
:10963000FBD1214B9B69002BF7D0012385F8C63362
:10964000F3E7222A01D02F2AEFD120460AF0B0FDFD
:10965000636893F8C720232AE7D093F81B2122F0F0
:10966000010283F81B21626892F81B3123F0080382
:1096700082F81B311A212046FBF700FED5E7292A84
:10968000D3D10E4B1B68002BCFD020469847CCE798
:10969000332ACAD10A4BF5E70A4B1B68002BC4D00A
:1096A00020469847C1E7372ABFD1074A1268002AE7
:1096B000BBD019469047B8E7E014002040030020D3
:1096C0004C0300205003002034030020024B0020F4
:1096D000C3E90600704700BFE0140020024B0022DF
:1096E000C3E90622FCF7E4BDE0140020024B9869B0
:1096F000003818BF01207047E01400202DE9F04326
:10970000964C22896368D20556BFB3F8FA2000222E
:10971000013287B046BFA3F8FA2083F80C23A3F8E0
:10972000FA2007460E46FFF781FB60B12389606887
:109730001B0540F1C78090F8CC30002B00F0C280B0
:109740000023C0F8EC30238903F4407343B1606810
:1097500090F8CA30002B00F0D380032B00F0D680A5
:109760006168238991F8CA20012A04D15D0544BFAC
:10977000022281F8CA20002F40F00A8458065DBFFB
:10978000B1F82423013292B23A46A1F8242303F01F
:109790000A020A2A0DD1E268D278022A09D123F0FE
:1097A000080330462381FFF789FD08230643F6B2FC
:1097B00023813046FFF782FDA3690643F6B2002BF2
:1097C0005FD01422002101A807F062F8636893F8C3
:1097D0007D0002F0B5FE6368054693F87D0002F057
:1097E000A7FE62681388ADF80430B2F8C030ADF857
:1097F0000830D3694FF47A7105F5FA75B5FBF1F5C8
:109800000544ADF80A5041F27070A3F57A758542AF
:1098100099BFB3FBF1F303F5506340F2E241B3FBB0
:10982000F1F39BB2ADF8063092F8C63333B120693C
:10983000C31C04930AF01CFA8DF8140062689DF8AA
:109840000C3092F8C52362F300038DF80C3001A8A8
:10985000A369984763680499002283F8C62383F8B4
:10986000C52371B193F8C4235AB993F8C620342A9A
:1098700007D09DF8142022B10878FF284BD11B2A6D
:1098800050D9606890F85631FE2B79D1002E77D1EF
:10989000012390F8C8201946A83009F031FE0028AD
:1098A0006ED1636893F86031002B43D0636893F8FE
:1098B0006121A3F8FE6083F8582101210220FFF7FF
:1098C00057FC5DE0D0F8EC30D0F8F0200133934243
:1098D000C0F8EC3004D8618CD51A05318D4202D81D
:1098E000012180F8F8109342FFF42DAF0023C0F857
:1098F000EC301B49022200F5E4700AF00BFB22E772
:10990000012180F8CA10FAF74FF929E7022380F8FD
:10991000CA300121F7E70728B3D1022AB1D148782C
:10992000FF28AED1012083F8C403C3F8C81383F81D
:10993000C723A6E76068012390F8C7200421A83058
:1099400009F0DEFD0546002840F023816268D2F868
:10995000B830D90706D531460920B0E7E014002019
:1099600055460100980740F1A88031460C20FFF7CA
:10997000FFFB626892F80B3143F0010382F80B3170
:109980006568B5F8003395F804830133A5F8003312
:10999000B8F1000F00F0D482F8F716FE10B10023E2
:1099A000A5F800336068012390F8C7200021A83093
:1099B00009F0A6FD28B9636893F8C7300C2B40F076
:1099C000D7826068012390F8C6200021A83009F0F2
:1099D00097FD002800F0CC826068012390F8C82031
:1099E0000021A83009F08CFD002800F0C1826368D6
:1099F00093F8CA20022A40F0BB8293F80C23002A75
:109A000040F0B682586907F064FF002800F0B08289
:109A1000606890F85631FE2B40F0AA82B0F8FA3216
:109A2000012B40F2A582B0F8FC20B0F8FA10951E88
:109A3000A942B8BF02F1FF324FF0010380F80233B0
:109A4000B0F80053B8BF531A618CB8BF9BB28D42B7
:109A50003BBF4A1C521B012292B2934228BF1346BD
:109A6000012B04BF002280F8022390F88B207AB9E2
:109A70006168D1F884205AB1B1F8F620B1F8C0106D
:109A8000521A91B212B2002A02DD9342A8BF0B46CD
:109A90006068B0F8C02090F8CA1013449BB2012946
:109AA000A0F8FC3240F272820239012940F266824B
:109AB00040F661013120F7F745F9590702D53146E3
:109AC0001320FCE6180706D592F8503182F8583179
:109AD00031460720F3E6190602D500211B20EEE6E9
:109AE00013F030013FD092F86331002B40F04D83EA
:109AF000636893F86231F3B1606890F8C730262B41
:109B000000F5B17100F2CE322BD090F8C630A3F13F
:109B1000260CDCF1000343EB0C030AF082FA6268C6
:109B2000D2F8B83023F0200343F01003C2F8B83065
:109B3000002382F862316068D0F8B830DB0640F16B
:109B4000248300F2D111FCF7E1FA6368B3F86620D0
:109B5000A3F85821B3F86A20A3F85A210021152050
:109B6000ADE60123D9E713F0400201D02420A6E698
:109B700013F4807102D011461E20A0E613F4007287
:109B800001D02F209BE6590540F1FF82114631207C
:109B900095E6636893F8C720123A0B2A48D8DFE8A5
:109BA00002F006474747090C47474747473200211D
:109BB0000B2084E60021042081E693F8C0030128ED
:109BC00008D100210520FFF7D3FA6368002283F84B
:109BD000C023D5E602287FF4D3AE93F80A510622BB
:109BE0001DB183F858210021EDE7A64803210AF0B2
:109BF00001FB636893F81A3113F0040F294614BF70
:109C000011200D20DFE70021062058E60021112059
:109C100055E692F86C31022B02D1002117204EE656
:109C200092F86C31012B03D192F86D31002BF4D0F6
:109C30006068012390F8C6200021A83009F060FC7C
:109C400090B16068012390F8C7200421A83009F082
:109C500057FC48B9636893F8F8302BB10121122002
:109C60002DE600212D202AE6606890F8C6200A2AF9
:109C700005D190F8513180F85831012129E7002DA4
:109C80007FF47EAE01232946A83009F039FC002874
:109C900000F0AE80636893F873213AB101210E2081
:109CA000FFF766FA636883F8735169E693F87221E7
:109CB0008AB193F80B2192070DD101210C20FFF7F7
:109CC00057FA636893F80B2183F8725142F001024E
:109CD00083F80B2154E693F8623153B3636893F829
:109CE000633133BB606890F8C730262B00F5B17143
:109CF00000F2CE321BD090F8C630A3F1260CDCF176
:109D0000000343EB0C030AF08CF96368002283F82C
:109D1000622101211420FFF72BFA6368B3F8662053
:109D2000A3F85821B3F86A20A3F85A2128E60123A2
:109D3000E9E7626892F86C110129CBB27AD192F806
:109D40006D21002A76D160680B2190F8C720A830D9
:109D500009F0D6FB00286DD1656895F87C804046F7
:109D600008F079F9814695F87D0008F074F9B9F1A9
:109D7000020F95F86E311FD0B9F1030F1ED0B9F163
:109D8000010F04D1012B14BF00230123C3B995F89F
:109D9000C7200123032105F1A80009F0B1FB38BB5E
:109DA0006068012390F8C7200221A83009F0A8FBC1
:109DB000F0B90121162082E5022BE4E7042BE2E74B
:109DC000022895F86F3127D003282CD00128DED146
:109DD000012BDCD14146B5F8C030B5F8700105F56E
:109DE000737209F07FFA0146F8B92648FBF746FA84
:109DF0006068012390F8C6200021A83009F080FB9C
:109E000000283FF4BDAD636893F8C433002B3FF4E2
:109E1000B7AD0121FF2052E5022B14BF002301231F
:109E2000002BB4D0D6E7042BF7E76368282283F829
:109E3000C620A5E5636893F8A9317BB1636893F800
:109E40006D315BB96068012390F8C7200B21A83001
:109E500009F056FB10B90121232030E5636893F81F
:109E6000A63143B101212520FFF782F96368002262
:109E700083F8A62184E5636893F8AA3123B1012110
:109E800022201CE5E0140020636893F874315BB372
:109E9000636893F878010BF0C9FA616878B19F4B59
:109EA00091F878211B689E4801F279119847636800
:109EB00080B102289CD1002283F8742198E7994B45
:109EC00097481D6891F8783101F29B1201F27911DF
:109ED000A847ECE793F878010BF0A8FA012108B144
:109EE0001C20ECE42A20EAE4636893F8B23113B151
:109EF00001211D20E3E4636893F8B33113B101211C
:109F00002E20DCE4636893F8B43113B101213620CC
:109F1000D5E4636893F8B53113B101213020CEE464
:109F2000636893F8B63113B101213220C7E4636846
:109F300093F8B831002B3FF45BAF01212620BEE43B
:109F4000F8F73CFB08B1A5F80083F8F745FB0028BB
:109F50003FF428AD95F80C330133DBB2022B85F8C2
:109F60000C3382BF0023A5F8003385F80C3319E5C4
:109F70006368002283F80223012389E590F8C85022
:109F8000B0F8FA10082D65D102295CD8A0F8F83293
:109F90002289636855065BBFB3F80E23B3F8FE123F
:109FA00000225218A3F80E2393F86031002B00F022
:109FB00089806368B3F8FE20B3F8FE120A44A3F860
:109FC000FE20636893F8040130B1B3F80021B3F8C0
:109FD000FE120A44A3F8002193F908110029C1BF19
:109FE000B3F80621B3F8FE525219A3F8062193F8EC
:109FF000E92052B9002F40F0C280627D022A6DD163
:10A0000093F85821062A18BF1622636893F8E8309F
:10A0100033B96068444980F8E920E03009F074FF02
:10A0200060680BF0EFF9414B1B681BB1404A606858
:10A03000116898476368002283F8032307B0BDE8DE
:10A04000F043FBF7ADBAB0F8FC301A440132A0F887
:10A05000F8229DE7B0F8FC504B1CAB420FDA6D1AAA
:10A06000ADB2022D0BD0033DADB290F8F83043B93C
:10A07000FEF7DCFEB0B96DB1013DADB20BE00025DD
:10A08000F3E790F8C62001230921A83009F038FA37
:10A090000028EDD100256368B3F8FC221544A3F82D
:10A0A000F85275E76268D2E93B23911C8B4207D3D3
:10A0B0009B1A022B04D0033B9D4288BF9DB2DAE776
:10A0C0000023F9E76068012390F8C8201946A830FA
:10A0D00009F016FA00287FF46CAF72E7012A08D164
:10A0E00093F8C920002A90D160680021F9F75CFD3F
:10A0F00099E756B1F00640D4310740D4B20640D4B7
:10A10000B30740D140F68D11D4E498B1B3F8000103
:10A11000B3F8022190420DD3222276E758030020A3
:10A12000E014002060030020C96700002003002025
:10A1300028000020002905DDB3F80611B3F802213C
:10A140009142E9D2B3F8FE10B3F8FC2091420BD251
:10A15000636893F8CA10B3F8FA2051B1B3F8FC3031
:10A160009342C1D8082250E793F86031002BD3D135
:10A17000EEE7052AB8D93E2247E71E2245E73D22F1
:10A1800043E7232241E72A223FE7626892F8C7307B
:10A19000322B3FF43BAD09D8232B3FF43AAD2B2BA8
:10A1A0007FF446AD00212020FFF789BB3A2B3FF416
:10A1B00058AD3C2B7FF43CAD00213320FFF77FBB33
:10A1C000F7B5764C012727700023606080F8037391
:10A1D0000088238123756375FBF7A0F963681888ED
:10A1E000FBF7C8F96368B3F8FA22264612B393F86E
:10A1F0005621FE2A1ED193F86031DBB160683B46E0
:10A2000090F8C8203946A83009F07AF9054688B98F
:10A21000636893F86121A3F8FE0083F858210220B7
:10A220003946FEF7A5FF6368022083F80253FEF764
:10A230006FFE04E0636893F85601FE28F7D1636867
:10A2400093F80523002A4FD0002362686384B2F894
:10A25000FE32B2F80013013B11FA83F1A2F80013A9
:10A26000B2F8FA109FB211FA83F3A2F8FA30FEF7AF
:10A27000DDFD28B16268D2F8EC303B44C2F8EC3026
:10A280006068B0F8FA32012B9CBF0133A0F8FA32B3
:10A2900000250FB180F80C5390F8C73080F80253B6
:10A2A000A3F10B02012A2BD8B0F8C030B0F8CC23B0
:10A2B0009B1A19043ED400F2CE31CE3009F046FA92
:10A2C000636883F8C750FF2283F822216168B1F8E0
:10A2D000FE2201F1A80009F07FFA002840D040F6E4
:10A2E00015113120F6F72EFD93F82E322BB9626846
:10A2F000B2F84230928C9A42A7D363689B8CA4E751
:10A30000262B17D1B0F8CC23B0F8C0309B1A1A0412
:10A3100010D480F8C750FEF727FE6368014630B9B5
:10A3200083F86C0103B0BDE8F040FFF7E7B983F8AC
:10A330006C51CBE790F8C630262B01D0282BC5D125
:10A34000B0F8C030B0F8CC239B1A1B04BED4002355
:10A3500080F8C630FEF708FE01460028B6D1E1E7D6
:10A360000F4B009396E803000E4B0F4AF7F7FAFEE7
:10A37000E16919B194F8200001F08EFC60680123B6
:10A3800090F8C7200521A83009F0BAF820B103B031
:10A39000BDE8F040F7F7DEBE03B0F0BDE0140020EA
:10A3A000FD960000A9910000558E000038B50446C6
:10A3B000084694F8C03313B10C25284638BD94F8EC
:10A3C000C730172BF8D194F8E43303F0FF05002BC6
:10A3D000F2D199B10A4B5968D1F82033C4F84C3105
:10A3E00001F59C72052301F5447105F043FF01233B
:10A3F00084F8C03320460BF012F8DEE70223F7E7BB
:10A40000E0140020D0F8D433C269934210B504465A
:10A4100004D1D0F8D813426A914220D02288A4F8FF
:10A420003022A3F57A7141F2707291429DBF4FF4D0
:10A430007A72B3FBF2F303F5506340F2E24288BF55
:10A44000B3FBF2F39BB2A4F83232D4F8D833094903
:10A45000C4F83432022204F2262009F05BFD022106
:10A460002046FBF7F5FA002384F8C730032384F86D
:10A47000CA3010BDC142010008B5FBF779FF024B9D
:10A48000024A1A6008BD00BF44030020F191000099
:10A4900038B590F8C6300E3B012B044639D8B0F8D9
:10A4A000C030B0F8362301339BB29A4231D10388D1
:10A4B000A0F83032D0F8403341F27072A3F57A71CF
:10A4C00091429DBF4FF47A72B3FBF2F303F55063F0
:10A4D00040F2E24288BFB3FBF2F39BB2A0F8323203
:10A4E0000025D0F84433C0F8343280F82F5209499F
:10A4F000022200F2262009F00DFD84F834530221D7
:10A500002046FBF70BFB03212046F9F779FE84F880
:10A51000C65038BDC14201002DE9F041DFF8C080CE
:10A5200004460D46002600F5E4770DB9BDE8F0813C
:10A53000B4F81A330133A4F81A33B4F8FA300133FB
:10A54000A4F8FA3020460AF081FFC8B1D4F8EC3004
:10A55000D4F8F02001339342C4F8EC3004D8A18C35
:10A56000D01A0531884202D8012184F8F8109342AC
:10A5700006D3C4F8EC6002224146384609F0CAFC12
:10A5800094F8043123B1B4F800310133A4F8003158
:10A5900094F9083123B1B4F806310133A4F8063137
:10A5A00094F8602102F0FF037AB1B4F8FE30013371
:10A5B000A4F8FE302046FFF76BFFB4F8C030013D31
:10A5C0000133A4F8C030ADB2AFE794F8C820012140
:10A5D00004F1A80008F094FF0028E6D1EAE700BFE4
:10A5E00055460100014B1874704700BF68150020E4
:10A5F000034B00214FF480521970A3F801207047DB
:10A60000E415002070B50646022014460D4600F001
:10A6100005FA064B01221A70054B033CC3F810459E
:10A62000C3F80865C3F8045570BD00BFE4150020E9
:10A6300000F0004008B5022000F0F0F909480A4B8C
:10A640000A494FF0010C80F800C000224FF40000CE
:10A65000C3F80021C3F80421C3F80821C1F8040598
:10A6600008BD00BFE415002000F0004000F00140EC
:10A67000114B1A786AB1114A11494FF40000C2F81F
:10A680000805D1F800213AB91021002099705A70BC
:10A690001870002000F0C2B9D1F80421002AF3D0CC
:10A6A000D1F8082112B110210022EEE7D1F80014F0
:10A6B0000122C9B2E9E700BFE415002000F0014023
:10A6C00000F0004008B5114B1A78587892B1104A42
:10A6D000C823D2F8001141B1D2F8040120B1D2F858
:10A6E0000801B0FA80F0400908BD013B13F0FF03F8
:10A6F000EFD101E0022803D1FA213B20F6F722FB3B
:10A70000A0F10100B0FA80F0400908BDE415002076
:10A7100000F000400A4B1A787AB10A4BD3F80021B6
:10A720004AB1D3F8042132B1D3F808211AB9D3F8C9
:10A730000004C0B27047102070479878704700BF7F
:10A74000E415002000F00040024B00221A809A70AD
:10A75000704700BFE81500202DE9F84304460120AA
:10A760001D460E469DF820902F4F904600F056F95A
:10A7700004F0030040EA054040F08070C7F804058B
:10A78000C7F80865294E35710BF062FA38B9D7F869
:10A79000182522F0FF0242EA0802C7F81825244BC8
:10A7A000244AC3F8082514F0FB0F05D1224AC3F848
:10A7B0009825FC3AC3F89C25B9F1020F2FD81F4BFE
:10A7C00013F80950B9F1000F20D1174B012CC3F831
:10A7D000205506D00123022C7370F4700BD9BDE80C
:10A7E000F88303F580331649164AC3F89815C3F861
:10A7F0009C257470F4700C4B012200213270C3F858
:10A800000011C3F800121A60BDE8F8830BF03EFA9D
:10A810000028DAD14FF4F9713C20F6F793FA40F2B0
:10A82000E7113C20F6F78EFA00F00040E815002012
:10A8300000F001400000020200F10040D861030076
:10A84000501100400CF00040284B5A7870B5002A97
:10A8500042D0274AC2F80C15C2F81005DC78012551
:10A860009D70ECB1042C13D0197881B31B79023B95
:10A870000021012BC2F8041105D81E480323C0F89B
:10A880005011C2F81C351C4B1C4AC3F8042570BD7E
:10A8900000211D70C2F80411C2F80052156070BD8D
:10A8A0001B78F3B1144BC2F804414FF40034C3F8E1
:10A8B0000445D2F8006116B15560C3F808450B781D
:10A8C00003704B78043343708B78837070BD4FF402
:10A8D00089713C20F6F736FA40F217213C20F6F752
:10A8E00031FAE6213C20F6F72DFA00BFE8150020EA
:10A8F00000F000400010004000F0014000000202A3
:10A90000064B1A782AB106490648C1F80805002204
:10A910001A700022A3F80120704700BFE81500203C
:10A9200000F001400000020208B50B4B1B784BB150
:10A930000A4BD3F8042152B1D3F80004003818BFF1
:10A94000012008BD40F27D213C20F6F7FBF940F2E2
:10A950007E213C20F6F7F6F9E815002000F00040D3
:10A96000F8B5184B1B783BB3174CD4F8043113BB24
:10A97000164B0222C4F804231F691A6942F0100220
:10A980001A61D4F8043107F0100753B9104E4FF490
:10A990000045C6F880510BF0BEF9D4F80431002B05
:10A9A000F7D027B9094A136923F010031361064B46
:10A9B0000222C3F80823F8BD40F28E213C20F6F7AE
:10A9C000C1F900BFE815002000F0004000ED00E0F4
:10A9D00000E100E0014B01229A60704700F0004066
:10A9E00008B50B4B4FF40042C3F88020BFF34F8FE4
:10A9F000BFF36F8F074B0022C3F80025C3F8002573
:10AA0000FFF77EFF044B4FF40002C3F8082508BD92
:10AA100000E100E000F0004000F0014038B5144CC7
:10AA20000023C4F80035C4F800350546FFF768FF79
:10AA3000104B4FF40002012DC3F8082503D0022D5E
:10AA400008D085B938BD0223C4F800350A4BC4F8D4
:10AA50001435F7E70321C4F800150749C4F81415A5
:10AA6000C3F80425EEE782213D20F6F76BF900BF1D
:10AA700000F0004000F00140ED150020074B9B78EE
:10AA8000012B08D0022B05D1830702D4044B0122ED
:10AA90001A61704770474207F8D57047F8160020D2
:10AAA0000010004008B5144B93F84530D9070ED577
:10AAB0009A070DD5114BD3F8002242F00102C3F8DA
:10AAC0000022D3F8503503F0F603022B0FD008BD57
:10AAD0005B07FCD50A4B0B4AC3F8AC250BF019F801
:10AAE0000028F4D040F203613E20F6F72BF940F243
:10AAF000FC513E20F6F726F9F81600200010004021
:10AB000000F001400810004030B52D4A431E83B0CC
:10AB1000044682F82400072B48D8DFE803F0423DC2
:10AB2000473847474704274B0520C3F81005264BF5
:10AB3000244D5B5C92F92520C5F8083501F07F03B0
:10AB4000C5F85435204601AB01F0A2FD9DF9040083
:10AB500001F0FEFC9DF8050001F038FE58BB0BF03B
:10AB6000BCF890B14FF08052D5F88835D2F8202348
:10AB70001449022C0CBFC2F30662C2F3062223F46E
:10AB8000FE4343EA0223C1F8883503B030BD0D4BC4
:10AB90000620C3F81005CAE70A4B0420C3F81005C5
:10ABA000C5E7084B0320C3F81005C0E740F6B951CC
:10ABB0003E20F6F7C7F840F2CD513E20F6F7C2F836
:10ABC000F816002000100040DC61030070B54E4E06
:10ABD000431E82B0044686F82400072B00F28F80C3
:10ABE000DFE803F0574D8D528D8D8D04474B0522C4
:10ABF000C3F81025464A454B525CC3F8082501F0BE
:10AC00007F02C3F854257378012B63D03F4DD5F8EC
:10AC10000032FF2243F4887386F84820C5F80032DA
:10AC20000BF02BF818B314F00C0244D00122C5F835
:10AC30000423D5F83C3786F8472023F0004323F05F
:10AC4000FF0343F0004343F07D03C5F83C37D5F8DC
:10AC50007C3786F8462023F0004323F0700343F04E
:10AC6000004343F06003C5F87C37EA632A6420465A
:10AC700001F0F2FC0BF031F880B102B070BD234B53
:10AC80000422C3F81025B5E7204B0622C3F810258F
:10AC9000B0E71E4B0322C3F81025ABE70BF02CF8EE
:10ACA0000028EAD1194AD2F8683543F4C023C2F823
:10ACB000683502B070BDD5F83C3786F8472023F0E0
:10ACC0000043C5F83C37D5F87C3723F00043C5F87E
:10ACD0007C37CCE796F92520F07801AB01F0D8FC61
:10ACE0009DF9040001F034FC9DF8050001F06EFDB3
:10ACF00000288BD040F2CD513E20F6F723F840F6E5
:10AD0000B9513E20F6F71EF8F8160020001000405A
:10AD1000DC6103001B4B10B560220021184605F0D2
:10AD2000B7FD45F6FF72A0F848200AF076FF10B98B
:10AD30000AF07CFF60B114482422FF2105F0A8FD31
:10AD40004FF080430022C3F8082EC3F8102E10BD28
:10AD50000AF075FF0028EED10AF08FFF78B90AF0EB
:10AD600083FF044658B908483822FF2105F090FDBA
:10AD70004FF08043C3F8084EC3F8104E10BD024890
:10AD80004022DAE7F8160020000E0040962808B5A9
:10AD900007D8064B95288CBF002201221A7018850F
:10ADA00008BD40F20B213E20F5F7CCFFF81600203D
:10ADB000024B185C00F51660704700BFDC610300B1
:10ADC000014B93F838007047F8160020014B186BC0
:10ADD000704700BFF8160020014B586B704700BF4A
:10ADE000F816002008B5154B013983F844000729EF
:10ADF0001AD8DFE801F01715190419191904104AB7
:10AE0000104B40F0007040F44030C3F81425C3F8F4
:10AE10001805D3F8503503F0F703032B09D008BD0C
:10AE2000094AEDE7094AEBE740F20B313E20F5F71E
:10AE300089FF40F223313E20F5F784FFF816002009
:10AE40000801906300100040080110010801100083
:10AE5000224BD3F8002222F0020242F4801210B5F5
:10AE6000C3F800221E4C1F4AC4F8A02502F5DE429A
:10AE70001C32C4F8A4254FF48022C4F804250278BB
:10AE8000032A26D1012919D0D3F81445164942784E
:10AE900024F47024C3F81445086A02F03F0242F417
:10AEA0000C3240F0030042F420720862C3F800093B
:10AEB000C3F81029012381F85C3010BDD3F81415B4
:10AEC000427821F4702040F400200749C3F81405AB
:10AED000E2E74FF45E713E20F5F734FF00100040CA
:10AEE00000F001402C110040F816002008B50AF0CF
:10AEF000F4FE50B1054AD2F8743723F0807323F082
:10AF0000010343F08073C2F8743708BD001000409D
:10AF1000474B022270B5C3F88020BFF34F8FBFF3B9
:10AF20006F8F444C00220123C4F8FC2FC4F8FC3F6F
:10AF30000AF0E2FE28B1D4F83C3743F48063C4F849
:10AF40003C370AF085FE60B13A4AD2F83C3723F02C
:10AF5000004323F0FF0343F0004343F09603C2F89D
:10AF60003C370AF0BAFE40B1324AD2F8403723F4F7
:10AF70007F4343F4B053C2F840372E4C2E4BC4F8F5
:10AF8000783701F033FC38B14FF08053D3F83033C9
:10AF9000591C18BFC4F84C374FF010231B6E5A1CB5
:10AFA0000AD02449D1F88C251B0403F47F0322F432
:10AFB0007F021343C1F88C351E4D204A204C40F2CD
:10AFC0000311C5F83415107C012340F25B6284F84C
:10AFD0002430C5F83825C5F830350323C5F81035B9
:10AFE000022640F20123C5F85036C5F8006201F090
:10AFF00003FC144B4FF04062C3F804250023237078
:10B000002387636384F8453096222285D5F800298A
:10B01000226284F85C30064A236EC2F880611021F7
:10B02000C5F80413166013B1BDE87040184770BD31
:10B0300000E100E0001000402C00008934000020F6
:10B04000F816002000F0014038B503683D493E4A3B
:10B050001C0E1B02C1F82445C1F81C354368C1F819
:10B060003C35037A82F8263090F809C0837A82F85A
:10B0700044300CF1FF3107295ED8DFE801F0365685
:10B080005D045D5D5D04314D2E4C43F0007343F46F
:10B090004033C4F81455C4F81835D4F8503503F0CB
:10B0A000F703032B31D082F824C007293FD8DFE80B
:10B0B00001F034143E0C3E3E3E04224B0521C3F801
:10B0C0001015C37A82F8253038BD1E4B0621C3F80F
:10B0D0001015C37A82F8253038BD1A4B0421C3F805
:10B0E0001015C37A82F8253038BD1649184CC1F8BE
:10B0F000144543F0007343F44033C1F81835D1F8D8
:10B10000503503F0F703032B04D140F223313E20E6
:10B11000F5F718FE012382F824300A4B0321C3F807
:10B120001015C37A82F8253038BD0A4DACE740F6D9
:10B13000B9513E20F5F706FE40F20B313E20F5F7FF
:10B1400001FE00BF00100040F816002008019063C7
:10B150000801100008011001014B83F82500704719
:10B16000F8160020034B020E0002C3F82425C3F892
:10B170001C05704700100040014B83F82600704703
:10B18000F816002000B583B001AB01F081FA03B0DE
:10B190005DF804FB2DE9F0415F4D95F84530DB0784
:10B1A00086B040F1AA8000280CBF042202220023AE
:10B1B00004460E468DF804208DF8063001F09AFD05
:10B1C00001284FF0FF3088BF00208DF8050001A84E
:10B1D00005F0CAFB002840F08B8095F845304F4FB2
:10B1E00043F0020385F84530D7F800324FF00108EC
:10B1F00043EA080385F85D80C7F80032002C3BD095
:10B20000012C58D02B8D464A952BD2F84C257ED850
:10B21000B4FA84F401A8022364098DF804308DF88F
:10B22000054005F017FC0DF1030005F0A9FB00280F
:10B2300068D1AA789DF80330012A18D0022A11D1CA
:10B2400083F00203C3F3400385F85E303BB1354918
:10B25000324B4FF460100122C1F808051A6106B0A4
:10B26000BDE8F08185F85E0006B0BDE8F08183F0AE
:10B270000403C3F38003E7E795F826103046FFF791
:10B2800043FC274B2A8D85F80280952AC3F84C8011
:10B29000C7F80080D3F84C35BAD92348234928335E
:10B2A000C36001F07BFA01300128B1D940F224716A
:10B2B0003E20F5F747FD95F826103046FFF786FC4F
:10B2C0000223AB702A8D164B952ADC647C60D3F880
:10B2D0004C359DD9144815492933C36001F064FAEF
:10B2E0000130012894D940F22E713E20F5F72AFD55
:10B2F00040F6E7213E20F5F725FD40F257713E204C
:10B30000F5F720FD40F618313E20F5F71BFD40F221
:10B3100032713E20F5F716FDF816002000100040AF
:10B320000080004000F00140340000207062030003
:10B3300070B582B005F0A4FB05F0C4FB504A514B38
:10B34000D2F8046310240221C2F80843C2F80012A4
:10B350004FF46021C3F80815D2F850354A4C00214B
:10B36000DBB2054606F0100684F84510002B51D1DB
:10B37000238D952B04D9A378012B76D0022B6AD08C
:10B380003F4B0022C3F810212271D3F83C1784F8F8
:10B39000472021F00041C3F83C17D3F87C1721F077
:10B3A0000041C3F87C1794F85C102280A270E9B1C8
:10B3B00084F85C20D3F8002222F4801242F00202CA
:10B3C000C3F800222F4A4FF48021C2F80815D3F8A1
:10B3D000142522F47022C3F81425226A22F00302F5
:10B3E000C3F800292262294AC3F810291EB1244B50
:10B3F0001022C3F8042315B1214B01221A6194F8DD
:10B400005E302BB11E4A01210023116184F85E30A9
:10B4100002B070BDFF238DF807300123C2F8101170
:10B4200013619DF807304BB90CE09DF80730013BE4
:10B43000DBB28DF807309DF807301BB1D2F8103120
:10B44000002BF2D09DF80730002B91D140F69101EE
:10B450003E20F5F777FC01F0B3F9013001288FD9D0
:10B4600040F6A8013E20F5F76DFC01F0A3F901308C
:10B47000012885D940F6A2013E20F5F763FC00BF04
:10B480000010004000F00140F81600208032020059
:10B490002C4BD0B500222C4CC3F84825C3F84425CA
:10B4A000C3F84025C3F84C25FFF742FF238D952BA9
:10B4B00034D894F85D302BB105F05CFA00283CD10B
:10B4C00084F85D00002005F061FA88BBE26B1F493B
:10B4D0001C4B42F04462C1F808251D4AC3F84805D8
:10B4E000002600270221E063C3F844052076C3F854
:10B4F0004005C4E90C67C3F84C05C3F84801C3F81C
:10B500004401C3F84001C3F84C01C2F88010BFF3F6
:10B510004F8FBFF36F8FC2F88011D0BD01F038F9A3
:10B5200001300128C5D940F241513E20F5F70AFC0F
:10B5300040F25A513E20F5F705FC40F257513E20AB
:10B54000F5F700FC00800040F816002000F00140F4
:10B5500000E100E02DE9F0439B4C94F8453043F0C6
:10B56000020387B00F4684F845300646002840F0B5
:10B57000868004230DEB03098DF804308DF8060056
:10B5800001F0B8FB01284FF0FF3088BF00208DF894
:10B590000500484605F0E8F9002840F0D78001256D
:10B5A00094F8261084F85D503846FFF7ADFA2378FA
:10B5B000A570AB4206D18549D1F8002242F00802BD
:10B5C000C1F80022824A834802EB47024FF48011FF
:10B5D000B2F8AC50E26B05F5FA7542F48012E26302
:10B5E000A0FB05257C4AAD09C2F80415002B66D1E5
:10B5F00094F8453043F0020384F84530FFF752FADF
:10B600000AF087FA8046002868D103F093F8002EEC
:10B61000724B039008BF012200F5A87018BF0022EA
:10B620008DF8048002938DF8052053F820300493A0
:10B630005BD1674E674A06EB47074846B7F8AC3020
:10B6400003F51673A2FB03239B09059305F002FA89
:10B65000238D952B7FD80DF1030005F091F900287B
:10B6600040F0A780A2789DF80330012A69D0022A11
:10B6700053D084F85E00284607B0BDE8F08300236D
:10B680004FF002088DF806308DF8048001F032FB8F
:10B6900001280DF104094FF0FF3088BF00208DF81C
:10B6A0000500484605F060F9054600284ED1012303
:10B6B0009E4284F85D305ED02378002B98D0012B19
:10B6C0009CD194F8453043F0040384F84530FFF7EB
:10B6D000E9F90AF01EFA8046002896D0FFF728FE06
:10B6E0000025284607B0BDE8F08328234846059387
:10B6F00005F0B0F9238D952BADD9012E5ED13848D8
:10B7000038492923C36001F04FF801300128A2D93C
:10B7100040F22E713E20F5F715FB83F00203C3F3D0
:10B72000400384F85E30002BA5D02B49274B4FF403
:10B730006010C1F80805012228461A6107B0BDE86B
:10B74000F08383F00403C3F38003EAE740F6E721C4
:10B750003E20F5F7F7FA2248282306F19401C3604A
:10B7600001F01CF8013001287FF675AF40F224711A
:10B770003E20F5F7E7FA94F826103846FFF726FA48
:10B78000237884F80280012B06D11049D1F80022D9
:10B7900042F00402C1F80022E26B42F40012E263BC
:10B7A0000D4A4FF40011C2F804152925002B86D14B
:10B7B0001EE740F618313E20F5F7C4FA40F2327128
:10B7C0003E20F5F7BFFA00BFF81600200010004039
:10B7D000DC610300D34D621000F0014000800040A6
:10B7E00034000020706203002DE9F0430D4687B05D
:10B7F00017460646002839D104230DEB03088DF8BF
:10B8000004308DF8060001F075FA01284FF0FF3082
:10B8100088BF00208DF80500404605F0A5F80028F7
:10B8200040F00B81A14C4FF0010994F8261084F8E8
:10B830005D903846FFF768F9227884F802904A450F
:10B8400000F0E0809A4B9B4903EB4703B3F8AC3020
:10B8500003F5FA73A1FB0313A5EB9315002A40F03F
:10B86000F180954B954AC3F8AC2531E000234FF0A9
:10B8700002098DF804908DF8063001F03BFA01289A
:10B880000DF104084FF0FF3088BF00208DF805004F
:10B89000404605F069F8002840F0CF800123834C32
:10B8A0009E4284F85D3040F0F78094F826103846C8
:10B8B000FFF78CF9237884F80290012B00F0A28026
:10B8C000293D002B40F0BE807B4B7D4AC3F8AC2560
:10B8D0007C4B794AC3F840557B49C2F8A815A3F5BB
:10B8E000E0431021C3F80413E36B43F40023E36344
:10B8F0004FF40023C2F8043594F8453043F00203B6
:10B9000084F84530FFF7CEF86E4B0122DA64D3F8A5
:10B910004C25AA4262D20293002E4FF000038DF80C
:10B920000430039308BF012304958DF8053026D118
:10B930005F4E604A06EB47074046B7F8AC3003F568
:10B940001673A2FB03239B09059305F083F8238D4F
:10B95000952B00F28C800DF1030005F011F8002802
:10B9600040F09580A2789DF80330012A31D0022A58
:10B970001ED084F85E00012007B0BDE8F0832823C4
:10B980004046059305F066F8238D952BE3D9012EEB
:10B9900040F087804D484E492935C56000F004FFCE
:10B9A00001300128D7D940F22E713E20F5F7CAF9AF
:10B9B00083F00203C3F3400384F85E30002BDAD037
:10B9C0003D493E4B4FF460100122C1F808051A6151
:10B9D000D1E783F00403C3F38003EDE7364A002583
:10B9E000C3F84055C2F8AC55E36B4FF4002123F483
:10B9F0000023E363C2F80815FFF79AFC284607B056
:10BA0000BDE8F0832F4B2C4AC3F840552E49C2F8AD
:10BA1000A815A3F5E0431021C3F80413E36B43F426
:10BA20000023E3634FF40023C2F8043594F8453053
:10BA300043F0040384F8453064E740F6E7213E20F4
:10BA4000F5F780F91F4B1C4AC3F840551E49C2F850
:10BA5000A815A3F5E0431021C3F80413E36B43F4E6
:10BA60000023E3634FF40023C2F804354AE7174884
:10BA7000283506F19401C56000F090FE01300128E0
:10BA80007FF669AF40F224713E20F5F75BF940F68E
:10BA900018313E20F5F756F94FF401613E20F5F7D5
:10BAA00051F940F232713E20F5F74CF9F8160020BA
:10BAB000DC610300D34D621000F001400010004033
:10BAC000041000400080004040810040340000200D
:10BAD0007062030070B51A4B93F8395035B30446C1
:10BAE0001646084644B1012C0FD0002132462046AC
:10BAF000FFF77AFEF8B170BD012D93F838105D6B39
:10BB00000CD000F02DFD4119F0E7012D93F838100D
:10BB10005D6B07D000F052FD4119E7E700F03EFDF4
:10BB20004119E3E700F02AFD4119DFE740F6510132
:10BB30003E20F5F707F940F678013E20F5F702F9C7
:10BB4000F8160020014BC3F83C0570470010004078
:10BB500010B50446074804F019FF28B994E80F000F
:10BB6000054C84E80F0010BD40F611113E20F5F79A
:10BB7000E9F800BF7DAA00005C17002008B5174B4C
:10BB8000174993F84520C1F8040542F0010C1864E8
:10BB9000900783F845C00CD5D1F8003243F001037B
:10BBA000C1F80032D1F8503503F0F603022B0FD064
:10BBB00008BD5307FCD50B4B0B4AC3F8AC2509F065
:10BBC000A8FF0028F4D040F203613E20F5F7BAF850
:10BBD00040F2FC513E20F5F7B5F800BFF816002002
:10BBE0000010004000F001400810004038B5144B30
:10BBF0005A6B82421ED2134901244C64D1F8442569
:10BC00001C7605328242D86105D30F4BD3F804214C
:10BC100002B91C6138BDDA6B0C4C0025C1F84451E7
:10BC200042F48002C1F844054FF48001DA63C4F89D
:10BC3000041538BD40F622113E20F5F783F800BF09
:10BC4000F8160020008000400010004000F0014085
:10BC500010B50F4C94F839C094F838100222BCF19A
:10BC6000010F03462276208D94F824200BD000F09B
:10BC7000D3FCE061636B074A00210344C2F844111E
:10BC8000C2F8443510BD00F0A9FCE061F2E700BF46
:10BC9000F816002000800040C30003F1804303F544
:10BCA000F83310B4084A094CC3F81025012202FAEF
:10BCB00000F0E26BC3F81415054B0243E26310BCBD
:10BCC000C3F80405704700BF04110040F8160020B7
:10BCD00000F00140044BC3F86005D3F8002242F0A5
:10BCE0004002C3F80022704700100040054BD3F813
:10BCF0000022002122F04002C3F80022C3F86015A0
:10BD0000704700BF00100040044BD3F8483502468E
:10BD100003F07F035B420120137070470010004066
:10BD200070B5324E338DF170952B8CBF00220122FD
:10BD300086B03270044608BB01227270B278022AC3
:10BD400030D096F8242001AD29492A4801EB420160
:10BD5000B1F8C02002F2E732A0FB021203EB92120C
:10BD6000B4FA84F40123640928468DF804308DF870
:10BD70000540029204F06EFE06B070BD02227270A1
:10BD800001ADB17896F824200229DDD1184919486F
:10BD900001EB82010A6F02F2E732A0FB0212A3EB71
:10BDA0009212DDE701AD96F925202B46084696F85C
:10BDB000261000F06DFC9DF9040000F0C9FB9DF811
:10BDC000050000F003FD58B90B4AFF2386F8483000
:10BDD000D2F8003243F48873C2F80032338DD0E7D2
:10BDE00040F2CD513E20F4F7ADFF00BFF816002021
:10BDF000DC610300D34D621000100040024B0022B2
:10BE0000C3F84025704700BF0080004030B4044BA9
:10BE1000D3E914459B6DC0E9004530BC0B60704709
:10BE2000F81600202DE9F043B14BB24C0125DD643A
:10BE300087B0D3F84C6594F8447003F0B5FD94F8DE
:10BE4000463020650022A6656265002B70D0AA4BA3
:10BE5000D3F80401D3F8101100295FD1002840F075
:10BE60003981D3F80021002A00F07382FF22C3F841
:10BE700000015D610492049A2AB908E0049A013A2B
:10BE80000492049A1AB1D3F81C21002AF6D0049B1C
:10BE9000002B00F04283984B94F84910D3F84825C2
:10BEA00002F07F029142C0F0A982934B0121002051
:10BEB000C3F81C0184F84820C3F808131964996377
:10BEC0008B4B8D4901228020C1F804031A64D3F8FA
:10BED0004025D3F8445502F56A521832954240F293
:10BEE0002582D3F84025E06B02F51C52103240F455
:10BEF0000020E06301F5F031C3F840257F48804A17
:10BF00000025C3F840514FF40023C1F8A805C1F83B
:10BF1000AC25C1F8043507B0BDE8F08384F84620AD
:10BF20008021784AC3F808134FF40023C2F808357B
:10BF3000238D952BA37840F28E80012B00F0848016
:10BF4000022B00F038826F4AE16BC2F8081500221C
:10BF50006949E26384F84520D1F80022257E22F465
:10BF60008E7222F00102C1F8002265B1604AD2F857
:10BF70004411003918BF0121012B00F08480022BED
:10BF800000F0668100255C4BD3F81031002B40F0A7
:10BF90005B81594BD3F804110022891A18BF012183
:10BFA0008DF8141005A8C3F80021C3F80C21C3F8BC
:10BFB0001021C3F80421C3F81421C3F81821C3F8D1
:10BFC0000821C3F86C2104F06FFD10B145F0100595
:10BFD000EDB2474B0022C3F8442105F01802102AA5
:10BFE00059D0434B94F83910D3F84825D3F8443549
:10BFF0000229C4E90C325ED0A378022B5BD094F8FE
:10C000002410637894F802C084F8381084F839C09A
:10C01000002B00F0858115F0110F40F0C8812079C8
:10C0200094F80080B3F1010918BF4FF0010901280D
:10C0300000F02881022867D0002800F0F38040F645
:10C04000BF213E20F4F77EFE00F0B4FB0130012852
:10C0500000F24A82A3782B4AE16BC2F80815264801
:10C06000217E0022E26384F84520D0F8002222F4E9
:10C070008E7222F00102C0F8002200297FF476AF10
:10C08000012B7FF47CAF1C4BD3F80C51002D3FF4F7
:10C090007AAF08257DE7A278012AA2D194F8391059
:10C0A000D3F84825D3F8443545F020050229C4E9E2
:10C0B0000C32EDB2A3D194F82410042901D0082940
:10C0C0009FD10D4BD3F8143413F0060F0CBF082189
:10C0D000042196E70B4A8020C3F808034FF400239D
:10C0E000C2F8083584F8461007B0BDE8F08300BFF9
:10C0F00000800040F8160020001000404081004001
:10C100001410004000F00140B048FEF79DFF616947
:10C110000023B8F1010F2380A370237104D13B36B3
:10C120008E4208D884F80080E2784846FFF75CFB2E
:10C13000002840F09481A64A0126166194F85C30EC
:10C14000FBB1A34BA349D3F8002222F4801242F0A2
:10C150000202C3F800224FF48022C1F80825D3F868
:10C16000142522F47022C3F81425226A22F0030257
:10C17000C3F800292262984AC3F81029002384F8E2
:10C180005C30EB0700F1C980A80700F1A48015F02E
:10C19000280F06D085F02001E36EC1F34011304630
:10C1A000984715F0100501D0236F9847A378022B0C
:10C1B00018D1237EB3B1022B00F04A81012B40F04D
:10C1C000A781E369626B934240F29D81834AC2F882
:10C1D0004435E36B7F4A43F480034FF48001E3630B
:10C1E000C2F8041504F0D8FB00287FF47DAF002DC1
:10C1F0003FF47AAF0390039B01330393039B013316
:10C2000064D0734AD2F8503503F0F703042B57D0AB
:10C21000734B00200221C2F81001C3F8801107B04F
:10C22000BDE8F083208DBCF1000F00F06781012B89
:10C23000019240F0DB80BCF1010F00F04B8100F077
:10C240008FF9019A811863E745F01005EDB2A0E679
:10C250005F4AD2F80C01D2F80024002806BF002360
:10C260000425062512F0010F18BF1D4631B105F057
:10C270000B0345F0010243F00103D5B2002B7FF41C
:10C2800088AE80E65148FEF7DFFE94F83930002B87
:10C2900000F02F81012B94F8382000F00081514BE1
:10C2A00003EB8203226BD96C9B6AD21A4E4B01F2CC
:10C2B000DB51A3FB0131A2EB91126169114427E725
:10C2C000039B01330393039B01339BD140F6BA4197
:10C2D0003E20F4F737FD09F000FD00285BD109F09E
:10C2E0000BFD002857D13A4BD3F85034D90152D521
:10C2F0001A0705D013F0F00F02D013F4706F4AD173
:10C30000334AD2F85414C3F30442012A43D1012919
:10C3100041D0C3F34253022B3DD8636E984740E7A8
:10C320002380A370237123761E4607E7294C002241
:10C330004FF40025C3F84025C3F84021C1F8080395
:10C34000C4F80855C3F84021C1F80803C4F80855DB
:10C35000CAE6D3F8481594F84700C3F81C2101F049
:10C360007F0184F84810002858D194F84920D3F868
:10C3700074358A4275D89AB20F2A02D9B3F5003FB4
:10C380006FD3134B01221A649A63114BD3F81C31FB
:10C390000593059B94E5236C5B78BB4253D945F02C
:10C3A0000405EDB20020A36E31469847F9E6FEF78A
:10C3B000BFFF0026C2E600F003FA431C012B7FF604
:10C3C00049AE40F6A8013E20F4F7BCFC001700205F
:10C3D0000010004000F00140803202000080004068
:10C3E00000E100E0DC610300D34D6210BCF1010FFD
:10C3F00075D000F0E3F8019A811889E6D3F83C176C
:10C4000021F00041C3F83C17D3F87C17002021F03D
:10C41000004184F84700C3F87C1746E594F84900CA
:10C420008842B2D2D3F83C1784F8472021F000416B
:10C43000C3F83C17D3F87C2722F00042C3F87C27CE
:10C440001D649D63A1E785F00400C0F38000AAE7A6
:10C45000636BE169334A0B44C2F84435B9E6002600
:10C460006CE6314AD2F83C3723F0004323F0FF0357
:10C4700043F00043012143F07D0384F84710C2F8E4
:10C480003C37D2F87C3723F0004323F0700343F0AD
:10C49000004343F06003C2F87C37116475E7531E14
:10C4A000072B0ED8DFE803F012140D040D0D0D0458
:10C4B0000E211E4B03EB82039A6A236B9B1A5A18B8
:10C4C000FBE640F2AA213E20F4F73CFC0321F0E712
:10C4D0000221EEE700F062F8019A811818E600F0F8
:10C4E0004DF8019A811813E640F6A2013E20F4F7B8
:10C4F00029FC40F24E713E20F4F724FC40F6510135
:10C500003E20F4F71FFC40F69C413E20F4F71AFC55
:10C5100040F69B413E20F4F715FC40F6BF313E202B
:10C52000F4F710FC0080004000100040DC610300C4
:10C53000024B03EB8003986A704700BFDC61030085
:10C54000024B03EB8003186F704700BFDC610300F0
:10C55000024BC0B2C3F80C05704700BF001000408A
:10C5600010B504460846FFF7EBFF034BA3FB003072
:10C57000A4EB901010BD00BFD34D6210054B064ACE
:10C5800033F8113003F2E733A2FB0323023800EB48
:10C5900093107047D4620300D34D6210054B064AD6
:10C5A00033F8113003F57A73A2FB032300EB9310E9
:10C5B000704700BFD4620300D34D621010B504462B
:10C5C0000846FFF7BDFF044A00F2E733023CA2FB36
:10C5D0000330A4EB901010BDD34D621038B50C4D54
:10C5E00035F8111005EB82056C69214401F6B7316D
:10C5F0004FF47A7404FB001406481D46A0FB043473
:10C600001046FFF795FF0535A4092C44204438BD9A
:10C61000D4620300D34D621070B506460846154635
:10C62000FFF78EFF0A4B03EB85034FF47A715C69C9
:10C63000084B04F6B734024601FB0644A41A284608
:10C64000A3FB0434FFF774FFA4090530204470BD38
:10C65000D4620300D34D621010B5044609F00DFBFF
:10C6600050B10A4AD2F84037082C23F0004304D0D6
:10C67000042C02D0C2F8403710BD23F47F4343F0AE
:10C68000004343F44443C2F8403710BD001000405B
:10C690002DE9F04F294C83B0064698460D461746C3
:10C6A00000F0CCF82378B342814602D16378AB42E4
:10C6B0002AD0731E072B38D8DFE803F02435373330
:10C6C0003737370402200DF107033A46294600F0B8
:10C6D000BBF8824670BB28469DF907B0FEF768FBA1
:10C6E000534602464146584600F076F8B8F8003006
:10C6F00026706570A380A071A77084F8039003B0C2
:10C70000BDE8F08F0020DEE794F90230BB42D0D1C3
:10C71000E3788342CDD1A38894F90600A8F80030CD
:10C72000EDE70320CFE70120CDE740F2F23106200C
:10C73000F4F708FB3D217520F4F704FB4C000020C2
:10C74000014B1860998070477417002070B5084E2F
:10C7500004460025E36A53B1E16AF0680B68E362BE
:10C760000D704D708D70CD7005F065FAF2E770BDFB
:10C77000A0170020024BD86019745A82704700BF7E
:10C78000A0170020014B1B681B6818476803002096
:10C79000014B1B685B68184768030020014B1B684E
:10C7A000DB68184768030020014B1B681B691847AA
:10C7B00068030020014B1B685B6918476803002071
:10C7C000014B1B689B69184768030020014B1B68DD
:10C7D0009B6A18476803002010B4034C2468A468BF
:10C7E000A44610BC604700BF68030020014B1878C6
:10C7F000704700BF1C1E002000220F4938B50446B8
:10C80000134644FA02F0C007D5B248BF581C02F1E3
:10C81000010244BFCD54C3B2042AF2D1064DC3F184
:10C820000402042BD2B24FF0FF0188BF0022E818A7
:10C8300004F02EF82C7138BD281E0020014B187D05
:10C84000704700BFD8170020042810B511D883B155
:10C8500004280CBF10242824A1420AD2064C54F804
:10C86000200018B141568A42A8BF0A461A7000201B
:10C8700010BD6FF01500FBE7D817002030B5034658
:10C88000114890F91C209A4219DD90F924209A420F
:10C8900017DA9A1A846AA05C0C4A15569D420DD08C
:10C8A0000E32002918BF01309442C0B206D129B11E
:10C8B000013BDBB2012B01D80130C0B230BD0D20ED
:10C8C000FCE70020FAE700BFD81700204C63030004
:10C8D00008B5054B93F91C30984203DAFFF7CEFFF9
:10C8E000024B1B56184608BDD81700204C630300A6
:10C8F00010B51C4C94F82C3073B9012384F82C30FB
:10C9000009F09DF948B1184BA362D823236284F83B
:10C9100024300823A361237710BD09F0A5F900286E
:10C92000F1D109F0AAF90028EDD109F06DF938B17B
:10C930000E4BA362D823236284F824300423E9E752
:10C9400009F06BF90028F3D109F070F90028EFD154
:10C9500009F07EF90028EBD140F2BB11742003F0FE
:10C96000D5FB00BFD8170020876303005A6303007C
:10C97000034610B3007888B91A79012A1ED85A796B
:10C98000012A1BD89A680E49643A8A4216D8D86898
:10C990000C4B98422CBF00200120704701280CD17D
:10C9A0001A79012A09D85A79012A06D8DA6804497D
:10C9B000643A8A4201D89868EAE70020704700BFCD
:10C9C0003C8601000040420F10B5054C236813B1AE
:10C9D000984700232360BDE8104001F0EBBE00BF84
:10C9E000081800202DE9F8438846074680B300F078
:10C9F00037F84FF0000905465FFA89F6AE420AD2D1
:10CA0000304600F033F890F8264009F10109002C77
:10CA1000F2D1FF2E03D16FF00B00BDE8F883304652
:10CA200000F024F80546848480F8264080F82860C9
:10CA300001460A4802F064F8202885F827000AD049
:10CA400001232F6285F82630204688F80060E4E74D
:10CA50006FF01500E1E76FF02200DEE7A15701005B
:10CA6000014B1879704700BF0C180020054B1A794C
:10CA7000824283BF1B6800EB400003EB00100020E4
:10CA8000704700BF0C18002010B510F003040A46D0
:10CA90000BD107490A71086030B102EB4202120162
:10CAA000214603F0F5FE204610BD6FF00D00FBE7B8
:10CAB0000C18002043F60952C0F3080302FB03F3ED
:10CAC000400A03F5807302FB00F000EB532070472F
:10CAD00043F6095CC0F3080210B50CFB02F2C0F388
:10CAE0004E24030E43EA01230CFB04F0090E02F569
:10CAF00080724FEA411C00EB52205A01B2EB030E48
:10CB00004CEAD36C6CEB01044FEA841C4FEA8E12A2
:10CB1000B2EB0E024CEA9E6C6CEB040C4FEACC0CB0
:10CB20004CEA527CD200D31841EB0C01DA03C90362
:10CB3000801841EA534141F1000110BD430B48F216
:10CB4000376C0CFB03F34FEA134C00B5104B43F664
:10CB5000095E0EFB1C0000FB03F35B0D0EFB03FEE6
:10CB600003EB4C230EF5745C0CF1080CB0EB5C2F5E
:10CB700008D80EF5807EA0EB5E20C0B20B6010706E
:10CB80005DF804FB013300200B6010705DF804FBBE
:10CB90006F0C0100F8B5274DA94246D8264E274F05
:10CBA000450F45EAC105A6FB0514C0F34F31A40BA0
:10CBB00001EB054107FB1411A6FB0151890B41EA6A
:10CBC00004411F4C04FB110448F2376C600B0CFB52
:10CBD00000F04FEA104C43F6095E1A480EFB1C4564
:10CBE00005FB00F0400D0EFB00FE00EB4C200EF5A7
:10CBF000745C0CF1080CB5EB5C2F12D80EF5807E3E
:10CC0000A5EB5E2E5FFA8EFE069D85F800E00D0610
:10CC100028184FEA112141F1000118605960146091
:10CC2000F8BD01304FF0000EEEE796219B2003F097
:10CC30006DFA00BFFF7F841E83DE1B43000024F4D7
:10CC40000080841E6F0C0100420B48F2376303FB27
:10CC500002F2120C43F6095C074B0CFB120101FBBC
:10CC60000333013B5B0D0CFB03FC5002B1EB5C2F6B
:10CC700088BF0130184470476F0C01001F2810B5A1
:10CC80009FBF054B440103EB4010195196BF426012
:10CC90000020012010BD00BF1818002070B501252C
:10CCA00004460E4685407AB1002000F065FDE300A1
:10CCB00003F1804303F5F833C3F81005C3F8146596
:10CCC000034BC3F8045570BD014BC3F80855FAE790
:10CCD00000F0014008B5064B93F80024202A03D148
:10CCE0003F21022003F012FA83F8300408BD00BF90
:10CCF0001818002008B5064B93F80024202A03D109
:10CD00004521022003F002FA93F8280408BD00BF71
:10CD10001818002010B5094A92F80034202B03D1CE
:10CD20005021022003F0F2F9590102EB4313BDE850
:10CD30001040525858680421104700BF18180020AE
:10CD400008B501B3F0B14FF0FF331A46E0FB0132F2
:10CD50000E498A4203D971216D2003F0D7F9180DCD
:10CD600040EA0230C3F30F134FF22441B0FBF1F25B
:10CD700003EB0040064B03FB1200B0FBF1F040EA6E
:10CD80000240013008BD0846FCE700BF3F420F00EB
:10CD9000000024F4014B9888704700BF541C002009
:10CDA000014B5888704700BF541C002010B5EFF3AA
:10CDB000108472B6064A93790133DBB2937193798A
:10CDC000012B01D108F0C1FE04B962B610BD00BF4D
:10CDD000541C002070B50C4C267866B90125A06063
:10CDE0002570FFF7E3FF00F075FA30B94FF080438C
:10CDF0002573C3F80453002070BDA368002BFAD03C
:10CE00009847A660F7E700BF541C002038B5FFF72D
:10CE1000CDFF00F05FFA094C4FF0804540B108F0BB
:10CE200081FE01232B61042363730023A37338BDA8
:10CE3000032363730123C5F80433F6E7541C002071
:10CE400010B5EFF3108472B60A4B9A7922B94FF4F9
:10CE500096716D2003F05AF99A79013AD2B29A711B
:10CE60009A791AB9DB7B0BB900F022FA04B962B6E1
:10CE700010BD00BF541C002008B5054B1A7822B124
:10CE800000221A731A70FFF7DBFF002008BD00BFF5
:10CE9000541C0020024B587B003818BF01207047FB
:10CEA000541C002073B51B4D2B7F63B9286A00F01A
:10CEB000030008F064FE30B1EFF3108372B66A7BB2
:10CEC0001AB103B962B602B070BD01226A7303B928
:10CED00062B64FF080430822C3F808234FF4207352
:10CEE000ADF80630BDF80640A4B2631E9BB2ADF8A3
:10CEF0000630002CF6D14FF080460748C6F80C41AA
:10CF000008F064FE85F82540FFF780FF0823C6F887
:10CF10000433D8E7541C0020781C00202DE9F04190
:10CF2000384C94F82630002B69D04FF08043D3F86A
:10CF30000071D3F8046157B10122C3F80823237BA1
:10CF40002BB1A368002525730BB19847A5604EB19E
:10CF50004FF080430022C3F804210222C3F80823C3
:10CF6000FFF7A0FF4FF080462748D6F80C8194F8D1
:10CF70002550EDB208F02EFE20B140F2C5116D2013
:10CF800003F0C4F847B1637B032B05D1042363731B
:10CF900008F0C8FD01233361B8F1000F16D04FF03F
:10CFA00080430022C3F80C21637B042B02D040F2A3
:10CFB000D711E4E708F085FEC0B14FF080430022AE
:10CFC000C3F8342C02236373FFF73AFF4DB10023FB
:10CFD00084F82530637B022B01D1FFF717FFFFF7A1
:10CFE0002FFFBDE8F041084808F003BE08F030FE0E
:10CFF0000028E2D108F041FE0028DED1E2E7BDE8DA
:10D00000F08100BF541C0020781C002010B5044C97
:10D01000206A00F0030008F0B2FD0028F8D010BD2F
:10D02000541C0020F8B5054650B10278042A07D8F0
:10D03000437842B9013B1F2B02D88378212B07D9B3
:10D040006FF0150076E0002BFAD18378002BF7D132
:10D05000814B0127C3F88070BFF34F8FBFF36F8FF1
:10D060004FF08046C3F880717C4C4FF0FF33C6F818
:10D0700008330023C6F80031C6F80431C6F80C3175
:10D08000A371AB88A38008F065FD08B12770A77174
:10D09000D6F80C24D6F80C34D20303D5DF0701D51B
:10D0A00000F012F940F2F55363802B78A9782377CA
:10D0B000002222622174A273042B4ED8DFE803F011
:10D0C00005033B494B000123236208F04AFD002879
:10D0D0004ED008F04DFD236A03F00303984247D178
:10D0E000AB79002B3ED1FFF791FF237C6BB12B78FE
:10D0F0005BB900F0EFF8054603F07EF96FF00043EE
:10D10000002D00F0A580C4E905034FF08043D3F85B
:10D110000C24D3F80C34D20303D5DB0701D500F07F
:10D12000D3F84D4A01230020607384F82630C2F8FA
:10D1300080311360F8BDFFF739FE4FF08043D3F81C
:10D140000C14D3F80C24CE03F9D5D007F7D502235D
:10D15000BAE7434BB8E7434BB6E740F216316D20D0
:10D1600002F0D4FF4FF080430222C3F80423BCE74F
:10D170004FF080430122DA600022C3F80421226AC2
:10D18000C3F8182508F040FD10B34FF080534FF05E
:10D190008042D3F84432C3F34233C2F83C3508F03E
:10D1A00033FD10B34FF080430122C3F84C254FF0FC
:10D1B000804301229A600222C3F80423AA79002A3C
:10D1C00093D1D3F8042391071CD440F2CD21C6E7B4
:10D1D00008F023FD0028D8D108F028FD0028D4D17C
:10D1E00008F036FD0028D0D1D9E708F016FD002858
:10D1F000D8D108F01BFD0028D4D108F029FD002863
:10D20000D0D1D4E7184A1669116941F010011161B3
:10D21000D3F8043106F010060BB908F07EFD4FF08C
:10D220008047D7F8043183B1FFF7F0FE26B90E4AE4
:10D23000136923F0100313614FF080430222C3F8F7
:10D2400008230022C3F804214FE708F064FDE8E753
:10D25000C4E9053059E700BF00E100E0541C00209C
:10D26000010002000100030000ED00E010B50D4CCC
:10D2700004F1240008F0AEFC48B9637B022B01D115
:10D28000FFF7C4FDBDE81040074808F0B2BC074AEC
:10D29000012384F82530BDE81040C2F80031FFF7C3
:10D2A00085BD00BF541C0020781C002000E100E078
:10D2B0004FF08042012353600023C2F80031014A3D
:10D2C000137070477B1C0020014B01221A707047BD
:10D2D0007B1C00204FF08043D3F8003123B9034B6F
:10D2E000187800F0010070470120FAE77B1C00204D
:10D2F000094B4FF0FF32C3F808230022C3F8402542
:10D30000C3F84021C3F84425C3F84421C3F8482595
:10D31000C3F84821704700BF00800040084B094A0D
:10D320001B78012B16BF4FF440314FF4003100231E
:10D33000C2F84813C2F808130BB9C2F8403170475D
:10D34000801C002000B0004070B5EFF3108472B66E
:10D35000094A0A4B0025D2F80415D2F804612EB10F
:10D36000596801315960C2F80451F4E75B6804B9A7
:10D3700062B6C0E9001370BD00B00040801C002000
:10D38000094BD3F80435C01A20F07F4323F0010382
:10D390003BB120F07F40B0F5000F8CBF0220002091
:10D3A00070470120704700BF00B00040104B4FF4A1
:10D3B0000062C3F88020BFF34F8FBFF36F8FC3F8B5
:10D3C00080210C4B01225A609A60D3F80425002A70
:10D3D000FBD10949C3F808134FF44031C3F848138F
:10D3E000C3F84021C3F84421C3F80421704700BFAB
:10D3F00000E100E000B000400200030008B5144B5B
:10D40000D3F8042522F00302C3F80425D3F8082535
:10D4100042F00302C3F80825102292FAA2F2B2FAEF
:10D4200082F2092A04DD0B4840F2913102F064FED9
:10D43000C3F810250122DA60074A9268C3F8002277
:10D44000064B4FF48072C3F880211A6008BD00BFFC
:10D4500000800040DFC20300801C002000E100E0EB
:10D4600008B50A4B4FF48072C3F88020BFF34F8F8A
:10D47000BFF36F8F0649C3F8802101204860FFF792
:10D4800037FF044B086100221A7308BD00E100E079
:10D4900000800040801C002010B5234C0023FF2298
:10D4A0004FF0FF314FF0FF30C4E904012370627385
:10D4B0006360FFF7D5FFFFF779FF1C4B4FF4006265
:10D4C0001A60A1691A4A31B901231360184B02226C
:10D4D000C3F8042310BD174B1748C3F8A805C3F8B9
:10D4E000AC15C3F85C294FF40022C3F80425134A95
:10D4F0000521C2F8401501211160D2F84011002920
:10D50000FBD04FF40021C3F8081501215160D16010
:10D510000021C2F84011C2F84015C3F8A815C3F89D
:10D52000AC15C3F8AC15D1E7801C002000E100E089
:10D5300000B0004000F00140408100400080004009
:10D54000014BD3E904017047801C0020014BD3F844
:10D550000405704700B0004013B56846FFF7F4FEBD
:10D56000DDE90004FFF7A6FA024B0021E4FB03010A
:10D5700002B010BD0080841EB1F1FF3F08BFB0F1C2
:10D58000FF3F2DE9F041424C05460E463AD1414D50
:10D59000D5F800318BB3404E404BC6F80835FFF745
:10D5A000BDFE4FF000080123A36084F80D80FFF753
:10D5B00057FFFFF723FF3A4BC5F80081394FC6F8F4
:10D5C000A8354FF40023C6F8AC75C6F8043508F04A
:10D5D000E6FAD5F800312BB10123C5F800817B6054
:10D5E000FB60F4E7013041F100010223C4E90401CA
:10D5F0002370FF236370BDE8F08108F0D0FAC51CEA
:10D6000041F10006D4E90473B34208BFAF42F2D03F
:10D61000214B224AC3F80825FFF780FE1D4A4FF42C
:10D62000803125F07F480023C2F808134046C2F835
:10D630004813C2F84031FFF7A3FE20B140F2263173
:10D640006C2002F063FDC2F84085C2F844132378D1
:10D65000012B06D127F07F473846FFF791FE0128BE
:10D66000FAD0002301276373A760FFF7F9FEFFF7E5
:10D67000C5FE094B27704FF00042C3F80425042370
:10D680006370044BC4E90456C3F84873B3E700BFA2
:10D69000801C002000B0004000F001400000088025
:10D6A00000B1004000800040032870B52D4B06D922
:10D6B000011FC9B201292FD940F276310BE0D3E91D
:10D6C0000441B1F1FF3F08BFB4F1FF3F06D11B7B1E
:10D6D00023B940F255316C2002F018FD2249234D48
:10D6E00000F110040123800003FA04F4C5F8084394
:10D6F0000B5000F1804101F50041D1F84005101AAE
:10D70000022805DDC1F84025C5F80443012002E0E8
:10D710000020C1F8400570BD1C782CB15B788342B5
:10D7200002D140F27231D6E7114B124E22F07F4502
:10D730008A0013444FF480348C400022C6F808431A
:10D740002846C6F848431A60FFF71AFE40B901F5AB
:10D75000A87146F82150C6F80443C6F84443D5E7FB
:10D760001046D8E7801C0020408000400080004028
:10D7700040B1004000B0004008B520B14FF46171E5
:10D780006C2002F0C3FC014808BD00BF408100408E
:10D79000032837B508D9041FE4B2012C19D940F287
:10D7A000CA316C2002F0B2FC234900F110020123BF
:10D7B0009340C1F8083300F5A873002241F82320F4
:10D7C0001E4B81005A5053F820300093009B03B049
:10D7D00030BD1B4D2B7893B16A7882420FD1194A24
:10D7E0001949C2F80815012B01D1FFF739FE0023B2
:10D7F0002B704FF0FF324FF0FF33C5E90423134A7B
:10D800004FF48033A340C2F80833C2F8483304F51C
:10D81000A87352F82300FFF7B3FD012818BF0C4B83
:10D8200022B24FEA84041CBF00211951084B53F85F
:10D8300022300193019BCAE70080004040810040F4
:10D84000801C002000F001400000088000B0004073
:10D8500040B1004010B50A4B0446012210B1C3F894
:10D86000442310BDC3F84823FFF7FAFD054B4FF0E2
:10D87000FF304FF0FF31C3E904011C70F1E700BF36
:10D8800000B00040801C00201F4A08B5D2F80433C5
:10D89000D90311D5D2F8403173B10023C2F8403119
:10D8A000D2F84005FFF76CFD30B14FF48033C2F879
:10D8B0000833042001F0ACFE134AD2F804339B0372
:10D8C00011D5D2F8443173B10023C2F84431D2F8F3
:10D8D0004405FFF755FD30B14FF40033C2F808336B
:10D8E000052001F095FE084BD3F8042132B1002247
:10D8F000C3F80421054A536801335360044B4FF4C5
:10D900000062C3F8802108BD00B00040801C0020E8
:10D9100000E100E038B5364C637BFF2B64D0237800
:10D9200083B10122022B227319D1324B4FF4002212
:10D93000C3F80825002323704FF0FF324FF0FF3368
:10D94000C4E904232C4BD3F8042310030DD5D3F8DA
:10D950004C2152B140F20F416C2002F0D7FB022360
:10D9600060782370FFF714FFECE7D3F8042351032A
:10D970000DD5D3F8483153B10220FFF709FF1F4BF3
:10D980004FF48072C3F88021022001F041FE1A4B4F
:10D99000D3F8042392030DD5D3F8443153B10120B9
:10D9A000FFF7F6FE154B4FF48072C3F8802101207B
:10D9B00001F02EFE104DD5F80433DB0316D5D5F853
:10D9C00040319BB10020FFF7E3FE0C4B4FF4807217
:10D9D000C3F880210020FF236373A060C5F8000214
:10D9E000BDE8384001F014BE0620F9E738BD00BF9D
:10D9F000801C002000F001400080004000E100E0B9
:10DA00002DE9F04F97B01C46CDE90212DFF8FCA2D9
:10DA10008046FFF795FD4FF080420123C2F808359C
:10DA2000DAF800200F461360B949082202EB4412CD
:10DA300053185558B3F80E90CDF81090D3E901B2B1
:10DA400001EB441C06921C7B5A7BDB6800920CF1B4
:10DA5000080C07930646BCE80F000DF1380EAEE83F
:10DA60000F009CE803008EE8030025F07F40FFF7DD
:10DA700021F84B4601331C44A64B9842044400F263
:10DA800037829C4200F3E480002CC0F2C180FFF793
:10DA900021FC009B012B024608D0DAE90613B3F102
:10DAA000FF3F08BFB1F1FF3F00F0B7800192FFF7E1
:10DAB00077F940F256339842019A00F0D78040F24D
:10DAC000F553984200F0CF80B0F5C67F00F0C580D6
:10DAD00000230193002103200591B7F1FF3F08BF08
:10DAE000B6F1FF3F1FD0AE4277EB0B03C0F0828050
:10DAF000B6EB050C67EB0B03BCF5000F73F10003ED
:10DB000080F00082A5EB060CBCF1000F33460ADD65
:10DB10000598002800F0AD809AF8200000280CBF7E
:10DB20000846002000E0434615F1FF39A9EB030C3D
:10DB30004BF1FF3184454B4657DB002A41D0099316
:10DB4000029B0891B9EB080861EB03020292FFF710
:10DB500027F940F2563C6045DDE90813029A00F0CF
:10DB6000DD8040F2F55C604500F0BE80B0F5C67F18
:10DB700014BF09201620804572F1000280F0BA809F
:10DB8000039A012A00F0CC80059A002A73D1B7F1DC
:10DB9000FF3F08BFB6F1FF3F6DD0B6EB090C67EB56
:10DBA0000102BCF1050F72F1000080F28481BCF12A
:10DBB000010F72F1000318DA39463346059FB1466A
:10DBC00068E0DAE90620B0F1FF3F08BFB2F1FF3F9D
:10DBD000B5D0DDF804C0AA1A6BEB0000624570F105
:10DBE0000002ACD2009A012AA9D00026304617B014
:10DBF000BDE8F08FB5EB060C6BEB0703BCF5000F2F
:10DC000073F1000380D340F23171702002F07EFA8C
:10DC100004F1F45404F5902439E700287FF446AF6A
:10DC20000190FFF7BDF840F256339842019A00F098
:10DC30004B8140F2F553984200F01D81B0F5C67F4C
:10DC400000F01F810123032011460192059344E750
:10DC500004F1614404F5F70419E700210D230320C2
:10DC60000193059139E73223019333E71C23019394
:10DC700030E7084658E7484605930291FFF77CFCD9
:10DC80000299059B0027B1F1FF3F08BFB9F1FF3FA3
:10DC900000F0338123F07F402A1A22F07F42013ABC
:10DCA000B2F5000FA1D2069B5B191B1A23F07F432C
:10DCB000B3F5000F99D80291FEF7FCFE164B0299BE
:10DCC000A4EB000898453BD3041B9C42C0F0DF80C6
:10DCD000104B984530D89C4240F22881C4F16144F1
:10DCE00004F5F704A0462CE03B20804572F10002C9
:10DCF000FFF446AF0593009B02915F1E484618BF94
:10DD00000127FFF739FC059B0299BCE7A01C002006
:10DD100018180020FF7F841E0040420F25202AE7AC
:10DD2000B7F1FF3F08BFB6F1FF3F00F0F58039467D
:10DD30003346B1460027ADE708F1F45808F59028BE
:10DD400044467D4B93F8283023B9049B1E33A342ED
:10DD500080F2A580039B012B04D001200291FFF7E4
:10DD600017FD0299049B4BB1A8EB0302012000238D
:10DD70000291FFF799FC0299002854D000234246F3
:10DD800018460291FFF790FC0299064600284AD0F7
:10DD9000009BDAF81820012BDAF81C3000F08480A0
:10DDA000002F44D1B3F1FF3F08BFB2F1FF3F00F0B5
:10DDB00098800120FFF74EFD9AF82030002B40F0AC
:10DDC0008980049A1932A24280F2A1800024A8EB33
:10DDD000020223460220FFF767FC30B1DAF8003078
:10DDE0001C604FF08043C3F80845069B1093079BC7
:10DDF000119300238DF850300A934FF0FF324FF00B
:10DE0000FF33CDE90E5BCDE90C230AAD0FCD4A4CB3
:10DE10000FC40FCD0FC495E80F0084E80F00304603
:10DE200017B0BDE8F08F0120FFF7B2FCDDE6B3F1DB
:10DE3000FF3F08BFB2F1FF3F0BD00091FFF700F8A2
:10DE40004FF0FF324FF0FF33CAE906230099002F4D
:10DE5000B2D0019BB9EB030261F100030520FFF78B
:10DE600023FC00285DD09AF82030002BA9D1012393
:10DE70008AF82030A5E7322101233520019105934E
:10DE80002BE60D21012310200191059325E62A4B55
:10DE900093F828306442A046002B7FF45BAF4FF428
:10DEA000F261702002F032F9B3F1FF3F08BFB2F126
:10DEB000FF3FCCD0C1E7484608930291059FFFF78A
:10DEC0005BFB0299089BDEE61C2101231F200191C8
:10DED000059302E60520FFF75BFC00238AF820305B
:10DEE0006FE7FEF763FF07F05AFECAE9060160E735
:10DEF00040F22141702002F009F940F27C7170205B
:10DF000002F004F940F23571702002F0FFF840F29F
:10DF1000BA71702002F0FAF840F2A361702002F0AA
:10DF2000F5F840F22621702002F0F0F840F6580192
:10DF3000702002F0EBF800BF201C00202DE9F04F0C
:10DF40008F4F97F8214004EB44033B4483B05E7A43
:10DF5000202E48D08B4BE5B26400002B00F0898066
:10DF6000894BDFF82892002B5FD006EB451207EBB8
:10DF7000420A4FEA45189AF82830013BDBB2052BDC
:10DF800034D8834A12F803B0BBF1090F2ED0AFF397
:10DF90000080EFF3108372B62C443C449AF8292099
:10DFA0006272A27AB24204BF2022A27213B9AFF306
:10DFB000008062B6B044730107EB480809EB4616CF
:10DFC000012259F80330706888F82820594698478C
:10DFD00097F8214004EB44033B44E5B25E7A202EDF
:10DFE0004FEA4404C1D103B0BDE8F08F40F26E6146
:10DFF000702002F08BF862B6B044730107EB48085A
:10E0000009EB4616012259F80330706888F8282079
:10E010005946984797F8214004EB44033B44E5B246
:10E020005E7A202E4FEA4404DDD006EB451207EB62
:10E03000420A4FEA45189AF82830013BDBB2052B1B
:10E04000D4D8534A12F803B0BBF1090FCED0AFF3C6
:10E050000080EFF3108372B62C443C449AF82920D8
:10E060006272A27A964204BF2022A272002BC3D110
:10E07000C1E7454BDFF818B1DFF810A14FF02009D8
:10E08000002B51D006EB451207EB42024FEA451830
:10E0900092F82830013BDBB2052BA7D81BF8031000
:10E0A0000929A3D0EFF3108372B62C443C4492F8B4
:10E0B00029206272A27A964208BF84F80A90002B47
:10E0C00054D0B04407EB480873010AEB461601220E
:10E0D0005AF80330706888F82820984797F821404C
:10E0E00004EB44033B44E5B25E7A202E4FEA44043D
:10E0F000C8D178E762B6B044730107EB48080AEB71
:10E10000461601225AF80330706888F8282098478C
:10E1100097F8214004EB44033B44E5B25E7A202E9D
:10E120004FEA44043FF45FAF06EB451207EB4202AF
:10E130004FEA451892F82830013BDBB2052B3FF639
:10E1400055AF1BF8031009293FF450AFEFF31083CC
:10E1500072B62C443C4492F829206272A27A96420C
:10E1600008BF84F80A90002BC5D1C3E70191AFF333
:10E17000008062B6B044019907EB4808A4E700BFED
:10E18000A01C002000000000000000001818002063
:10E19000B86303002DE9F04F85B00D4614461F46C5
:10E1A0009DF838B0FEF750FD2E686968031947F1F5
:10E1B0000002B342019372EB01030292C0F0CA80E5
:10E1C000DFF8A891DFF8A8810BEB4B034B440393D6
:10E1D000DA46039B1C7A202C3BD040F2F5578C4644
:10E1E0000FE06B7B012B02D0537D012B56D004EB4B
:10E1F0004A1409EB440494F82940202C29D0D5E98D
:10E20000006C08EB44124FEA441B91681369D06814
:10E210005B1840F100009E427CEB0003E1D240F22B
:10E22000563740F2F55608EB0B0C2968AB68DCF862
:10E2300008006A685B1842F100029842DCF80C3072
:10E2400093411AD39CF81530012B02D06B7B012B24
:10E2500003D0012005B0BDE8F08F411A0091FEF710
:10E260009FFDB84200993FD0B04228D0B0F5C67F9C
:10E2700014BF01230E239942EBDA08EB0B032A7C2F
:10E28000197E91421FD904EB4A1409EB440494F817
:10E290002940202CDDD04FEA441BC4E7761AFEF754
:10E2A0007FFD40F25633984220D0B84209D0B0F5F5
:10E2B000C67F14BF01230E239E42B0DB97E73323B2
:10E2C000D9E73323F8E7D3E902611C695B7DA6191E
:10E2D00041F10001012B0BD0019BB342029B8B410A
:10E2E00038D3C5E9006174E71D23C4E71D23E3E7C4
:10E2F0006B7B012BF0D00091FEF752FD40F25633BC
:10E30000984200992CD040F2F553984226D0B0F5AF
:10E31000C67F14BF01230E239C42DDDAFEF740FDC9
:10E3200040F2563398421FD040F2F553984219D02C
:10E33000B0F5C67F14BF01260E26C344DBF80830B3
:10E34000DBF80C10F618019B41F10001B342029B6F
:10E350008B41C6D2002005B0BDE8F08F3323DBE748
:10E360001D23D9E73326E8E71D26E6E7A01C002099
:10E37000181800202DE9F047154692F8008092F811
:10E380000BC0AF7A12891C4686B00023E36023617C
:10E39000C4E9003327749DF8389084F80DC0064610
:10E3A000A3606361E28184F811800F46B8F1000F29
:10E3B00042D1FEF78DFBD5E904C24C4BC31841F1A5
:10E3C000000E9C4572EB0E030AD3013E47F1FF3766
:10E3D000C4E900674FF47A73A36006B0BDE8F08724
:10E3E000263041F10001844572EB0103EDD3288909
:10E3F00001300021844572EB01036AD3BCEB0000BD
:10E4000062EB010104F10C03009303AA04ABFEF7D5
:10E41000C1FB039B6A682889473313441844FEF7FD
:10E4200013FCDDE90432C01A20F07F40C4E9003259
:10E43000A06006B0BDE8F0872D4804A9801A04F159
:10E440000C02FEF77BFB2B4B1B78202B24D02A4998
:10E450000B69D1E90521053342F1000A13EB0108EC
:10E460004AF1000A6B68227BE08947331044184464
:10E47000C4E9008AFEF7E8FB3246A0603B46286903
:10E48000CDF800902146FFF785FE0028A5D1C4E90C
:10E49000006706B0BDE8F087637B16F1090847F115
:10E4A000000A012BDED0FEF715FF0028DAD1FEF7B7
:10E4B00077FC40F2563398420ED040F2F553984222
:10E4C0000FD0B0F5C67FCDD116F1160847F1000A7E
:10E4D000C8E74046414695E716F1250847F1000A8E
:10E4E000C0E716F13B0847F1000ABBE70040420FC6
:10E4F000FF7F841E181C0020201C00202DE9F047FF
:10E50000374DDFF8E08000EB40032B4406461C7AD1
:10E510004700FFF71BF84FF0200C4FEA461E08EBB0
:10E5200044110EEB0403D1F808A00A69AAEB000914
:10E5300029F07F49B9F5000F05EB43030DD812EB25
:10E540000A02121A22F07F42B2F5000F05D8BCF180
:10E55000200F0BD12046BDE8F08793F82930202BFF
:10E56000A4461C46DBD1BCF1200FF3D0BB192B44D1
:10E570000CEB461205EB420293F8088092F8292032
:10E580001A72710144464FF0040E0B1905EB430358
:10E5900022469445204683F828E093F82940F4D198
:10E5A000BB192B440A4493F80AE0BEF1200F5FFA2E
:10E5B0008EFC18BF8C443E4418BF05EB4C0C05EB99
:10E5C0004202354408BF83F809804FF0200318BF8A
:10E5D0008CF82980A87282F829302046BDE8F0879F
:10E5E000A01C0020181800202DE9F0414E4D01EB31
:10E5F00041032B440C461E7A202E80464FEA4107E9
:10E6000041D14A4B0BB1AFF3008007F0C8FA95F83F
:10E610002230202B0AD0464BD3E904E210F1020C41
:10E6200041F10003E64572EB030331D3202E0AD0FB
:10E6300042463346FFF7E4F900283FD085F82260D0
:10E640000220BDE8F081D5E90623B3F1FF3F08BF02
:10E65000B2F1FF3F1FD195F8203043BB0420FFF7F4
:10E6600097F807F0ACFA0020FFF7F4F829684FF0AC
:10E670008042202085F8220000230B600120C2F890
:10E680000835BDE8F0810846FFF738FF8642B8D06C
:10E690000020BDE8F081FEF7D3FB4FF0FF334FF0D1
:10E6A000FF32C5E9062395F82030002BD6D005208F
:10E6B000FFF76EF8002385F82030CFE73B192B4495
:10E6C00006EB441205EB420293F808E092F8292089
:10E6D0001A72610173460420CA189C4605EB420277
:10E6E000664592F8293082F82800F5D13B192B4471
:10E6F0003C44987A2028C2B218BF5218614418BF0F
:10E7000005EB420205EB4101254408BF83F809E00F
:10E710004FF0200318BF82F829E085F80AC081F87D
:10E7200029300020BDE8F081A01C0020000000007E
:10E73000201C002007F041BAF8B5194A194D0023F2
:10E7400042F2200020214FF0FF364FF0FF37A97230
:10E75000288185F82130136082F82830C2E90267E9
:10E76000AB73C5E906671C4685F8221085F8203092
:10E7700005F1280202F814300134202CFAD10126C8
:10E780000948EE7301F076FE084B1870084B1C70B8
:10E7900001F0E0FE2860FEF77FFE85F82360F8BDFB
:10E7A000201C0020A01C00203DDF0000501C002089
:10E7B000181C00202DE9F04F85B007F0F0F9C04E8D
:10E7C0000746884607F0FBF9D6E90223B3F1FF3F7D
:10E7D00008BFB2F1FF3F05D04FF0FF324FF0FF33DB
:10E7E000C6E9022396F82830ABB94FF40C71B06932
:10E7F000FEF7A6FA33697269B169023342F1000289
:10E800005B1842F100021B1842F100029F4278EBB4
:10E81000020380F06181AB4C4FF0FF304FF0FF31CD
:10E82000FEF7AAFEE37B002B40F04581A64991F854
:10E8300000B00122BBF1200FE27300F037812022EB
:10E840000A7084F82220A373336094F8213003EB1C
:10E85000430AA2445FFA83F99AF808505B00954294
:10E86000009307D0994B03EB45102A46407E0128C0
:10E8700000F0C580009BDFF858A203EB0908202DAB
:10E88000A0444FEA491708D04846FFF737FE8542B3
:10E8900003D098F80850202DF6D1BAF1000F01D01E
:10E8A000AFF3008007F07BF994F82230202B09D0D9
:10E8B000D6E9042310F1020E41F1000C724573EB0E
:10E8C0000C03E6D3202D38D02B460122FFF798F811
:10E8D000002859D084F8225007EB0B0304EB4303C4
:10E8E00093F82820022A1DD1009A4A442244062186
:10E8F00083F82810917ACBB220291CBFDB1904EBD6
:10E9000043035F4418BF83F829B0009B08BF82F817
:10E9100009B04B44234404EB470783F80AB0202393
:10E9200087F82930FF232374009B4B441C44637AEF
:10E93000202B5DD105B0BDE8F08FD4E90623B3F1FB
:10E94000FF3F08BFB2F1FF3F07D0FEF779FA4FF063
:10E95000FF324FF0FF33C4E9062394F82030002B38
:10E960003FD10420FEF714FF07F029F90020FEF73D
:10E9700071FF21684FF080420023202084F822009C
:10E980000B60C2F80835A7E77B1904EB430398F83E
:10E99000080093F8293088F808300246042113460D
:10E9A000BA1804EB42029D4282F8281092F82920FE
:10E9B000F5D198F80A1088F80A30CAB220291CBF8D
:10E9C000D21904EB42023B4404EB430318BF82F824
:10E9D00029004FF0200208BF88F8090083F8292099
:10E9E00057E70520FEF7D4FE002384F82030B8E76F
:10E9F000384B187805B0BDE8F04F01F067BD0978D5
:10EA0000202914D0316970694F1DB16940F10000AF
:10EA1000791840F10000019003EB4213D3E90202A0
:10EA200088420198824128BFC3E9021022E701FB16
:10EA30000531487D17F1090148F1000C0128CDF896
:10EA400004C0E9D0CDE90251FEF744FCDDE9022122
:10EA50001E4B10B19AF80850DEE7CDE90221FEF70F
:10EA60009FF940F25635A842029A184B0CD040F25A
:10EA7000F555A84214D0B0F5C67F03990AD0009886
:10EA800048442044057AC7E717F1250148F1000002
:10EA90000190F4E717F1160148F100000190EEE74C
:10EAA00017F13B0148F100000190E8E74FF43171A4
:10EAB000702001F02BFB40F2C121702001F026FBF9
:10EAC000201C0020A01C0020181C0020181800206A
:10EAD00000000000501C0020074B084A1B7858011A
:10EAE00002EB4313082112585868904740F2B621B0
:10EAF000702001F00BFB00BF181C0020181800202C
:10EB000070B5134C0D460646FEF780FA94F8213096
:10EB100004F1280CD9B20CEB831C002302E0013372
:10EB2000202B12D01CF81320D8B2002AF7D103EB07
:10EB30004111084A04EB4104590102EB43135650BA
:10EB4000012284F828205D6070BD184670BD00BFAA
:10EB5000A01C0020181800201F280AD80C4991F882
:10EB6000213000EB431301EB430393F82820012AE3
:10EB700001D00020704791F8213000EB431301EBE6
:10EB800043034FF0000C104683F828C0704700BFC5
:10EB9000A01C002010B5094C04EB4014D4E902017C
:10EBA000FDF796FF227DE38A9B1803F101034FF0E6
:10EBB00000025241181842EB010110BD1818002044
:10EBC0000378002B40F0EF802DE9F04F804A536826
:10EBD000C3F308038BB08246002B40F0CF80DFF8F0
:10EBE000F4917D4FDFF8F4B109F1080827B1002155
:10EBF00040F24940AFF3008099F82140E4B24FF071
:10EC0000000389F8103027B1002140F24E40AFF3E5
:10EC10000080734B661C03EB841E06F0010503EBBA
:10EC2000851CBEE80F00ACE80F00BEE80F00ACE8A2
:10EC30000F00BEE80F00ACE80F009EE80F0024B202
:10EC40008CE80F002E4627B1002140F2DE30AFF3F2
:10EC5000008004EB440405EB450508EB040338F899
:10EC600004209B7828F805204544AB7057B100215B
:10EC700040F2E230AFF3008027B1002140F2534070
:10EC8000AFF3008006F08BFF009604AB52460446BB
:10EC90000D46FFF76FFB27B1002140F25A40AFF35A
:10ECA0000080504B1B78202B44D0DBF81030DBF871
:10ECB0001420DBF81810053342F100025B1842F112
:10ECC0000002DDE90401984271EB020C009628D3A2
:10ECD000454822462B4604A9FFF75CFAC0B1DDE99E
:10ECE0000401FDF7F5FEBDF81E309DF81C401B1910
:10ECF00003F101034FF0000252411B1842EB0102E5
:10ED0000CAE9043227B1002140F26D40AFF3008020
:10ED100099F81030002B7FF469AF01200BB0BDE8EB
:10ED2000F08FCDE9043204A922462B462E48FFF786
:10ED300031FAD4E79DF81D1014F1090345F10002E2
:10ED40000129BED0CDE90232FEF7C4FADDE9023274
:10ED50000028B6D1FEF724F840F25631884232D06E
:10ED600040F2F551884229D0B0F5C67FDDE9023284
:10ED7000A7D114F1160345F10002A2E7103B59B2E6
:10ED8000002912DB01F1604101F5614191F80003B6
:10ED900040090028C2D0DFF83C900F4FDFF83CB0AC
:10EDA00009F1080822E70020704703F00F03043B35
:10EDB0001344187E40090028EDD1AFE714F13B035E
:10EDC00045F100027DE714F1250345F1000278E7E3
:10EDD00000ED00E0A01C002000000000201C00202E
:10EDE000C81C0020181C00200040420F2DE9F04FE5
:10EDF000B14A536891B0C3F3080303900791002B05
:10EE000040F03D8208230693079B1B78012B00F2FC
:10EE1000E882DFF8A8B2BBF1000F04D0002140F275
:10EE20004350AFF300800023DFF894A2DFF8948210
:10EE300004930124BBF1000F04D000214FF4AA6019
:10EE4000AFF3008024B9A04B0BB1AFF3008062B6E2
:10EE50009AF821305FFA83F9CDF814904FF000034F
:10EE60008AF81030069B002B40F0AB80BBF1000FFE
:10EE700004D0002140F26450AFF3008006F08FFE12
:10EE8000059B0093079A0AAB0446FFF773FABBF1A0
:10EE9000000F04D0002140F26C50AFF30080039BC0
:10EEA00003EB49130AEB43034FEA491693F8283062
:10EEB000013B012B00F2CB80DDE90A3224F07F44D4
:10EEC0001D1B25F07F4121F00101002940F0D68073
:10EED000039A09EB49035344B218997A0AEB4202A8
:10EEE000042082F8280020294FEA49020992CAB278
:10EEF00000F015823244039B0AEB420282F829306B
:10EF00001A464FEA49034B44534416440AEB46065B
:10EF10009A72202386F82930002304930125BBF13F
:10EF2000000F04D0002140F27150AFF30080674B16
:10EF30000BB1AFF30080EFF31086344672B69AF847
:10EF40001030002B7FF476AF039B0AAF08EB43141D
:10EF50000FCF08340FC497E8030084E80300A5B17D
:10EF6000069B002B00F0B281049B23B1584B1B7809
:10EF7000202B00F0FC819AF82130DB4303F00103E1
:10EF80008AF82130FF238AF8103026B94E4B0BB196
:10EF9000AFF3008062B6BBF1000F04D000214FF444
:10EFA000B560AFF30080002D53D1BBF1000F04D04A
:10EFB000002140F2B450AFF30080284611B0BDE804
:10EFC000F08F059A434B551C05F0010503EB821E9B
:10EFD00003EB851C17B2BEE80F00ACE80F00BEE8DB
:10EFE0000F00ACE80F00BEE80F00ACE80F009EE891
:10EFF0000F00A9468CE80F002EB2BBF1000F04D021
:10F00000002140F2DE30AFF30080334B07EB4707BF
:10F0100006EB4606DA19D95B9278995333449A7015
:10F02000BBF1000F0CD0002140F2E230AFF30080C2
:10F03000BBF1000F04D0002140F25A50AFF3008022
:10F040009AF81030002B7FF4F5AE05950EE70025F9
:10F0500065E79AF8213003EB430353445B7A202B96
:10F06000A3D0BBF1000F04D0002140F2AF50AFF3AA
:10F0700000801A4B187801F029FA96E725F07F45B1
:10F08000B5F5000F3FF624AF0C99C9180C1B24F0FE
:10F090007F44B4F5000F3FF61BAF09EB4901514423
:10F0A0000C7A4FEA4901202C099100F0458120217A
:10F0B000944604911A4627E000ED00E000000000AD
:10F0C000A01C002018180020000000000000000014
:10F0D000181C0020C81C0020A81C0020501C002068
:10F0E0009DF83510012903D0417D012900F0B18040
:10F0F00033190AEB430393F82930202B00F02B81BE
:10F10000DDE90A2C04941C4608EB4410650187686D
:10F110000169C368C91943F1000E8A427CEB0E03F2
:10F12000DED213466246049F0C9908EB0500C9180D
:10F13000D0F808C042F100028C45C16871EB0202B0
:10F1400075D3427D012A03D09DF83520012A59D07C
:10F15000049B9F4200F0EA80202F00F04781049B2F
:10F16000202B06EB07030AEB430393F8292000F05A
:10F170002F81049BF3180AEB430393F8294083F88B
:10F18000292022460520B3180AEB430311468F427B
:10F1900093F8292083F82800F5D1099B4B44534468
:10F1A000987A202808BF5C72099B4B44C1B2534433
:10F1B0001CBF89190AEB41019F72039B18BF81F89C
:10F1C0002940F318F1190AEB43030AEB410120200F
:10F1D00081F8290083F82920049B834200F0B28043
:10F1E0001C4634440AEB4404039B84F82930002372
:10F1F0000493039B1E440AEB4606032386F828303B
:10F2000001258CE6ACEB03030893FDF7C9FD40F242
:10F2100056339842089B55D040F2F55290424DD05B
:10F22000B0F5C67F14BF01220E229A4290DD4544FC
:10F230009DF838302A7E9A424FD933190AEB43039E
:10F24000274693F82940202C6CD0DDE90A3265016D
:10F250006AE7D71BFDF7A4FD40F25633984233D03E
:10F2600040F2F55398422BD0B0F5C67F14BF01226F
:10F270000E22BA427FF73CAFDDE90A3253E7103B7A
:10F2800059B2002943DB01F1604101F5614191F878
:10F2900000335B090693002B7FF4B6AD584B1B7807
:10F2A000202B00F0A880079B1B780693002B3FF4CF
:10F2B000B0AD40F23C51702000F028FF3322B4E79B
:10F2C0003322D6E71D22B0E71D22D2E7FF238AF8BA
:10F2D0001030002E7FF45FAE58E6099B039A4B4432
:10F2E0005344B218997A0AEB42020420202982F88A
:10F2F0002800CAB208D03244039B0AEB420282F8CB
:10F3000029301A46099BFEE5039A5A72FAE703F080
:10F310000F03043B13441B7E5B090693BBE7039A70
:10F320005A72EEE5049B9F427FF419AF202B11D156
:10F33000099B4B4453441C7A039BF3180AEB430389
:10F3400083F82940099B039A4B4453441A720123C2
:10F3500004934EE71C4633190AEB430393F8292024
:10F36000039BF3180AEB430383F8292039E7059937
:10F370000220FFF739F900287FF4FDAD9AF821301B
:10F38000039F03EB4301514407EB43128C7A0AEBD2
:10F3900042020420202C82F82800DDB24FEA4312FA
:10F3A000E0B24FEA430319D011180AEB410181F88A
:10F3B000297039462B4453440A440AEB420299729D
:10F3C0002023049D82F82930002E7FF4E4ADDDE592
:10F3D000099B4B4453441C7A1A72D2E64F72394649
:10F3E000E8E74FF4A861702000F090FE4FF4E87158
:10F3F000702000F08BFE40F23951702000F086FE44
:10F40000181C00202DE9F84F7B4CDFF8F0810546F1
:10F410004FF0010B04F1080AB8F1000F04D00021ED
:10F4200040F2C650AFF30080BBF1000F04D1744B23
:10F430000BB1AFF3008062B64FF000032374B8F154
:10F44000000F04D0002140F2CB50AFF3008094F8BD
:10F4500021606C4BB146013606F0010703EB891EB3
:10F4600003EB871CBEE80F00ACE80F00BEE80F00FE
:10F47000ACE80F00BEE80F00ACE80F009EE80F00FC
:10F480003E468CE80F00B8F1000F04D0002140F296
:10F49000DE30AFF3008009EB490907EB47070AEBC1
:10F4A00009033AF809209B782AF807205744BB70D3
:10F4B000B8F1000F04D0002140F2E230AFF3008039
:10F4C000237C03F0FF01002B40F08680B8F1000F91
:10F4D00003D040F2D550AFF3008005EB461304EBA8
:10F4E0004303770193F82820032A73D106EB4602E1
:10F4F000224492F808904D4578D0B9F1200F69D098
:10F500004B4601E0202B65D0FA1804EB4202194665
:10F5100092F829309D42F5D1202D5BD07B193944DA
:10F5200004EB430304EB410193F8293081F82930BF
:10F53000B8F1000F0CD0002140F24B30AFF3008047
:10F54000B8F1000F04D0002140F2DA50AFF3008090
:10F550002F4404EB4707012387F82830B8F1000F48
:10F5600004D0002140F2E350AFF30080264B0BB1F2
:10F57000AFF30080EFF3108B72B6237C002B7FF487
:10F580004BAF4D4503D1214B1B78202B1CD094F859
:10F590002130DB4303F0010384F82130FF2323747F
:10F5A0000124BBF1000F04D1154B0BB1AFF3008068
:10F5B00062B6B8F1000F04D0002140F20560AFF34D
:10F5C00000802046BDE8F88F31460220FFF70CF896
:10F5D0000028DCD10024E4E7B8F1000F3FF424AFA9
:10F5E000002140F2D150AFF3008015E7202DF1D07B
:10F5F00093F8293013729BE7A01C00200000000044
:10F6000000000000C81C002000000000181C0020A2
:10F6100070B506280DD8DFE800F01C52040C0C74FD
:10F620000D00B14A4FF0804112680123C1F808353E
:10F63000136070BDAD4D2B78202B00F09180AC4C49
:10F640005A0104EB4313A2585868BDE870400521E5
:10F650001047A54CD4E90623B3F1FF3F08BFB2F130
:10F66000FF3F00F0D080A34E0120FEF7F3F8737F38
:10F67000012B04D0FDF72EFE002800F030819B4DB9
:10F680002B78202B00F09B80FF23A373D6E9022365
:10F69000B3F1FF3F08BFB2F1FF3F05D00520FEF7F1
:10F6A00003F8002800F016812B78914A590102EBEB
:10F6B0004313BDE8704052585868012110478B4DE4
:10F6C0002B78202B00F0A6808A4E737F012B04D06C
:10F6D000FDF700FE002800F0F380834CD4E90623F8
:10F6E000B3F1FF3F08BFB2F1FF3F61D02B78804AF2
:10F6F000590102EB4313BDE870405258586800218D
:10F700001047794C94F820307BB1D4E90623B3F14B
:10F71000FF3F08BFB2F1FF3F00F0A2800120FEF7DB
:10F7200099F8002384F8203070BD704D2A78202A83
:10F7300000F09D806F4E4FF0FF324FF0FF33C6E96F
:10F740000223A37B002B00F0B6802B78684A590176
:10F7500002EB4313BDE87040525858680621104729
:10F76000614890F8213003EB43010144DAB20B7A8F
:10F77000202B00F0AA8003EB421200EB420292F829
:10F7800029400C72FF210174022182F82810584C84
:10F7900058492B700022C27381F8282004EB4312D1
:10F7A000127E002A7FF44CAF01F022F92B7847E754
:10F7B000FDF7FCFA06F0F3F9C4E9060196E794F8C0
:10F7C0002130DAB203EB43032344197A20297CD099
:10F7D00001EB421204EB420292F829001872FF2357
:10F7E0002374434B297003EB41110023097EE3731B
:10F7F00086F82830022382F8283000297FF444AFAD
:10F8000001F0F6F840E7FDF7D1FA06F0C8F9C4E9CF
:10F81000060128E7344A92F8213003EB43001044F4
:10F82000DBB2017A202950D001EB431302EB4303F2
:10F8300093F829400472FF201074022083F82800F6
:10F840002B4B297003EB41112A4E097E0023D37301
:10F8500086F8283000297FF438AF01F0C9F834E782
:10F86000FDF7A4FA06F09BF9C4E9060156E794F8FF
:10F870002120D1B202EB42022244107A202824D067
:10F8800000EB411104EB410191F829601672FF224F
:10F890002274174A287002EB4010164E027EE37362
:10F8A00086F82830022381F82830002A7FF443AFFD
:10F8B00001F09EF83FE740F24361702000F026FC23
:10F8C00040F25161702000F021FC40F2472170208D
:10F8D00000F01CFC40F22F61702000F017FC40F299
:10F8E0002961702000F012FCA01C0020181C0020D0
:10F8F00018180020201C002070B5274B1A78202AE9
:10F9000086B044D0254CD4E90213B3F1FF3F08BFC1
:10F91000B1F1FF3F36D1224D05EB42150646D5E940
:10F920000201FDF7D5F8EA8A2B7DD31803F1010314
:10F930004FF0000252419B1942F1000218180DF1DC
:10F940000B0342EB0101009303AA04ABFDF722F97C
:10F950009DF80B20DDE904310F2A94BF002201221B
:10F960009B1841F10001C4E902310E4B9B7B13B996
:10F97000012006B070BDD4E902230520FDF794FEF6
:10F9800006B070BD40F62F01702000F0BFFB40F6BE
:10F990002E01702000F0BAFB181C0020201C002053
:10F9A00018180020A01C0020FDF7D0BD38B5234B4F
:10F9B00093F800E0BEF1200F3AD0214D95F82130A8
:10F9C00095F821C003EB43032B445FFA8CFC1B7AB0
:10F9D000202B1FD01B4C4FEA4C1C06E0634405EB68
:10F9E000430393F82930202B14D004EB4312117EEB
:10F9F0008142F3D804EB4E14D4E902132069401875
:10FA0000D2E9021243F10003814272EB030304D2F4
:10FA1000002038BD4FF0FF3038BD0B4B081A1C6872
:10FA2000FDF748F804F132038342F1D8001B38BDDA
:10FA300040F66801702000F069FB00BF181C002030
:10FA4000A01C002018180020201C00202DE9F04FD9
:10FA50008D4B1E7887B0202E019000F010818B4FC7
:10FA60008B4D97F8213003EB43033B4480462868D5
:10FA70001C7A2B6903930DF11302AB69029389463B
:10FA8000404405A9FDF75AF8824BA8F132029A4288
:10FA900061D8DFF80482059B696908EB4616B268F5
:10FAA0009B1832699B182A699B1A23F07F40B0F596
:10FAB000000F50D897F821A0AB61202C85F820903A
:10FAC0005FFA8AFA18BF4FF0200B00F0CB8008EBEA
:10FAD000441C9B18DCF8080041F100019842DCF856
:10FAE0000C308B414FEA44164ED39CF81530012B55
:10FAF00002D06B7F012B32D00520FDF749FE97F82D
:10FB000021104FF0FF324FF0FF33BBF1200FC5E95A
:10FB10000223C9B240F0A48001EB41013944202402
:10FB20000B7A594A97F82110127802EB411207EB31
:10FB3000420282F829302B68019A13442B60FF237C
:10FB40003B74202C40D0554B187800F0BFFC0020AF
:10FB500007B0BDE8F08F012007B0BDE8F08FA0EB43
:10FB60000209FDF71DF940F25633984220D040F2C9
:10FB7000F55398421AD0B0F5C67F14BF01230E2367
:10FB80004B45B9DD95F820904644337E4B4511D95D
:10FB900004EB4A1307EB430393F82930202B17D0CB
:10FBA000A346D5E904211C46AB6990E73323E7E778
:10FBB0001D23E5E7DDE902312A695B189B1A022063
:10FBC000AB6107B0BDE8F08F002007B0BDE8F08F53
:10FBD0000520FDF7DDFD4FF0FF324FF0FF3397F8C2
:10FBE0002110C5E90223C9B201EB41033B4404EBF8
:10FBF000411207EB420293F808A092F829201A72EA
:10FC00004FEA410C480153464FF0050800EB030E44
:10FC100007EB4E0E1A4694421E468EF828809EF838
:10FC20002930F3D10CEB010EBE4461449EF80A90DA
:10FC3000B9F1200F5FFA89F818BF804439440244B3
:10FC400018BF07EB480807EB42028E724FF0200105
:10FC500014BF88F829A08EF809A082F8291060E75F
:10FC60005C46C1E70520FDF793FD97F821104FF0A2
:10FC7000FF324FF0FF33C5E90223C9B24CE74FF41E
:10FC80000961702000F042FA181C0020A01C00201E
:10FC9000201C0020CE3F420F18180020501C0020CE
:10FCA0002DE9F04FA64C94F8213000EB431304EB00
:10FCB000430383B093F82830002B00F03C8194F884
:10FCC0002170DFF880820546FFB2B8F1000F04D042
:10FCD000002140F6CF00AFF300807E0105EB47170F
:10FCE00004EB4707B8F1000F40F0E880771904EB08
:10FCF000470797F82830012B09D0043B022B40F22C
:10FD0000D08006F008F897F82830012BF5D1DFF8FD
:10FD100038B201230193ABF1200AB8F1000F04D0EF
:10FD2000002140F6E600AFF30080019B23B9874B2A
:10FD30000BB1AFF3008062B64FF000032374B8F14B
:10FD4000000F04D0002140F6EB00AFF3008094F8E0
:10FD50002160B1460BEB891EBEE80F00013606F0AC
:10FD600001070BEB871CACE80F00BEE80F00ACE806
:10FD70000F00BEE80F00ACE80F009EE80F003E4603
:10FD80008CE80F00B8F1000F04D0002140F2DE3003
:10FD9000AFF3008009EB490907EB47070AEB0903BA
:10FDA0003AF809209B782AF807205744BB70B8F12D
:10FDB000000F04D0002140F2E230AFF30080237C3A
:10FDC00003F0FF01002B40F08E80B8F1000F03D04C
:10FDD00040F6F500AFF3008006EB460323444FEAFC
:10FDE00046095F7ABD4200F09B80202F30D0700121
:10FDF00001E0202F2CD0C31904EB430339463A46C7
:10FE000093F82970BD42F4D1202D21D0014428441B
:10FE100004EB400004EB410190F8293081F82930CF
:10FE2000B8F1000F06D0002140F243300192AFF349
:10FE30000080019A09EB060323449B7A9F4260D01D
:10FE4000B8F1000F0CD0002140F24B30AFF300802E
:10FE5000B8F1000F04D0002140F6F900AFF30080A4
:10FE60003B4B0BB1AFF30080EFF31083019372B6FD
:10FE7000227C002A7FF451AF84F82160FF22227493
:10FE800023B9324B0BB1AFF3008062B6B8F1000F6B
:10FE900004D0002140F60B10AFF3008003B0BDE8A2
:10FEA000F08F731904EB4303DFF89CB0012283F851
:10FEB000282001230193ABF1200A2EE797F8283080
:10FEC000012B3FF424AF043B022B16D9002140F64E
:10FED000DB00AFF3008005F01EFF002140F6DF00DD
:10FEE000AFF30080FEE6B8F1000F3FF41EAF002133
:10FEF00040F6F100AFF300800FE7012387F82830C8
:10FF0000EBE7B8F1000F06D0002140F24630019235
:10FF1000AFF30080019A09EB060323449A728FE73E
:10FF2000202D95D005EB461204EB420292F82920D1
:10FF30005A72202274E740F6C601702000F0E6F8FD
:10FF4000A01C002000000000C81C002000000000D1
:10FF50000000000070B586B063BB064610460D4633
:10FF6000FCF7A8FD0DF10B030446009303AA04ABB4
:10FF700029463046FCF70EFE039A1349A31A8B421A
:10FF80000BD3121B8A420ED310498B420DD88A42E2
:10FF900015D9C2F1614303F5F7030A9AA2F10F00E4
:10FFA000C01A06B070BD5342F7E703F1F45303F5EE
:10FFB0009023F2E740F61111702000F0A7F840F608
:10FFC0005801702000F0A2F80040420FFF7F841E0D
:10FFD000BFF34F8F0549064BCA6802F4E062134332
:10FFE000CB60BFF34F8F00BFFDE700BF00ED00E027
:10FFF0000400FA05094B01225A604FF0FF32C3F8A2
:020000021000EC
:100000000823074B4FF48042C3F88020BFF34F8F83
:10001000BFF36F8FC3F88021704700BF00E000403E
:1000200000E100E0094B01225A604FF0FF32C3F8B3
:100030000823074B4FF48052C3F88020BFF34F8F43
:10004000BFF36F8FC3F88021704700BF00C000402E
:1000500000E100E0084B0022C3F8FC2F0122C3F8A6
:10006000FC2F064B0222C3F88020BFF34F8FBFF353
:100070006F8FC3F8802170470010004000E100E05E
:10008000F8B51B4E337805460C4617466BBBFCF79C
:100090002FFC184B7760002D08BF1D462846347290
:1000A000FFF7D8FFFFF7BEFFFFF7A4FFFCF7BAFF8B
:1000B0000546C0B9FEF740FBFCF7A8FFFCF7F2FECF
:1000C00005F076FC002C0CDB04F01F026409A40090
:1000D00004F1604404F5614401239340C4F8803185
:1000E0002360012333702846F8BD4FF0FF35FAE74F
:1000F000481D0020BE63030008B572B6024B5B6862
:1001000003B19847FFF764FF481D00201FB572B682
:10011000134B5D688DB9FFF75BFFB2FBF6F2DCB203
:100120000133002AF9D104F110036B4403F80C2CBD
:100130000A2234B901A8A847EDE7024600230A269F
:10014000EDE7631E04AEDCB256FA83F3B0FBF2F6C1
:1001500002FB1600303003F80C0C3046E9E700BF14
:10016000481D0020074B93F90830002B09DB5A0982
:10017000012103F01F0301FA03F34032024941F861
:1001800022307047481D002000E100E0014B187844
:10019000704700BF481D00202DE9F84FDFF8C4A0CC
:1001A000314C324DDFF8C890074601269AF800809E
:1001B0005FFA88F8FF238AF80030B8F1000F01D009
:1001C0008AF80130EFF3108272B600236660C4F83B
:1001D0000031C4F80431C4F8047526603AB962B637
:1001E00005E0D4F8043133B92B69DB0620D4D4F808
:1001F0000031002BF5D0D4F80431002BE2D1B8F156
:10020000000F13D19AF80130DBB28AF80180032184
:100210004FF48042C4F80813C4F80481C4F8008184
:10022000C9F880218AF80080002BBFD1BDE8F88F83
:100230004FF48043C9F88031EFF3108B72B603237B
:10024000C4F80433D4F8003113B9D4F804311BB125
:10025000BBF1000FCBD1C2E705F05DFDBBF1000F94
:10026000C5D1BCE7541D002000E0004000ED00E0D7
:1002700000E100E070B51646DA078CB01D468646F0
:100280008C4640F1A280C37B8DF80030837B8DF8D3
:100290000130437B8DF80230037B8DF80330C37A45
:1002A0008DF80430837A8DF80530437A8DF8063066
:1002B000037A8DF80730C3798DF8083083798DF88B
:1002C000093043798DF80A3003798DF80B30C37803
:1002D0008DF80C30837842788DF80D3003788DF8E6
:1002E0000F308DF80E20CA7B8B7B8DF810208DF897
:1002F00011304A7B0B7B8DF812208DF81330CA7AAF
:100300008B7A8DF814208DF815304A7A0B7A8DF897
:1003100016208DF81730CA798B798DF818208DF852
:1003200019304A790B798DF81A208DF81B30CA786C
:100330008B788DF81C208DF81D304A780B788DF85D
:100340001E208DF81F306C462046FFF725FFAB07B7
:1003500031D59DF82F009DF82E109DF82D209DF889
:100360002C30307071709DF82B009DF82A10B270FF
:10037000F3709DF829209DF82830307171719DF837
:1003800027009DF82610B271F3719DF825209DF885
:100390002430307271729DF823009DF82210B272E1
:1003A000F3729DF821209DF8203030737173B27381
:1003B000F3730CB070BD0DF1200CBCE80F00306081
:1003C0007160B260F3600CB070BDDEF80410DEF84E
:1003D0000820DEF80C3000686C46A646AEE80F0038
:1003E000DCF80000DCF80410DCF80820DCF80C3045
:1003F000AEE80F00A8E700BF1B4B4FF4805270B56A
:10040000C3F88020BFF34F8FBFF36F8F174D184C89
:100410000021C5F80011C3F880212669236943F043
:10042000100323610123C5F8043306F010062B6086
:10043000D5F80031A3B11EB9236923F0100323615D
:100440000A4B0122D3F808055A60C3F8082300229A
:10045000C3F80021044B4FF48052C3F8802170BDD3
:1004600005F059FCE4E700BF00E100E000C00040F7
:1004700000ED00E038B50C49024605200138C0B255
:10048000FF2803D148216920FFF740FE01EBC0039C
:100490001D7905F0FF04002DF0D141F83020012234
:1004A0005C719C711A7138BD581D0020042808B574
:1004B00003D94F216920FFF729FE034B03EBC0004E
:1004C0000023037108BD00BF581D0020042808B593
:1004D00003D958216920FFF719FE094B03EBC0002F
:1004E0000379012B01D05921F4E743798279013353
:1004F000DBB29A4218BF4371BDE80840FFF732BE35
:10050000581D002070B5124C06250026013D15F03F
:10051000FF0500D170BD94F8281004EBC1031A79CF
:10052000012A09D158799A79904205D05A79D2B2E4
:100530009A7154F83130984794F828300133DBB27F
:10054000042B94BF84F8283084F82860DEE700BFCD
:10055000581D002008B505F057FB70B905F05DFB8C
:1005600058B905F063FB40B905F072FB044A054B2E
:10057000002808BF1346184608BD024BFBE700BF22
:1005800000E701400C05004008B505F061FB08B329
:10059000EFF3108072B6104A1369116941F010012F
:1005A0001161A2F5406203F01003D2F80011D2F8F5
:1005B00004210A4300D040BF20BF00BF00BF00BFDE
:1005C00000BF23B9044A136923F01003136100B973
:1005D00062B608BD20BFFCE700ED00E0914270B5B7
:1005E0003BD2B2FA82F33BB1C3F1200420FA04F407
:1005F0009940214398409A40160CB1FBF6FC06FB4B
:100600001C1424041FFA82FE030C85B204EB104074
:100610000CFB0EF4844206D9201A90428CBF0220B3
:100620000120ACEB000C03EB01410CFB1211B1FB00
:10063000F6F006FB101105EB014100FB0EFE8E45A6
:100640004FEA0C4C06D9AEEB010E96458CBF022248
:100650000122801A40EA0C0070BD73219620FFF73A
:1006600055FD00BF2DE9F8431C4652EA040349D06A
:10067000074615460E467CB9914208D321463046BE
:10068000FFF7ACFF04462A46384604FB1561FFF726
:10069000A5FF2146BDE8F883B4FA84F9B9F11F0F2C
:1006A00034DC4FF0010808FA09F2A2FB051320FA26
:1006B00008F002FB043226FA08F140EAC670FFF7A0
:1006C0008DFFC9F11F03D8404FF0000118D0431E21
:1006D0008C4661EB010105FB01F203FB042280461D
:1006E0001846A5FB033EFB1A724466EB02061F4642
:1006F000AF4276EB040324BF40466146BDE8F88371
:100700008446F5E7CA219620FFF700FDE7219620F1
:10071000FFF7FCFC10B5441A94422BD34AB34B1C90
:10072000C31A022B31D9531E072B2ED922F00304F2
:100730008C4686460C445CF8043B4EF8043BA445CA
:10074000F9D122F003039A4202F0030400EB030CF8
:1007500001EB030E0DD0CA5CC254012C09D09EF8E7
:1007600001308CF80130022C03D09EF802308CF856
:10077000023010BD002AFCD08B18024413F801CDC2
:1007800002F801CD8B42F9D110BD4B1E0244014647
:1007900013F8014F01F8014B9142F9D110BD00BF90
:1007A00081EA00039B072DE9F0415DD187075FD007
:1007B000002A57D0034601E0002A53D011F801CB9C
:1007C00003F801CB9E0702F1FF32F5D1032A28D9A5
:1007D00041EA0305141F6D074FEA940E4AD12B2CF2
:1007E00048D90EF101084FEA580C03EBCC0CA1F1EB
:1007F00008051C46F5E90267E4E802676445F9D19B
:1008000018F0010F28F0010403D051F8245043F8E8
:1008100024500EF1010402F0030203EB840301EB08
:100820008401FAB1541E022C20D922F003058C4613
:100830000D449E465CF8044B4EF8044BAC45F9D190
:1008400022F00304A2422344214402F0030509D00C
:100850000A781A70012D05D04A785A70022D1CBFF3
:100860008A789A70BDE8F0810346DAE71546EFE72B
:100870000346ABE70EF1010701EB87071D1F0C468E
:1008800054F8046B45F8046FBC42F9D1C1E700BFCE
:100890002DE9F04184075FFA81FE5FD0002A59D02C
:1008A000034601E0002A55D003F801EB990702F155
:1008B000FF32F7D14EEA0E24032A44EA04443ED91B
:1008C000151FAE08172D06F10106C3F3800147D9A5
:1008D0009846002940D048F8044B771A03EB810C66
:1008E00079080CEBC101CCE900440CF1080C61451E
:1008F000F9D127F0010C08EB8C016745CCEB8C7823
:1009000005EB880517D02F1F032F0C6013D9A5F115
:100910000807032F4C600ED9A5F10C07032F8C603C
:1009200009D9A5F11007032FCC6004D9143D032D7C
:100930000C6188BF4C6102F0030203EB86034AB1ED
:10094000013A83F800E005D0012A83F801E018BFDE
:1009500083F802E0BDE8F0811546BEE70346A9E74B
:1009600019461546CFE700BF014B1B681B681847A7
:10097000AC030020014B1B685B681847AC030020E8
:10098000014B1B689B681847AC030020014B1B6898
:100990001B691847AC030020034B1868034BC01AAF
:1009A00018BF0120704700BFAC030020C8630300DC
:1009B00038B50E4C237803F0FF05B3B96378012BEB
:1009C00006D102236370636813B16368984765605A
:1009D0006378032B09D10025657063682BB1A36888
:1009E0005B69984763689847656038BDC01D002003
:1009F000014B01229A777047C01D0020042873B56F
:100A0000064604D940F23D116820FFF77FFB104DE8
:100A10000124FFF7CDFF2C706B78022B14D1AB684B
:100A20003046DB68984705EB4602537D83420DD381
:100A3000AB7FA34200D0137D8DF80430AB688DF8F6
:100A400005601B6801A8984702B070BD2346F3E714
:100A5000C01D002010B520B940F253116820FFF7E7
:100A600055FB064B5A78022A02D05A78032A04D141
:100A70009B68BDE810405B68184710BDC01D002092
:100A800010B5084C6378022B02D06378032B02D197
:100A9000A3689B6898470023A3772370BDE81040A4
:100AA000FFF786BFC01D0020054B5A78022A02D0EE
:100AB0005A78032A02D19B681B69184700207047A7
:100AC000C01D0020054B5A78022A02D05A78032A0A
:100AD00002D19B689B69184700207047C01D002009
:100AE000024B5878003818BF01207047C01D002005
:100AF0002DE9F04786468C460846089E1546744602
:100B00001946002B40F0C2808542B2FA82F245D9E4
:100B10004AB1C2F1200300FA02FC2EFA03F3954019
:100B200043EA0C0C94404FEA154EA8B2BCFBFEF809
:100B3000230C0EFB18CC08FB00F943EA0C43994543
:100B400028D9EB1808F1FF3704D2994502D9A8F14A
:100B500002072B44A3EB0903A4B2B3FBFEFC0EFB7C
:100B60001C330CFB00F044EA0344A04214D92C19B6
:100B70000CF1FF3304D2A04202D9ACF102032C44A1
:100B8000241A43EA07401EB1D44000233460736046
:100B9000BDE8F0874746DDE76346F1E792BB431BBC
:100BA00001214FEA154EAFB2B3FBFEFC200C0EFB49
:100BB0001C330CFB07F840EA0343984562D9EB1855
:100BC0000CF1FF3004D2984502D9ACF102002B445D
:100BD000A3EB0803A4B2B3FBFEFC0EFB1C330CFB1F
:100BE00007F744EA0344A7424ED92C190CF1FF330E
:100BF00004D2A74202D9ACF102032C44E41B43EA1D
:100C00000040C0E7C2F1200320FA03F19540904074
:100C10002EFA03F303434FEA154EAFB2B1FBFEFCCD
:100C20000EFB1C10190C0CFB07F841EA004188452B
:100C300004FA02F422D969180CF1FF3004D2884575
:100C400002D9ACF102002944A1EB08019BB2B1FB2F
:100C5000FEFC0EFB1C110CFB07F743EA01439F420D
:100C60000ED9EB180CF1FF3104D29F4202D9ACF13E
:100C700002012B44DB1B41EA004192E76046E3E7B7
:100C80006146F7E76046A3E76346B7E7834206D9C4
:100C900016B9002108467BE7C6E900E0F9E7B3FA98
:100CA00083F78FB9834201D3724508D8BEEB0204A3
:100CB00060EB030301209C461EB9002168E738461B
:100CC000FAE7C6E9004CF8E7C7F1200CBB4022FA6E
:100CD0000CF41C432EFA0CF120FA0CF3B84001433B
:100CE0004FEA14490EFA07F5B3FBF9F81FFA84FE30
:100CF00009FB18300B0C08FB0EFA43EA00439A4537
:100D000002FA07F240D9E31808F1FF3004D29A45FD
:100D100002D9A8F102002344A3EB0A0389B2B3FB72
:100D2000F9F809FB183308FB0EFE41EA03418E4532
:100D30002CD9611808F1FF3304D28E4502D9A8F1ED
:100D40000203214443EA0040A0FB0298A1EB0E01FC
:100D50004145CE46434602D306D14D4504D2B9EBB8
:100D6000020E68EB04030138002EA6D0B5EB0E028C
:100D700061EB030101FA0CFC22FA07F34CEA0303CE
:100D8000F940C6E9003198E74046C5E74346D9E750
:100D900038B505460C46F0F77FFA30B13E2D04D148
:100DA0002046BDE83840F0F7B7BA38BD1FB5014658
:100DB00001A800F006F801A803F07DF805B05DF881
:100DC00004FB0B88C3F30B0383804B88C380002292
:100DD00042724B78C3F30113012B02D0022B18BFD0
:100DE0001346043103720160704710B58B8803709D
:100DF000437803F0F00343708A88C2F3032213435D
:100E00004370CA888270CA8803F0CF03120A437005
:100E1000C2700A7A120102F03002134303F03F035A
:100E200043704A7A43EA821343700C4609680430DF
:100E3000814205D0E288FB2A28BFFB22FFF7B0FCE5
:100E4000E0880430C0B210BD10B48B8803704378C2
:100E500003F0F00343700A468988C1F303210B4372
:100E60004370D1888170C17801F0C001C170D4880D
:100E7000C4F30524214303F0CF034370C170147AF7
:100E8000240104F03004234303F0BF034370547A79
:100E900043EA841301F03F0103F07F034370C17004
:100EA00011680430814203D0D28810BCFFF778BCAF
:100EB00010BC70472DE9F8430B78013B05460C4602
:100EC000372B00F27182DFE813F04E00520056001B
:100ED00009016F02D100D700DD00E300E900ED0059
:100EE000EF00FF00050138006F025B006F02610038
:100EF000F300F90046014C0140016F0252016F02FC
:100F0000650195019B01A1016F02A701B301B90120
:100F1000E601EC0140021E0232023A0224022C02D7
:100F2000F201F801FE0104020A0210021402180282
:100F3000690246024C02580252020E23B1F8032005
:100F40000B7042F283039A4209D1062363706678DC
:100F50000236324621462846FFF722FC5CE031216A
:100F6000C720EFF7EFFE0C230B700823EEE71A23E0
:100F70000B700123EAE73E230B700223A370E6E720
:100F80003E230B7012234B700B23F7E72920F0F759
:100F9000C3F928B13E232370222363702923EDE790
:100FA0000A20F0F7B9F93E2305F1080204F108011F
:100FB0002B70A0B30A23AB70E378EB70A3882B717E
:100FC000A3881B0A6B71A379AB71E379EB71A368FA
:100FD000AB608B889380D4F80E30C5F80E30638AEE
:100FE0006B8263696B61238B2B83638BAB76638B23
:100FF0001B0AEB76A38B2B77A38B1B0A6B77E38BF8
:10100000AB77E38B1B0AEB7794F8203085F8203020
:101010001F226A70023296B23046BDE8F88301237F
:10102000AB70E378EB70A3882B71A3881B0A6B71FC
:10103000A379AB71E37903F00103EB71A368AB60B3
:101040008B889380638BAB73638B1B0AEB73A38BCF
:101050002B74A38B1B0A6B74E38BAB74E38B1B0A9F
:10106000EB7494F820302B751322D2E73E230B70DB
:1010700004234B70142381E73E230B700C234B7029
:1010800004237BE73E230B700A234B70032375E791
:101090003E230B700D234B7005236FE70523237050
:1010A000042353E70823FAE730230B7003234DE7AB
:1010B0003E230B700B234B7007235FE73E230B701F
:1010C00006234B700C2359E713230B708B789B007E
:1010D00001333BE757230B70022337E73E230370AE
:1010E0000D238370CB78C370B1F80D3083800B79FA
:1010F0008371D1F80530C0F80730B1F80930A0F895
:101100000B30CB7B43730B7C83734B7CC3734B7F64
:1011100003740B7B43748B8A43828B7D0375D1F8F8
:101120001730C0F81530B1F81B30A0F81930CE7A5E
:10113000C676E52E28BFE52632461F311C30FFF764
:101140002FFB06F11A02D2B263E73E230B70012394
:101150004B70112312E73E230B7006234B701223B2
:101160000CE73E230B7009234B70132306E73E2345
:1011700003702420F0F7D0F8002815BF24230E2395
:1011800013260F263246AB70A11CE81CFFF708FBA4
:10119000721C3EE73E2303702520F0F7BDF8C0B176
:1011A0002523AB70D4F80230C5F80330D4F80630EC
:1011B000C5F807306389A5F80B300A26F01CE27ADF
:1011C00004F10C012844FFF7EBFAE27A01323244D1
:1011D0001FE70F23AB706388A5F8033023796B7189
:1011E0006379AB71A379EB71A37A2B72E37A6B729B
:1011F0000726E3E73E230B7003234B701023BDE665
:101200003E230B7005234B702023B7E63E230B7063
:1012100009234B702123B1E63E2303702620F0F70B
:101220007BF8002815BF2623182317261326A9E7C5
:101230003E230B7004234B7027239FE63E2303704D
:10124000282383708146D1F8023049F8033F4FF0DC
:1012500000084646AA795FFA88F39A4205D8721DBB
:1012600092B2002A3FF473AED3E6B21D331DA1182B
:10127000A25849F8032009EB03008B888380477943
:101280003A460637063106303E44FFF789FAB6B2D1
:1012900008F10108DEE73E230B701D234B70192374
:1012A0006CE63E230B7007234B701A2366E63E2341
:1012B0000B7020234B702C2360E63E230B704C23D5
:1012C0004B702D235AE63E230B7004234B702E23C4
:1012D00054E63E230B7022234B702F234EE63E2311
:1012E0000B7014234B70302348E63E230B703123E0
:1012F00044E63E230B70322340E63E230B7002236C
:101300004B7033233AE63E230B7014234B70222399
:1013100034E63E230B700B7C5B000F334B701D23B8
:101320002CE63E230B7003234B701E2326E63E2340
:101330000B700B7D5B0013334B701B231EE63E23AB
:101340000B7003234B701C2318E63E230B70052300
:101350004B701F2312E6FF230B700B234B70A2234D
:101360000CE6FF230B7005234B70A32306E6FF2337
:101370000B700D234B70802300E6FF230370812345
:101380008370D1F80330C21C03F1280153F8040B19
:1013900042F8040B8B42F9D129223AE63E230B7026
:1013A0000C234B702323E9E540F26F21D8E508B503
:1013B00010B1FFF7FBFC10B96FF0150008BD00205D
:1013C000FCE710B50C4630B129B1EFF7F1FE28B1BA
:1013D0002070002010BD6FF01500FBE76FF02200B9
:1013E000F8E708B5EFF776FF002008BD01F0BFB8B9
:1013F00008B5EFF781FF002008BD01F07FBD01F0C7
:1014000091BD034602221A709A706D225A713822D9
:101410009A716FF03A02DA713B221A7203225A7201
:101420006FF0630200209A726FF067025870D870F4
:101430001871DA72704701F0FCB838B54FF080537C
:101440000446D3F8A020D3F8A410013106D1D3F874
:10145000A8304FF6FF719BB28B423ED0D3073CD5EC
:101460004FF08055D5F8A420D5F8A830A4F8053061
:10147000C3F3072363F03F03C4F80120A371D5F839
:101480009030013323D0D5F8943001331FD0D5F8F4
:10149000983001331BD0D5F89C30013317D0002091
:1014A000F4F7D2F898B9D5F89000D5F89410D5F89B
:1014B0009820D5F89C30C4F81330C4F80700C4F85D
:1014C0000B10C4F80F2001232370002038BD102218
:1014D0000021E01DFFF7DCF9F5E70023F4E770B524
:1014E0004FF08055102200210446D5F8A060FFF788
:1014F000CFF910220021A018FFF7CAF9D5F88030E3
:1015000001330BD1D5F88430013307D1D5F88830B9
:10151000013303D1D5F88C3001330BD0D5F88000DE
:10152000D5F88410D5F88820D5F88C30E361206197
:101530006161A2610020F4F787F808B9F3071DD4B0
:101540004FF08053D3F8902001320BD1D3F8942080
:10155000013207D1D3F89820013203D1D3F89C206F
:1015600001320BD0D3F89000D3F89410D3F8982020
:10157000D3F89C30E36020606160A260002070BD01
:1015800010B50446FEF738FFB0F5007F09DA10F514
:10159000007F08DD031EB8BF03339B1023700020BB
:1015A00010BD7F23FAE76FF07E03F7E7F3F712BD74
:1015B0001FB50023CDF80A30D0F80230417841F64B
:1015C0004B5293428BBF40F2E2424FF47A72B3FB2C
:1015D000F2F3B3FBF2F3027898BF03F5506342EAEB
:1015E00001229BB2ADF80020ADF80230ADF8043016
:1015F000C279837943EA0223ADF80630427A037A4E
:10160000684643EA0223ADF8083001F042F905B01C
:101610005DF804FB01F0E1BC0078003818BF012040
:1016200001F0FDB8F3F702BD8178008801F0A0BC9D
:1016300001F0BCBC37B505460C4600880DF106012B
:1016400001F0F2F82B882380BDF80630638003B0E8
:1016500030BDF3F7F3BC01F011BD00F071BF00F035
:10166000DDBF08B5EFF750FE002008BDF3F746BA1E
:1016700000F0F1BFF3F74ABC00F0BCBF01F0BFBB04
:1016800001F01BBB01F0EDBB00F009BF00F00EBF85
:1016900000F01ABF00F036BF01F040B900F0E9BF1A
:1016A00001F091B900F0B1BF00F05BBF03880B807F
:1016B00001F009BC03880B8001F013BC01F003B8F2
:1016C000F3F7B0BAF3F796BA01F032B801F041B8C7
:1016D000F3F7B2BA01F078B801F072BB01F097B934
:1016E00001F0A2BB01F0FEBA01F02EBB01F017BB66
:1016F00001F01FBB01F0B6B901F0C2B900F059BF4B
:1017000000F068BFF3F7B2B901F0AABC01F075BCF4
:10171000F3F7FEB9F3F7BEBAF8B5D4181F46BDF813
:101720001830053414FB03F4A4B2054604F11B0081
:1017300020F0030080B28842164603D0A321142073
:10174000EFF700FB15F0030101D0A421F7E7B4F592
:10175000004F01D9A521F2E71422281DFFF798F8C0
:10176000EF746C802E80F8BD70B50688C58803893B
:101770008E42C5F30E02C3F30E0403D2C921142016
:10178000EFF7E0FA5D40C5F30E030BB92D0409D461
:10179000A24209D2C37CA41A0533E41AA14203DD94
:1017A00000238374184604E01832012381528374A5
:1017B000104470BD0844053010FB02F01B3020F0CF
:1017C000030080B2704740881B3020F0030080B2D5
:1017D000704738B503888B4204D240F201111420BF
:1017E000EFF7B0FA857C65B1C388C3F30E031833F5
:1017F000C25A8A4207D3C152811DEFF7B1FD0023BF
:101800008374284638BD0025FBE70346F0B59C8865
:10181000A5B2C4F30E06DC88AC4200F1180002D178
:101820000020D881F0BD5F89DC7C855B3C440234BC
:101830003444ED1B20440C88ADB2AC4288BF0D800F
:101840005C89B4FA84F4640914700A88DA81E9E7DF
:10185000F8B58288C389002604460D4692B20E6010
:10186000CBB1C2F30E024189183287180B44825A59
:101870009BB29342438104D94FF4A7711420EFF730
:1018800061FA04D1011DEFF76BFD46812F60002343
:10189000E3810120F8BD1846FCE770B5044604F169
:1018A0001806A38822899BB29A420846C2F30E0505
:1018B0000DD021B1A91CE27C3144FEF771FF04F187
:1018C00008012046755BEFF74BFD284670BD0025EB
:1018D000FBE78388C0889BB2C31A584258417047BF
:1018E000828873B5C48895B2AC42C2F30E0202F18D
:1018F000180212D04189C689835A314499420EDBBD
:101900000DF10601ADF80650EFF72AFDBDF806000F
:10191000001B18BF012002B070BD0020FBE70120B2
:10192000F9E7028970B5C588C5F30E065540C2F3C4
:101930000E04C5F30E020346183022B92A0402D55C
:101940000020188270BDB4421D8806D9DA7CA41B21
:101950000532A41AA542A8BF25469A890AB1845B1C
:101960002D1BA942ECDCDC7C1982033A053432449D
:1019700022441044E6E7F8B5038A002B39D08B42A5
:1019800037D3C488858900F11803C4F30E041E19E7
:1019900095B91D55757085891E5B0D44ADB23144F6
:1019A00085811953DAB1811DEFF7DAFC00238381B9
:1019B000002303820120F8BD1E5BAE4204D040F23A
:1019C00001211420EFF7BEF9C57C878A033E264427
:1019D000053535445E195F53857DB570DBE7C27C04
:1019E0002C44144402341A191B5B83829378837548
:1019F000DEE70020DFE78388C2889BB29A4206D0E8
:101A0000428922B9C3F30E031833184470470020EB
:101A10007047C37C088802330B4413607047023060
:101A2000704738B58388C2889BB29A4209D04389EF
:101A30003BB9C5893DB9011DEFF792FCC581012075
:101A400038BD0020FCE71846FAE703881380C388F6
:101A5000C3F30E03183303440B60808970474A1E9A
:101A6000062A08B50346084604D84FF4D17115205C
:101A7000EFF768F911B903B1196008BD5BB1B1F5B1
:101A8000803F02D34FF4DA71F1E71B6800225A60FD
:101A90001A1D19811A600430EFE70268002322B989
:101AA0000381031D426003607047918812680B44F4
:101AB0009BB2F4E703464FF6F672A1F1080090429C
:101AC00070B504D94FF4ED711520EFF73BF91868A4
:101AD000B8B1848802688C4214D03AB98EB206F14B
:101AE0000805ADB2AC4204D210460AE003461046E7
:101AF000EFE742501A6845181268A41BAC804250A8
:101B00001D6070BD1A60FCE700230B6003688A80CB
:101B10000B600160704730B590B18478B1FBF4F38D
:101B200004FB131300EB430252898A4201D1D8B25D
:101B300030BDC27822B900F10A03D0B2844201D884
:101B4000FF20F5E733F8025BA94202F10102F4D16C
:101B5000EEE78278038805324B4303EB42031844D7
:101B6000704713B50023CDE9003304468DF8060015
:101B70006846EFF7E3FD08B102B010BDBDF8040000
:101B80002146EFF7B7FD0028F2D040F21D211720C3
:101B9000EFF7D8F870B50D460A211E46FFF70AFE8A
:101BA0003246044609212846FFF704FE204470BD52
:101BB00003460068884209D1EFF3108272B61868B4
:101BC00008B10168196092B962B6704758B9704798
:101BD000884208D1EFF3108272B618680028F2D05C
:101BE00001681960EFE7034600680028F0D17047EC
:101BF000D31D70B523F0070310F0070403F10803A9
:101C000003D056212220EFF79DF858B10460C2801E
:101C1000818000F108040A464FF6FF75013A92B23E
:101C2000AA4203D1594301F1080070BD066826603D
:101C300004601C44F2E7EFF3108372B602680A6096
:101C4000016003B962B67047012303707047F8B5AD
:101C500005460846002811461E4614BF00240224EB
:101C6000FF23AB702B191B7D012B04D001342B19E2
:101C70001B7D012B19D105EB44073B8B3A8C98193E
:101C8000904204DD2C44002038832075F8BD05EB1C
:101C90008404324660681844FEF782FD3A8B16448D
:101CA0003E830023AB700120F0E70020EEE700291F
:101CB00010B514BF00230223FF218170C1180C7DD1
:101CC000012C07D10C3320F8132002230B750023BD
:101CD000837010BD0133C1180C7D012CF2D040F28D
:101CE00015110920EFF72EF830B50246837803F07E
:101CF000FF00F3B9137D022B19D0537D022B19D1AC
:101D00000346012089B1D5180C3300242C7522F824
:101D10001340131803241C7502EB80035B680B60EF
:101D200000F10C0332F813308B80012002E0012314
:101D3000E8E7002030BD30B58378E3B9837D022B1E
:101D400017D0C47D022C16D1032381B105190C34A0
:101D500000222A7520F81420C2180324147500EB01
:101D600083020C33526830F813300A608B800120F4
:101D700002E00324E9E7002030BD037D012B01D1FF
:101D8000008B7047437D012B0CBF408B00207047B8
:101D9000837D012B01D1808B7047C37D012B0CBF4C
:101DA000C08B00207047038B23B9408B003818BFCD
:101DB0000120704701207047838B23B9C08B003806
:101DC00018BF0120704701207047027D022A01D10F
:101DD000008B7047437D022B01D1408B7047032A53
:101DE000F6D0032BF9D000207047827D022A01D162
:101DF000808B7047C37D022B01D1C08B7047032AB3
:101E0000F6D0032BF9D0002070472DE9F0410646AB
:101E100006989DF81C70984643070D46114602D05F
:101E200010F0030003D025214C20EEF78BFF4FF478
:101E30008B72FFF7DDFE002F06AB044600FB08F1B6
:101E40000CBF18460020FFF70AFE17B9069B336047
:101E50002C60BDE8F081EFF743BE10F0FD0F14BF1A
:101E60000120002070474068704740687047406814
:101E7000A83070474068A8307047406800F5B070DF
:101E80007047406800F5B07070476FF45063C31836
:101E9000062B9ABFA0F550604FF47A7340F2E243EC
:101EA0005843704790F81833DBB290F8E8202AB90D
:101EB00013F0FB0F14BF0120002070470020704773
:101EC00090F83C33DBB290F8E8202AB913F0FB0F0E
:101ED00014BF012000207047002070472DE9F8430F
:101EE000B0F86E60B0F8705080461746443089B341
:101EF000F2F758F90221044601F092FB02218146D3
:101F0000204601F08DFB4E4528BF4E46B6B21B2E33
:101F100038BF1B26FB2E28BFFB26854228BF05465F
:101F2000ADB21B2D38BF1B25FB2D28BFFB25B4F5FB
:101F3000A47F38BF4FF4A474B4F5296FB8F800300B
:101F40003B8028BF4FF429647E80FD80BC803C81AB
:101F5000BDE8F883F1F7A4FDCCE713B5012100201B
:101F6000EFF7B2FB044688B901210846EFF7ACFB56
:101F70000446C0B90023CDE9003303238DF80630B1
:101F80006846EFF7DBFBC8B100200AE0B830F1F794
:101F9000CFFF0028E8D02046F1F792FF0028E3D0D9
:101FA000012002B010BDB830F1F7C2FF0028E1D027
:101FB0002046F1F785FF0028DCD0F1E7009C2046A1
:101FC000F1F774FF0028DBD0204602F0F8FF00286C
:101FD000D6D0E5E707B50023CDE9003303238DF81C
:101FE00006306846EFF7AAFB08B1002004E000982D
:101FF000F1F75CFF0028F4D003B05DF804FB07B5EF
:10200000002340F6881201A9FAF7E6FB03B05DF859
:1020100004FB08B5431E072B05D8DFE803F00A0AC6
:1020200004090404040940F281210620EEF78AFE27
:10203000032008BD08B5431E072B05D8DFE803F0D1
:102040000A0A04090404040940F281210620EEF77B
:1020500079FE032008BD08B5431E072B05D8DFE82D
:1020600003F00A0A04090404040940F2812106204D
:10207000EEF768FE032008BD08B5431E072B05D800
:10208000DFE803F00A0A04090404040940F281218C
:102090000620EEF757FE032008BD08B5431E072BA8
:1020A00005D8DFE803F00A0A04090404040940F231
:1020B00081210620EEF746FE032008BD08B5431E29
:1020C000072B05D8DFE803F00A0A04090404040911
:1020D00040F281210620EEF735FE032008BD10B541
:1020E000044638B1F3F79CF834EA00030CBF012032
:1020F000002010BD0120FCE710B50446FFF76AFF81
:1021000058B901210020EFF7DFFAE8B901210846AC
:10211000EFF7DAFAF0B9012013E0F3F759F868B1F4
:10212000F2F7DAFA044602F081FF58B9204602F0CD
:1021300079FF80F00104E4B204F00104002CE0D146
:10214000002010BD0024F7E7B830F1F7F1FE0028B9
:10215000DCD0F5E7B830F1F7EBFE80F00100C0B25B
:10216000EFE770B505460C46F1F7A0FEF0B928463A
:1021700002F077FED0B904212046EFF7A5FA064613
:1021800078B906212046EFF79FFA054680B903216A
:102190002046EFF7AFFA88B141F22C613920EEF713
:1021A000D1FD403003F0A4F90028EAD00C2010E063
:1021B000403003F09DF90028E9D0F7E73EB1042153
:1021C0002046EFF797FA10B141F23361E6E70DB917
:1021D000002070BD06212046EFF78CFA0028F7D0CA
:1021E00041F23A61DAE738B505460C462AB11F29B3
:1021F00001D8002038BD1220FCE7EFF79FFBA0427A
:1022000011D3284602F028FF08B11F2CF3D8284626
:1022100002F082FE48B12146284602F0B2FE0028B4
:10222000E7D14520E6E70720E4E74220E2E738B5BA
:10223000054602F071FEE8B12846F1F737FE08B90D
:10224000002038BD2846F1F78BFA04462846F1F7FE
:10225000CBFB88B9002CF3D02088F3F751F9208804
:102260000221EFF747FA0028EAD041F65C01392055
:10227000EEF768FD4220E4E70C20E2E70346406801
:102280001B780BB9FFF70EBEFFF71ABEF0B587B08B
:10229000054601A9008801F005F9044600287ED111
:1022A00001A8FFF7E4FD029B93F8EC31003B18BF57
:1022B00001238DF802309DF80430002B72D1C37FCA
:1022C0001F2B72D19DF8023083F0010303F001034C
:1022D0008DF8033090F872309B0603D49DF80330DC
:1022E000002B66D0EB881B3B9BB2E02B63D829897F
:1022F000A1F5A4739BB244F2481083425BD86B886B
:102300001B3B9BB2E02B56D8AA88A2F5A4739BB2C4
:10231000834250D8B1F5296F4FD8B2F5296F4CD808
:1023200001A8FFF7A0FD034601A8FFF7A6FD06469A
:10233000FF27C7709DF80220002A38D19DF80410AD
:10234000B1FA81F103AA18464909FFF7C7FD6A8867
:10235000BDF81230BDF81410BDF80E00934228BF2E
:10236000134640F6480C3381EB88AA88614528BFA4
:102370006146984228BF1846BDF81030B0806345CA
:10238000288928BF6346834228BF03468A42F380D8
:10239000134628BF0B467381B7700023F3702046A5
:1023A00007B0F0BD03699A068CD423468EE73A2421
:1023B000F3E71A24F3E71224F1E71124EFE72DE9FC
:1023C000F04385B007468846008802A901F06AF804
:1023D000054670BB02A8FFF74AFD034602A8FFF7B7
:1023E00042FD814602A8FFF748FD039A064692F88F
:1023F000FF2102F0FF051AB1B8F1020518BF01254F
:10240000DA7F93F87330232A43EAD3030CBFC5F174
:102410000102002203F00103134336D0BC7814B943
:10242000F2F7FEFE0446F87888BBF2F7F9FE24B90D
:102430000925284605B0BDE8F0830028F8D099F8B2
:10244000812032B114F0020400F00200F0D0002824
:10245000EED0FF227273B5B9327B02F0FF0592B95C
:10246000F07386F80C80B473BA888DF80500328258
:1024700001A948468DF80440ADF8062001F0F6F8B1
:1024800000237373D5E73A25FAE71A25D1E7002C24
:10249000D5D1CDE708B5F2F779FE002008BD10B51B
:1024A0000446F4F7C3FC2070002010BD10B5FFF700
:1024B00054FD044630B9F4F7B3FC2046F3F7E2F9D3
:1024C000204610BD0C20FCE738B50546FFF745FD5A
:1024D0000446A8B92878012803D9FF280BD0122078
:1024E00038BDFFF7BAFC691CF4F7A6FC002814BF3E
:1024F00000200720F4E70120F3F7C4F92046EFE7B6
:102500000C20EDE738B50546FFF727FD0446A8B9CE
:102510002B78012B03D9FF2B0CD0122038BD184685
:10252000FFF79BFC691CF4F7B7FC002814BF0020E0
:102530001220F3E7F3F7A6F92046EFE70C20EDE7CA
:1025400010B503460D2404706FF00C011122002019
:10255000DC70592459709A701C7158719971DA7134
:1025600010BD08B50821EEF715FE002008BD73B5B3
:1025700006460C460088694600F094FF0546B0B94F
:10258000B3787BB96846FFF76EFC90F88030A37093
:10259000338894F902002380F3F71CFBA0702846CF
:1025A00002B070BD7F20FFF72AFDA070F0E7022582
:1025B000F5E710B504466FF07F00FFF720FDF3F755
:1025C00009FB20707F20FFF71AFDF3F703FB607013
:1025D000002010BD10B50446F3F73EFB00EB80036E
:1025E0005B002380F3F73EFB00EB80035B0063801E
:1025F000002010BD10B50446F2F76EF802F00FFD92
:10260000F3F7E8FA2070002010BD08B50A4607234A
:1026100000F11001FDF72EFE002008BD10B50146A7
:1026200004460020F2F7F8FF08B92060A0800020DF
:1026300010BD10B50446F2F7A3FD28B900202146CD
:10264000F2F7D2FF002010BD0020FFF755FD002853
:10265000F4D10C20F7E710B504460120FFF74CFD3C
:1026600028B101202146F2F7BFFF002010BD0C2049
:10267000FCE7F7B50C4605466946008800F012FFF6
:10268000A11C0246A8B96846FFF7F1FB034600F11A
:10269000270783F87A203868086038790871288815
:1026A000208093F87A6006F0FF00002EF1D103B08D
:1026B000F0BD0023C4F8023002200B712370637058
:1026C000F5E7FFF7E3BD1FB5838844F290229342FC
:1026D00017D80288ADF804204088ADF80600B3F59D
:1026E000296F28BF4FF42963ADF80A000A8001A8BA
:1026F000ADF80830ADF80C30FFF7C8FD05B05DF857
:1027000004FB1220FAE737B50D46694600F0CAFE11
:10271000044650B96846FFF7A6FB9DF80010B1FAD1
:1027200081F12A464909FFF7D9FB204603B030BDA5
:1027300010B503466FF0040400206FF06F010A2209
:102740001C7058709970DA701C7158719971DA7137
:1027500010BDF7B507460D460088694600F0A2FE99
:102760000646B8B96846FFF77EFB044684F87E60EB
:1027700094F87C00FFF74DFCA87094F87D00FFF7FB
:1027800048FCE87094F87E3003F0FF00002BEDD198
:102790003B882B8003B0F0BD10B58388022B044624
:1027A00010D8C078FFF79BFC08B9112010BDA078A5
:1027B000FFF795FC0028F8D020460121BDE8104025
:1027C000FFF7FDBD1220F1E713B58378C1780279D8
:1027D00003F0010451EA040C03F002031DD052EA95
:1027E000030C1AD0002C18BF0021002B18BF0022A8
:1027F0008DF80320037842788DF8021043EA022313
:10280000ADF8003043798279684643EA0223ADF897
:102810000430FFF7C1FF02B010BD1120FBE708B57F
:10282000EFF7C6FE002008BD13B50C46694600F060
:1028300039FE30B9019B9DF80020B3F8C03012B9C1
:10284000238002B010BD0133FAE710B504460088BA
:102850004FF6FF73984286B017D004A900F022FE0D
:10286000A8B904A8FFF7FFFAA3890293638901932B
:1028700023890093A288E3886188F1F779FE002814
:1028800014BF0020302006B010BD0020ECE702206D
:10289000F9E738B50546FFF7D8FF014628B928887B
:1028A000EEF712FF044610B90221084638BDFFF7C3
:1028B000F9FA0028F8D094F8343303F0FF013BBB59
:1028C000A888FFF7E2FA41F64B53984209D86428EA
:1028D00020D9B4F87C2040F202239A421CD1642310
:1028E00001E040F2E243A4F838330023C4E9CF30DA
:1028F000EA79AB7943EA0223A4F844332B7A6A7A63
:1029000043EA0223A4F84633FF2384F83433CCE7A8
:102910003A21CAE71221C8E70C21C6E713B50446DD
:1029200000F0D8FD00284CD02046F3F7B1F9002381
:10293000CDE90033FF246846EEF700FF50B30024D2
:102940004FF44033CDE9004301246846EEF7F6FE2C
:1029500020B300204FF48023CDE90003FF24684614
:10296000EEF7ECFEF0B100214FF4C023CDE90013E7
:10297000FF246846EEF7E2FEC0B100224FF42023A8
:10298000CDE90023FF246846EEF7D8FE90B1002081
:1029900002B010BD009B83F82C43CCE7009B83F86A
:1029A0008A40D2E7009B83F83440D8E7009B83F845
:1029B0003440DEE7009B93F83020032AE3D19C7774
:1029C000E1E71220E4E713B50088694600F06AFDEC
:1029D0000146C8B96846FFF750FA9DF80030044632
:1029E00063B19DF80030012B03D10198FFF768FA1D
:1029F00048B1E37C43B90123E37405E00198FFF794
:102A000051FA0028EDD10221084602B010BDF0B500
:102A1000044689B000200E46F2F7D4FB01AA2346F3
:102A200004F1180C174618685968154603C5083391
:102A300063452A46F7D11B782B7000238DF81D3093
:102A40008DF81E30237D022B0AD0637803F0180323
:102A5000082B05D031463846F2F74EF909B0F0BDE3
:102A60001220FBE710B5032104460078EEF72CFE98
:102A700020B12178BDE81040FFF773BB422010BDA4
:102A800013B50020F2F79EFB00240323CDE9004498
:102A90008DF806306846EEF751FE10B1204602B0C0
:102AA00010BDBDF804100098FFF75BFB002818BFAD
:102AB0000446EFE72DE9F341054690F801800078E0
:102AC0000321EEF701FE0446002800F08780F2F7AC
:102AD0007FFB08B3204602F080FAEE78864228BFDA
:102AE0000646B6B2B8F1040F5DD0E06CFFF745F9C9
:102AF0008719BFB2F2F76CFBB8B9EB7873B920460F
:102B000002F06BFA874210D9204602F0A5FA50B9BC
:102B1000072002B0BDE8F081EE78E3E7204602F03E
:102B20006EFA0028EBD11220F3E7F2F751FB394699
:102B300002462046FFF757FB0028EAD1A8F103031D
:102B4000012B2DD8204602F087FA6B78032B2DD16C
:102B500008F0FD07012F3AD1204602F07DFA002847
:102B600033D1B8F1010F08BF0227E16C3A4668463D
:102B7000EEF7FCFE6A68E06C33460121FFF767F868
:102B80000028C5D06B78023B012B07D8E06CFFF71B
:102B9000F4F801210246E06CFFF789F80020B8E75D
:102BA000002ECFD1BFE7002ECCD0BCE70028BAD191
:102BB000042BCDD12046F1F779F90028B3D0E06C91
:102BC000FFF7F1F80028C3D1ADE70027CDE7B8F152
:102BD000040FCFD1204602F069FADFE7422098E7E0
:102BE0002DE9F3470746467890F8039000780321D3
:102BF000EEF76AFD044600283BD0F2F7E9FA30B15F
:102C0000204602F013FA002808BF4FF00009E06CDC
:102C1000FFF7BEF800EB09081FFA89FA1FFA88F8D7
:102C2000F2F7D6FA60B1F2F7D3FA414602462046EF
:102C3000FFF7D9FA054668B1284602B0BDE8F0872B
:102C4000FB78002BEFD0204602F0F0F90028EAD103
:102C50001225F1E7042EFBD0032E10D0B9F1000F9E
:102C6000F6D02046F1F722F938B10C25E4E704222A
:102C70000EE04225E0E70725DEE7012E0CD12046D5
:102C800002F0EAF90028F2D1012E0CBF062205223B
:102C9000E16C6846EEF76AFE7A68E06C5346002104
:102CA000FEF7D5FF0028E6D0023E012EC4D8E06C26
:102CB00042460021FEF7FBFFBEE713B50446F1F7DD
:102CC0000BFD4FF44073ADF8003000238DF8023057
:102CD000684614F8013B8DF803300194FFF780FF3C
:102CE00002B010BD13B504460020F2F76BFAE3788A
:102CF000FB2B12D822788DF80020A2788DF80220C4
:102D0000043414F8032C8DF8012068468DF8033044
:102D10000194FFF765FF02B010BD1220FBE710B56C
:102D200004460020F2F74EFAEEF708FE208000205D
:102D300010BD10B504460020F2F744FA0320EEF768
:102D400043FC2070002010BD73B504460020F2F74C
:102D500039FA6378F3B10025EBB29E0004EB8303EC
:102D600003219878EEF7B0FC40B32378012B0AD109
:102D7000B11C2144F1F7A6FD38B962780135EBB2F8
:102D80009A42E9D801E013B1122002B070BDFFF7FA
:102D90004EFAF1E72378002BF6D1CDE90033032377
:102DA0008DF806306846EEF7C9FC08B10020ECE764
:102DB0000098FFF73CFA0028F4D0E6E74220E4E769
:102DC00038B5032105460078EEF77EFC0446A0B135
:102DD000F1F76CF828B92046691C02F0F5F80020DC
:102DE00038BD204602F022F908B10C20F8E7204651
:102DF00002F018F90028F8D1EDE74220F0E713B50A
:102E00000446F1F769FC14F8013B8DF803304FF4E8
:102E10004073ADF80030684600238DF8023001940D
:102E2000FFF748FE02B010BD13B504460020F2F7CC
:102E3000C9F9E378FB2B12D822788DF80020A2780C
:102E40008DF80220043414F8032C8DF80120684614
:102E50008DF803300194FFF72DFE02B010BD122053
:102E6000FBE773B50546F1F737FC2B78044663B1F1
:102E700000230DF1010101208DF80030F2F7CCFBA9
:102E800018B16846FFF79CFFA0B9002620468DF8D0
:102E9000006002F0CFF8B04214BF80233346ADF893
:102EA00001302B788DF80360012B05D1694620464F
:102EB000F1F708FD02B070BD1BB92046FFF7B7F966
:102EC000F8E71220F6E710B5022104460088EEF775
:102ED000FBFB20B1A11CBDE81040F7F767BA022048
:102EE00010BD08B500880221EEF7EEFB20B1BDE869
:102EF00008400021F7F75ABA022008BD37B5054649
:102F00000C460088694600F0CDFA034638B9684699
:102F1000FEF7ADFF2A882280B0F84C206280184668
:102F200003B030BD2DE9F341438804460E46EBB1B2
:102F30000088694600F0B6FA054698B923883380C0
:102F40006846FEF794FF07466846FEF78CFF064684
:102F5000D6F81C8062884146384600F095FAF3693D
:102F60004345F5D1284602B0BDE8F0811225F9E7C6
:102F700010B50C460221EEF7A7FB88B1022C11D840
:102F800004F00103C4F3400480F8053380F80443DF
:102F900023B190F802333BB1F0F78EFD002010BD55
:102FA0000220FCE71220FAE71846F8E710B50446BD
:102FB0000078FF280AD00321EEF786FB58B163782A
:102FC000A27843EA0223C384002010BDB4F80100B4
:102FD000F0F770FFF8E74220F7E710B504460078F5
:102FE000003818BF0120F1F7D7F82078003818BF53
:102FF0000120F0F721FD002010BD10B50446F2F7C6
:10300000E7F850B1F1F768FB6178C1F3400201F0D5
:10301000010102F04FF8002010BD20780321EEF7E7
:1030200053FB0028F0D14220F6E738B504460D46A0
:10303000F2F7F0F8830001D40C2038BD20460921B6
:10304000EEF742FB044648B1F1F7FAF90028F3D055
:103050002A462146BDE83840F1F732BA0220ECE7B3
:1030600003880B80817898B2FFF7DFBF0820F2F762
:10307000B5B80B20F2F7B2B802F0D6B908B5C378EC
:10308000013B0246D8B2042801D9FE2806D11378A4
:10309000042B03D1F0F746FF002008BD1220FCE707
:1030A00010B5044604B910BD236898476468F9E771
:1030B00003680BB9016070471A465B6813B18A4216
:1030C000FAD170478A4218BF5160704708B5F0F7CF
:1030D0004BFB20B140F223110120EDF733FEF5F751
:1030E000F9F910B14FF49471F6E7BDE808400320F8
:1030F000FEF737BD08B50220FEF733FD0020FEF7CE
:1031000030FDEEF7A9FBF2F7EFF9EFF717F820B172
:1031100040F205110120EDF715FE08BDFFF7EABFEB
:1031200008B5FFF7D3FFF6F7D1FA20B140F23D1111
:103130000120EDF707FE08BDF9F72CBE0B4615225E
:1031400003F8032BD0F80920C1F80320427B1A7141
:10315000704730B585B004460D46F2F733FE80B3B4
:103160006FF4FB731C4402A92088ADF8000000F046
:1031700099F918B12E217E20EDF7E4FD039B93F819
:1031800078208DF80220022193F87920B3F87A3064
:103190008DF803206846ADF80430FFF710F908B148
:1031A0004421E8E78DF808009DF808308DF8090003
:1031B000002063F307009DF8093063F30F2005B08A
:1031C00030BD36232B70D4F80930C5F80330042302
:1031D0008DF80830E8E710B54468037894F8C62005
:1031E000002104F1A80000F08BF918B986217E2097
:1031F000EDF7A8FD212384F8C63010BD034610F07A
:10320000010007D19A0704D413F0040018BF082066
:103210007047022070472DE9F84F05460846904652
:10322000894600F013FE8246484600F013FE8346AE
:10323000FFF7E4FF06465046FFF7E0FF46EA0007C7
:10324000FFB2003F044618BF0127F1F7E9FF00EA8B
:103250000B00C0B2002808BF0026F1F7E1FF00EA2A
:103260000A0095F87C20C0B2002808BF0024B242B2
:1032700014BF3346002388F8003095F87D20A24221
:1032800008BF0024234388F801400CD1484600F0D1
:10329000E3FDB5F8C030DB43184480B247F6FD7358
:1032A000984288BF0027BEB995F87C00FEF7C2FEA1
:1032B00003280ED195F86C31012B0AD1B5F8702195
:1032C00095F87C30012A09D1042B09D0042388F811
:1032D00000303846BDE8F88F082EEAE7082BF8D012
:1032E0000823F4E7082905D101280CD104215180D5
:1032F00013807047042906D1012804D00821518089
:1033000013800120704700207047012805D0022853
:1033100003D010F00C0018BF04207047F8B54468C3
:1033200004F1A80794F8C72005460E4601230B2197
:10333000384600F0E5F8014608B12020F8BD94F8C1
:10334000C7200123384600F0DBF8C8B394F8C63034
:10335000262BF2D0304600F06CFD28B931462846C5
:10336000BDE8F84000F05BBF737903F0070384F811
:103370007530337903F0070384F8743094F86D31B5
:1033800093B994F86C31012B0ED094F8742094F812
:103390007D309A4210D194F8752094F87C309A428E
:1033A0000AD1022384F86C312323284684F8C730DD
:1033B00000F007FF0020C1E72846F1F77FFFF3E7A1
:1033C0000120BBE708B5436893F8C720232A05D03E
:1033D00022B140F28A317E20EDF7B4FC242283F83A
:1033E000C72008BDFF2343710023037103604371AD
:1033F00070470A46437923B9016811B10079F9F79A
:103400004DBC7047F2F770B8704730B542400C7849
:1034100018785D7844404878684004449D788878FE
:1034200068400444DD78C878684004441D79087910
:103430005B794979684004444B402344D3420CBF34
:103440000120002030BD034600200139C9B2FF2908
:1034500000D170475A5C82F001021044C0B2F4E718
:1034600008B5F2F7FFF8082803D0BDE80840F2F7E6
:103470001DB908BD08B5F7F725F918B1BDE8084032
:10348000F7F748B9082008BD10B50023436442F29D
:1034900010744B1EA0F84C2004FB0232B2FBF1F179
:1034A000816410BD70B50D4600210646EEF70CF99B
:1034B0000446686010B10020287070BD02213046BB
:1034C000EEF702F9686018B101232B702046F4E78B
:1034D0000220F2E770B5047934F01F040ED1461EC5
:1034E000051D16F8010F00F052FEAE420444E4B28E
:1034F000F7D1012C94BF0020012070BD0020FCE713
:10350000112958D8DFE801F0090D1016181B2D36C7
:103510003B523D3F45474A4C4E50B2FA82F040097B
:103520007047073A012A01E00B3A022A8CBF0020BB
:10353000012070470E3AF5E7113A0C2AF6E76BB90D
:10354000A2F11301012938D990F8620010B9172AA5
:1035500002D87047132A2ED91C2AE7E7123A0B2A01
:10356000E4E7A2F11103032B27D990F8620028B3F6
:103570001D2ADBE7042A14BF002001207047012A1E
:10358000F9E71E3AD1E7A2F12103062B15D92F2A1C
:10359000F1E7292AEFE72A3A042AC7E7352AEAE7BA
:1035A000362AE8E7372AE6E7383ABEE70BB9052AB4
:1035B000E1E7102ADFE70020704701207047F8B5E7
:1035C000D0E9047605460C46FBF7FAFA20B94FF429
:1035D000E5712920EDF7B6FBF4B1D5E90431DA1B2A
:1035E00061EB0603012A73F100014FF0000115DBC6
:1035F0006FF00100904271EB030302DA4FF4EA71BD
:10360000E7E7631E1344B3FBF4F35C43E41946F1AC
:103610000006C5E904461C462046F8BD0C46FBE7FB
:1036200011F00C0312D001F0040100290CBF4FF47B
:103630001673962303F5BC730CBF402210229842E8
:1036400012D9C01A90FBF2F080B27047022905D15E
:103650003C2809D93C38C0F38F007047702803D943
:103660007038C0F3CF0070470020704703460868E9
:1036700098677047013908B50246072910D8DFE876
:1036800001F007140F040F0F0F0440F6A66008BDE9
:1036900040F6C41340F2E240002A18BF1846F6E78D
:1036A00040F245212920EDF74DFB40F6C410EEE72E
:1036B000A0F5AD70884298BF091A186888BF491AEA
:1036C00000EB5100186013680129A3EB510313604C
:1036D00094BF00200120704708B5F7F753FDBDE8FF
:1036E0000840F2F777BAC3B293FAA3F3000A90FA4C
:1036F000A0F01B0E000E43EA002070470131F8B520
:10370000C9B2821D0023012512F8010B884216D38D
:1037100012F8066C002405FA04F737421CBF01F1C9
:10372000FF31C9B2E0B269B10134082CF3D10133E1
:10373000DBB2052BE8D199214620EDF703FB091AEE
:10374000C9B2F4E700EBC300C0B2F8BD0B6870B5B6
:10375000C0F801300B7903F01F03437100230446C6
:10376000C372451C861D15F8010B00F010FD287171
:10377000E37AB5421844E072F5D170BD70B581EAC4
:10378000114189B2C57A0446032682EA0100FFF797
:10379000AAFF013E00EB00100A1816F0FF0690B2D7
:1037A000F5D141402522B1FBF2F302FB1313C3F321
:1037B000C4022244D8B2567803F00703012202FA69
:1037C00003F31E4207D169432046C1F30741BDE818
:1037D0007040FFF793BF70BDF8B590F831506B1E85
:1037E000242B044658D8002A58D090F8260018B147
:1037F000012847D01F201AE094F8331094F8323093
:1038000002FB03132522B3FBF2F102FB1133DBB2FF
:1038100004EBD30284F8333092F82710012603F02A
:10382000070206FA02F2114202D084F83430F8BDE1
:10383000B3FBF5F205FB12330133024604F12C0110
:10384000D8B211F8013B834219D311F8067C00234A
:1038500006FA03FC1CEA070F1CBF00F1FF30C0B2E0
:10386000DDB220B905EBC20284F83420DFE7013372
:10387000082BEDD10132D2B2052AE2D1BAE7C01A43
:10388000C0B2F7E7228B096A04F12600FFF776FF42
:1038900084F834000020CAE71220C8E71046C6E7C3
:1038A000034612EA010003D013F03F0018BF0120C5
:1038B0007047407870470B68C0F803308B88A0F8D9
:1038C000073070470B68C0F809308B88A0F80D30BE
:1038D00070470378890123F0400301F040010B4356
:1038E00003707047037803F07F0343EAC11303704A
:1038F00070471F2A38B50546144603D9BF212A2030
:10390000EDF720FA09300634FCF74AFF6C7038BD39
:103910001F2A38B50546144603D9E1212A20EDF7C0
:1039200011FA09300634FCF73BFF6C7038BD30B536
:10393000037803F00F03032B024640D0052B1FD161
:10394000C37F90F82000034392F82100034392F8CC
:103950002200034392F8230020F01F0018432DD0CB
:103960005378222B0CD1B2F81930B2F81740907D61
:1039700041B1B3F5506F05D940F607518B420ED9CE
:1039800000201BE0991F89B240F67A45A942F7D87A
:10399000411E0729F4D88342F2D9A342F0D3B2F8EA
:1039A0001B30B3F5FA7FEBD2B2F81D000A3880B2B3
:1039B00040F6764398428CBF0020012030BD40780D
:1039C000A0F10C0358425841F8E72DE9F04190F876
:1039D000038018F03F0705460E4600F09180072946
:1039E00000F28E80DFE801F004101A242E38424CD9
:1039F000017901224046FFF753FF00280CBF3446EF
:103A000005242046BDE8F081017902224046FFF7F7
:103A100047FF04460028F4D0052462E0017904221F
:103A20004046FFF73DFF04460028EAD0052450E059
:103A3000017908224046FFF733FF04460028E0D012
:103A400005243EE0017910224046FFF729FF044695
:103A50000028D6D005242CE0017920224046FFF72B
:103A60001FFF04460028CCD034461AE001794022DA
:103A70004046FFF715FF04460028C2D0052408E0A1
:103A8000017940224046FFF70BFF00280CBF0524B8
:103A90000624297920224046FFF702FF08B112349C
:103AA000E4B2297910224046FFF7FAFE08B1033448
:103AB000E4B2297908224046FFF7F2FE08B1023449
:103AC000E4B2297904224046FFF7EAFE08B1013446
:103AD000E4B2297902224046FFF7E2FE08B106343B
:103AE000E4B2297901224046FFF7DAFE08B1063434
:103AF000E4B2072E85D1231F9F42B8BF002480E780
:103B000000247EE770B50C46064611461D4624B9D2
:103B100040F2E9212A20EDF715F9FFF756FF10B919
:103B200040F2EA21F6E7031F2B443F2B02DD40F26F
:103B3000EB21EFE72A4621463044BDE87040FCF710
:103B40002FBE10B50446FFF740FF00B1204410BD62
:103B5000C07800F03F007047C37803F03F0343EAAA
:103B60008113C370704730B5C1F38003C1F3801473
:103B70002344C1F3001404EB44042344C1F3401470
:103B800004EBC404C1F3400503EB4403C1F3000498
:103B90002C4404EB4404C1F3C0052C44134403EB50
:103BA000440313F0FF031CBF01330171C17818BF38
:103BB000DBB221F03F0103F03F042143C170591CE7
:103BC00041701AB104339B1A013AC25430BD70B52A
:103BD000C47804F03F041319FE2B0646154604DD95
:103BE00040F247312A20EDF7ADF8201D0135304471
:103BF0002C44FCF7D5FD747070BD2DE9F047C678F4
:103C0000017901223046FFF74BFE0222054630467D
:103C1000FFF746FE202282463046FFF741FE08228B
:103C200007463046FFF73CFE102281463046FFF73C
:103C300037FE042204463046FFF732FE402280461B
:103C40003046FFF72DFE07EBC70705EB0A034F448D
:103C500004EB4404404403EB43033B44204400EBA7
:103C6000430010F0FF001CBF0130C0B2BDE8F08778
:103C700040787047037801F0030123F003030B43FE
:103C800003707047007800F0030070470378490123
:103C900023F0200301F020010B43037070470B78E1
:103CA000837070471B2A08B504D940F252412A207C
:103CB000EDF748F84270BDE808400330FCF770BDEE
:103CC000B0F807007047B0F809007047C172090AE0
:103CD00001737047B0F80B00704770B5B0F807304B
:103CE000B0F80950B0F805600479B0F80B0091B154
:103CF000B3F5506F0FD940F60752934218D8B5F577
:103D0000FA7F15D20A3880B240F6764398428CBFCB
:103D10000020012070BD9A1F92B240F67A418A427B
:103D200006D8621E072A03D89C4201D29E42E5E7CC
:103D30000020EFE70B6843600B790372704743681C
:103D40000B60037A0B717047B0F809007047007977
:103D500070470B6843604B688360704743680B6033
:103D600083684B6070470B888381704783890B8021
:103D700070470B68C0F80E304B68C0F812307047BF
:103D8000D0F80E300B60D0F812304B6070470B68E3
:103D9000C0F816307047D0F816300B607047FFF748
:103DA000D8BF0B68C3607047007970470171090A7A
:103DB000417170478171090AC17170470172090A26
:103DC000417270478172090AC172704780887047DA
:103DD000C0887047008970474089704703891A2B53
:103DE0000DD94389B3F5A47F09D383881A2B06D94B
:103DF000C088B0F5A47F34BF0020012070470020A8
:103E00007047043001F1200351F8042B40F8042BD3
:103E10009942F9D10B880380704738B5154604469E
:103E2000FFF7EFFF2B68C4F826306B68C4F82A3020
:103E300038BD0379024613F0070004D0507910F022
:103E4000070018BF01207047017170470079704763
:103E50004171704740797047C08870470279437953
:103E600002F0070203F00703511E0A40591E0B40DF
:103E700013430CBF01200020704701717047007987
:103E800070474171704740797047FB2908B504D9E4
:103E900040F2E5712A20ECF755FF417008BD037828
:103EA00043B1406890F8023323B1002380F8023315
:103EB000EFF702BE704708B5017A19B101290DD09C
:103EC000002008BD0368C28802218088F1F724FF22
:103ED0000028F6D1F2F7EAF80120F2E70368C28879
:103EE000F3E702230B7001238B707047F1F77CBF5F
:103EF00008B5037A23B14FF41A711020ECF722FFB2
:103F0000BDE80840F1F7E4BF0322FFF7F1BF042248
:103F1000FFF7EEBF30B4057A15B1027230BC7047BE
:103F200030BCF1F7D5BF0B46142203F8032BD0F8B1
:103F30000920C1F80320D0F80D205A60B0F81120F4
:103F40001A81704711F00C0F08B504D0800100F5FC
:103F5000747080B208BD012902D10E30C000F8E7AC
:103F6000022902D10F308000F3E740F2CF11062082
:103F7000ECF7E8FE30B587B004460D46F1F72AFFAE
:103F8000A0B300232372A4F5F27469462488204666
:103F9000FEF7B9FB18B1D8212C20ECF7D3FEBDF801
:103FA0000630ADF80E30BDF80830ADF81030BDF871
:103FB0000230ADF8123003A8BDF80430ADF80C4063
:103FC000ADF81430FEF77DFB08B1E121E4E78DF890
:103FD0000C009DF80C308DF80D00002063F30700F5
:103FE0009DF80D3063F30F2007B030BD2B4635220E
:103FF00003F8032BD4F80920C5F80320D4F80D20CA
:104000005A60B4F811201A8104238DF80C30E0E7CF
:104010004068704711F00C0F0CBFC08A4FF4296044
:10402000704770B590F87C608D880C8916F00C0F85
:1040300004D143B1167816F00C0F04D0B5F5296FF2
:1040400038BF4FF4296590F87D6016F00C0F04D14D
:1040500043B1537813F00C0F04D0B4F5296F38BF77
:104060004FF42964CB884A88A0F86420A0F868300F
:10407000A0F86650A0F86A4070BD8383BDF8003098
:1040800001834283C383704711F00C0F38B5044697
:1040900010D1C38B458C9D4228BF1D46207AFFF767
:1040A00051FF6389AB4228BF2B46984238BF184660
:1040B00080B238BD4FF42965F0E72DE9F04106469E
:1040C0000D46B0F8500011461F469046FFF73AFFE4
:1040D0004146044606F14400FFF7D6FF844228BF5C
:1040E00004463946B6F85800FFF72CFF17F00C0FBE
:1040F0000CBFB6F85A304FF429639842A4B228BFD7
:10410000184614FA80F0063510FA85F0BDE8F08103
:1041100070B51646C26941F64B539A4294BF4D257D
:1041200096250C4690F87D3090F87C202946FFF7C4
:10413000C4FF28443044A04294BF201A002070BD20
:1041400070B5C66990F87D3090F87C200D4641F638
:104150004B518E4294BF4D2196210446FFF7ADFF8F
:104160000544A56470BD006801F19C03984283BFBB
:10417000401A9C38400800207047002803DB814229
:1041800004DC08B202E049428142FADC704700F0E8
:104190005503400800F05500184400F03303800830
:1041A00000F03300184400F00F0303EB10107047C9
:1041B0004368002283F8C62083F80421A3F8002175
:1041C000704743680022A3F8062193F808210132C2
:1041D00083F80821704708B5426892F80831013B1E
:1041E0005BB2002B82F8083103DA34214A20ECF765
:1041F000A9FD08BD436883F8531183F85221704725
:10420000A0F10B03042B08D9A0F12103062B04D93C
:10421000A0F12F035842584170470120704742686F
:10422000D2F8B83010B513F008040AD143F00803EF
:10423000C2F8B830CB7882F85031FFF7C2FF204681
:1042400010BD0120FCE738B54D680446B5F868108C
:10425000FFF7ACFDB5F85A112046FFF7ABFDB5F8F6
:1042600064102046FFF7AAFDB5F858112046BDE8B6
:104270003840FFF7A7BD38B54468037894F8C820E4
:104280000D4604F1A8000121FFF73AF938B9284694
:10429000FFF75DFD072384F8C90084F8C8300020CB
:1042A00038BD10B54468037894F8C820012104F1A2
:1042B000A800FFF725F910B9082384F8C83010BD0D
:1042C0000B46082210B503F8032BA0F22622002487
:1042D000A2F84240D0F80920C1F80320D0F80D2000
:1042E0005A60427C1A72CC7010BD10B544680378D5
:1042F00094F8C620002104F1A800FFF701F918B9CD
:1043000024214520ECF71EFD1E2384F8C63010BD85
:104310002DE9F347466890F8008096F8C6200446D9
:104320000D4643460A2106F1A800FFF7E9F880B3DD
:104330002846FFF753FD20B32846FFF74BFD0746FD
:104340002846FFF743FD81462846FFF745FD824694
:104350002846FFF73DFD39460090534606F14400DC
:104360004A46FFF78AFE616801F5E471093130467B
:10437000F1F7CCFEB8F1000F0DD160680421EFF722
:104380003FFF002086F8040186F8C60002B0BDE8B1
:10439000F0870120FAE760680521EFF705FCF0E7F8
:1043A0004268D2F8B830D90610B5044603D49A2131
:1043B0004520ECF7C7FC990601D59B21F8E723F0CF
:1043C0001003C2F8B830FFF706FF60680521BDE8AA
:1043D0001040EFF7E9BB0B230B70437A8B70A0F50D
:1043E00034731B88A1F80330037B4B7170470C2397
:1043F0000B70437A8B70A0F534700388A1F80330FA
:10440000704709230B70A0F577731B88A1F8033060
:10441000D0F80B30C1F80530D0F80F30C1F80930B2
:10442000B0F81330A1F80D3070474368D3F85C3111
:1044300010B504465BB10C22FFF7DCFE6368322244
:10444000204683F8C720FFF7BCFE012010BD1846A8
:10445000FCE738B505464068012390F8C7200021E5
:10446000A830FFF74DF86C6860B994F8C7200123B5
:10447000052104F1A800FFF743F8002814BF082025
:10448000012038BD94F8CC300BB90020F9E70A219F
:104490002846FFF7CAFF04460028F6D12846FFF752
:1044A00090FE6B68122283F8C7202046E9E738B5F2
:1044B000044640680D4690F8C72001230021A8302B
:1044C000FFF71EF870B9606890F8C720142A09D069
:1044D00001230521A830FFF713F8002814BF082096
:1044E000012038BD03212046FFF79FFF28BB6368EA
:1044F00093F80A3113B92046FFF763FE6168284636
:1045000001F54471FFF73CFC6168284601F5A47190
:10451000FFF741FC61680B88A1F8E533284601F2FA
:10452000E731FFF71BFC6168284601F2EF31FFF726
:104530001DFC6368162283F8C7200020D1E743687A
:1045400093F8C720132A03BF1422002083F8C72042
:104550000220704710B5436893F8C730192B044602
:1045600007D1FFF738FE63681D2283F8C7200020BB
:1045700010BD0220FCE708B5436893F8C720122A53
:1045800004D04FF4A8711F20ECF7DCFB012283F864
:104590000921132283F8C72008BD08B5436893F8A2
:1045A000C720172A04D04FF4B0711F20ECF7CAFBC4
:1045B000192283F8C72008BD0B46072203F8032BF6
:1045C000D0F80920C1F80320D0F80D205A60B0F8C7
:1045D00011201A81C27C9A72704710B54468037822
:1045E00094F8C620002104F1A800FEF789FF18B94D
:1045F000AA211C20ECF7A6FB042384F8C63010BDCA
:1046000068B5054640682E787EB990F8C7203346D5
:104610003146A830FEF774FF18B9B2211C20ECF720
:1046200091FB6B6883F8086168BDD0F8B820D307A8
:1046300001D4B721F2E790F80831013B5BB2002BBF
:1046400080F8083101DAB921E8E722F00102C0F868
:10465000B820E9E70E23A0F5E4700B7003884B80C7
:10466000704710B54468037894F8C620092104F116
:10467000A800FEF745FF30B1002384F8F83084F835
:10468000043184F8C630002010BD38B50478456880
:104690005CB995F8C7202346214605F1A800FEF72E
:1046A0002FFF80B90124204638BDD5F8B84014F05A
:1046B0000404F7D1FFF785FDD5F8B83043F00403C3
:1046C000C5F8B830EFE7012385F808310223A5F8D3
:1046D000064185F8C730E6E70378426813B982F8E7
:1046E00008317047D2F8B83023F00403C2F8B8306C
:1046F000FFF771BD38B54568037895F8C6200446C4
:10470000002105F1A800FEF7FBFE18B971214B202E
:10471000ECF718FB2378002B0CBF0523102385F83A
:10472000C63038BD01230B7000238B70A0F5867353
:104730001B88A1F80330437A4B714389CB8083896E
:104740000B81704770B54468057894F80B6116F0DA
:10475000020604F1A80012D194F8C6202B46314677
:10476000FEF7CEFE18B975214020ECF7EBFA0123D5
:1047700084F8C63084F80431A4F8006170BD8DB9A6
:1047800094F8C7202B462946FEF7BAFE08B184F8F4
:104790000851002384F87231F0E722F00202C4F8D5
:1047A000B820F6E7D4F8B8209307F2D594F808318A
:1047B000013B5BB2002B84F80831EEDA8721D3E7A6
:1047C00010B50B794C790A68012843EA042108BF27
:1047D00041F48031104610BD07B5FFF7F1FF0DF130
:1047E0000702F2F7C7FA03B05DF804FB0B46062296
:1047F00003F8032BB0F80920A1F80320C27A9A70BD
:1048000070470B46172203F8032BD0F80920C1F894
:104810000320D0F80D205A607047392301F8033B7C
:1048200000F10903293053F8042B41F8042B83428B
:10483000F9D11B880B807047F0B5D928844628BF72
:104840004FF0D90C0CF1300CBDF814701FFA8CFC31
:10485000BCF1FF0F07F0010607F0020528BF4FF07B
:10486000FF0C17F00307044601F5A57100F03E8127
:10487000002D4CD0082A3CD0042A3ED0022A0CBF7E
:10488000182028200025082A05443AD0042A3BD0C5
:10489000022A0CBF4FF48A704FF40A70054468185E
:1048A00002F00C05002D00F19C0014BF282100210E
:1048B000084474D000F535609830002E00F0A080D8
:1048C000082A00F08F80042A00F09080022A0CBF92
:1048D000182128210023082A0B4400F08B80042A89
:1048E00000F08B80022A0CBF4C2198210B44184405
:1048F000C6E04FF4A8704025C5E74FF4A8702E25F8
:10490000C1E74FF48A50C9E74FF48A60C6E70BB39A
:10491000082A11D0042A13D0022A0CBF18202820FC
:10492000082A054410D0042A11D0022A0CBF4FF4E3
:1049300082604FF40260B1E74FF4A8704025EFE7C2
:104940004FF4A8702E25EBE74FF48240A6E74FF412
:104950008250A3E7082A16D0042A18D0022A0CBFD6
:10496000182028201D460CF1050C082A05441FFAC2
:104970008CF010D0042A10D0022A0CBF042708277C
:1049800007FB00558BE74FF4A8704025EBE74FF489
:10499000A8702E25E7E74027F2E71027F0E7082A5E
:1049A00012D0042A14D0022A0CBF18212821082A68
:1049B0000D4411D0042A12D0022A0CBF9C214FF4BE
:1049C0009C710D44284477E74FF4A8714025EEE729
:1049D0004FF4A8712E25EAE74FF41C61F1E74FF47C
:1049E0001C71EEE74FF4A871402374E74FF4A871EF
:1049F0002E2370E74FF4986178E74FF4987175E7CC
:104A0000002B4CD0082A3CD0042A3ED0022A0CBFEE
:104A100018212821082A0E443BD0042A3CD0022A1F
:104A20000CBF4FF482614FF402610E443044D92C24
:104A300026D9D93CA4B2F721002B00F0AE80082A79
:104A400004F1F604B4FBF1F100F09980042A00F0BF
:104A50009A80022A0CBF182428240023082A234401
:104A600000F09580042A00F09580022A0CBF4FF4D4
:104A700082624FF40262134403F5A57301FB030045
:104A8000F0BD4FF4A8714026C4E74FF4A8712E265C
:104A9000C0E74FF48241C8E74FF48251C5E7F12CDB
:104AA000214628BFF121082A14D0042A16D0022A50
:104AB0000CBF182528251E461331082A2E4489B21A
:104AC00010D0042A10D0022A0CBF0425082505FBAB
:104AD0000166ABE74FF4A8754026EDE74FF4A875E3
:104AE0002E26E9E74025F2E71025F0E71BB3082A58
:104AF00013D0042A15D0022A0CBF18202820082A17
:104B0000384412D0042A13D0022A0CBF4FF4826713
:104B10004FF402673844084489E74FF4A8704027EF
:104B2000EDE74FF4A8702E27E9E74FF48247F1E74D
:104B30004FF48257EEE7082A15D0042A17D0022A2C
:104B40000CBF1826282618460CF10505082A304403
:104B5000ADB210D0042A10D0022A0CBF04260826B9
:104B600006FB0500D7E74FF4A8764020ECE74FF4AA
:104B7000A8762E20E8E74026F2E71026F0E74FF46B
:104B8000A87440236AE74FF4A8742E2366E74FF415
:104B9000824270E74FF482526DE7082AB4FBF1F1CC
:104BA000C9B236D0042A38D0022A0CBF18252825CD
:104BB000082A2B4435D0042A36D0022A0CBF4FF4E1
:104BC00082664FF40266334403F5A57301FB0300CC
:104BD000C1EB4113C1EBC301641AA4B2002C3FF432
:104BE0004FAF0834082AA4B221D0042A0CBF2E23C8
:104BF0000023082A2B4404F105041AD0042A1AD0F1
:104C0000022A0CBF0425082500F5A57005FB043316
:104C10006DE64FF4A8754023CAE74FF4A8752E231C
:104C2000C6E74FF48246CEE74FF48256CBE74023E7
:104C3000DFE74025E8E71025E6E78B88F7B513F0B6
:104C4000180607460C4625D1086820B940F20941EC
:104C50002D20ECF777F800F0BBFA217C657C042965
:104C600008BF0821042D08BF0825F2F739F9A388E9
:104C70000093014633462A463846FFF7DDFDD4E966
:104C80000223D730824273F100032CBF01200020A1
:104C900003B0F0BD0120FBE737B504460D46F2F73F
:104CA00025FA61792B460122204603B0BDE8304049
:104CB000F2F79AB938B50B46132203F8032B0C46CA
:104CC00000F10902293052F8041B43F8041B824208
:104CD000F9D112781A70A5880123A3710221284600
:104CE000ECF7F2FCC8B1E27862B10088F0F708FC9A
:104CF00002212846ECF7FEFC78B140F242212D203B
:104D0000ECF720F800F08BFBF0F784FA4B0404D5A5
:104D10002846BDE83840EFF7DBBB38BD38B5CB6976
:104D20000446A3F57A75104641F2707295429DBF14
:104D30004FF47A72B3FBF2F303F5506340F2E242B0
:104D400088BFB3FBF2F39BB2A4F8AC308B8CA4F811
:104D5000AE30CB8CA4F8B03091F8F13284F8B23098
:104D6000A37F04F1A00263B394F86830012B28D12B
:104D700094F86E3003F0C003402B22D1D4F8693090
:104D8000C4F8A030B4F86D309380236A9A7884F820
:104D90009920082803F1030504F19A02D3F803309F
:104DA00004F1A60118D0C4F8A630AB888B8004F1BA
:104DB0009901F0F773FD40B94FF444612D20EBF7F2
:104DC000C1FF0023C4F8A030DEE794F8993043F027
:104DD000020384F8993038BDC4F89A30AB889380C8
:104DE0000023C4F8A6308B80F5E70B46162210B5D9
:104DF00003F8032BD0F80920C1F80320427B1A7175
:104E0000CB78BBB130F8B43C1B0713D4B1F80540E4
:104E100002212046ECF758FC60B10088F0F770FBE7
:104E200002212046ECF766FC20B140F28D212D20B6
:104E3000EBF788FF10BD0121F2F7D2BCFFF7FBBFF3
:104E400010B50446303000F0ACF920B92046BDE87A
:104E50001040F2F76BBA20460121BDE81040F2F78E
:104E6000BFBC08B590F894300BB1012008BD90F894
:104E7000CC30002BF9D190F8BE3003F0FF00002BAE
:104E8000F4D0F0F7A5F980F00100C0B2EEE730B53C
:104E90004FF4B07285B004460D460021FBF7F8FCD4
:104EA000FF2323701323638042F21073E384ECF733
:104EB00019FD00220146E0646846ECF757FDE06CFE
:104EC00000220121FCF7F3FEE16C04226846ECF7B6
:104ED0004DFD0022E06C1146FCF7E9FE04F13000C4
:104EE000257500F01FF902A8F0F7C2FE20B940F2C4
:104EF00041312D20EBF726FF02A904F13600FEF721
:104F000025FC04F18000FEF76DFA05B030BDFF23EB
:104F1000C86C0B70FCF798BE0078FF3818BF0120F2
:104F20007047F7B5044630300E4600F051F96588F9
:104F3000E90606D52822294603B0BDE8F040F3F77C
:104F400025BFAA0721794CBFB4F85C70B4F854703F
:104F5000F1F7C6FF62790095014633463846FFF700
:104F60006BFC03B0F0BD4388092B10B5044607D194
:104F7000F3F7BCFB20460121BDE81040F3F7F4BA7B
:104F800010BD034630B55A8812F0180F87B0084696
:104F900010D1D3E9024503F1300100919B88ADF8AF
:104FA00004206946CDE90245ADF81030FFF745FE13
:104FB00007B030BD0120FBE7D0E902017047407D1A
:104FC000003818BF012070470B68C0F817308B8875
:104FD000A0F81B30012343777047438813F010007B
:104FE00005D013F0040F14BF00201F2070479A074C
:104FF00004D4DB0701D4ECF7A1BCEE20704708B560
:10500000FFF7EBFF003818BF012008BD0023A0F810
:10501000483043881D2B08BF00214174704790F928
:1050200014007047408800F0010070474088C0F3CA
:10503000400070474088C0F3C000704710B54488F6
:10504000C06CE30654BFC4F340040024FCF7B4FE74
:10505000002C08BF012010BD4088C0F3001070472D
:105060004088A0F109035842584170474079704781
:1050700010B50446F1F7D4F8C0F30B00A042F9D004
:1050800010BD90F8683001624B72D0F86930C1F8F9
:105090000A30B0F86D30CB81704700218030FEF7C8
:1050A000A8B9F2F743B980F888107047FF2380F859
:1050B0008B30704780F8241080F825207047C0F3AB
:1050C0004002C0F38003134400F00100184470470D
:1050D000022808B507D0042807D0012807D03921B5
:1050E0002E20EBF72FFE262008BD2720FCE72520E9
:1050F000FAE78278034612F0010002D0D978C90796
:105100000FD5900702D5D978890709D512F0040088
:1051100007D0DB7813F0040F14BF00200420704781
:10512000022070470023C0F802300123437003704F
:1051300070478170704710B50170427080781446D6
:10514000FFF7BDFF10FB01F104FB01F2FE2A03DDB6
:105150005C212E20EBF7F6FD10BD0023C3704371D8
:105160000371704710B50446FFF7C3FF6379627897
:105170000133DBB29A4263710FD1E378A178034324
:10518000DBB29942E37008BF23794FF0000208BFF9
:105190000133627104BFE2702371BDE81040FFF774
:1051A00097BF38B501468078FFF789FF0446C87875
:1051B0004D78FFF784FF0A790B789B1A13FB05F3F0
:1051C0004A7913FB04F39B1A00FB1530C0B238BDBB
:1051D00008B501468078FFF772FF4B780A7813FB19
:1051E00002F313FB00F0C0B208BD08B542790346D4
:1051F0002AB1FFF77EFFBDE80840FFF769BFC0781E
:1052000081070BD410F00100F5D19B785A0707D421
:1052100013F0020F0CBF01200220ECE70220EAE7A6
:105220000420E8E7082810B517D0042819D0022870
:105230000CBF1824282400230828234402F1050267
:1052400013D0042813D002280CBF0420082000FB30
:105250000233803301FB03F010BD4FF4A8744023E8
:10526000EAE74FF4A8742E23E6E74020EFE710208A
:10527000EDE740F2EF20704740F25A335843704751
:1052800038B55368172814460D4693F8C6200BD836
:105290000D280DD90E3809280AD8DFE800F00E09CC
:1052A000090918092009093E2E2827D036282ED0B2
:1052B0004FF413713120EBF745FD042A05D1204648
:1052C000FEF776FF2046F1F767FC002038BD102A74
:1052D000FBD120460021BDE83840FFF7C2B91E2AA5
:1052E000F3D12046FEF764FF002DEED0626892F8FD
:1052F0001A3123F0200382F81A31E6E7352AE4D187
:10530000002283F8B3212046FEF752FFDDE7362A5C
:10531000DBD1002283F8B421F5E793F8C720242AD3
:10532000D3D1002583F8C7502046FEF754FF6368A9
:1053300093F86C31012B03D129462046EFF79EFFED
:105340006368002283F86C21BFE708B5436893F8CF
:10535000C720172A04D040F2D4413120EBF7F2FCE9
:105360001B2283F8C72008BD08B5436893F8C720FF
:10537000322A06D1002283F8C720BDE80840FEF794
:105380002ABF172A03D11B2283F8C72008BD40F289
:10539000E9413120EBF7D6FC70B5426892F81A313A
:1053A00043F00403044682F81A3108460D46FEF71E
:1053B0006AFD06462846FEF762FD22463146BDE8F4
:1053C0007040F3F725BE38B50C460546D1E9050116
:1053D000ECF72EFA94F8840320280BD0FAF760FC3F
:1053E00094F88403F9F7B8FB20B940F67401312032
:1053F000EBF7A8FC28460E21BDE83840ECF77AB957
:10540000EDF79EB890F803330022A0F8C62080F88C
:10541000CA2013B10221EEF7C7BB0321FBE70C2121
:1054200000F54670EBF7B6BEF0F7B6BF08B5032837
:1054300005D8DFE800F009020902002008BD40F2AB
:1054400025217720EBF77EFC0120F7E708B590F8DF
:10545000CC3043B990F8C6200621A830FEF750F8AA
:1054600000F0010008BD0120FAE738B590F8CA3015
:10547000B0F8FA50044683B9C5F1020594F8F83043
:1054800083B92046FFF7E2FFB8B92846A842A8BF73
:10549000284620EAE07080B238BDB0F8FC00401B1E
:1054A000051FEBE794F8C6200023092104F1A800AA
:1054B000FEF726F80028E4D1E8E7D4F8F030D4F875
:1054C000EC00043B181AE1E770B50E4604210546CE
:1054D000ECF7FAF8044648B906212846ECF7F4F848
:1054E00020B116B190F8BD3003B90446204670BD16
:1054F000037C0BB900207047037C012BFAD0007CA1
:10550000073818BF0120704708B5027C012AD3B2C2
:1055100004D0FFF7EDFF00F0010008BD1846FAE7E0
:10552000007DA0F1FF0358425841704708B5FCF7D1
:10553000A8FC0023A0F8443080F84630A0F847309B
:1055400080F8493008BD10B51D23C3700446EFF73D
:105550008DFE207110BD10B51E23C3700446EFF7F9
:1055600085FE207110BD012343810023C381838107
:10557000704701234380038000238380C3804FF45E
:1055800048630381704708B5F5F7C4FBF5F728FABF
:10559000F5F72EF8BDE80840F5F7D6B870B5044623
:1055A0000025666A16B9A16D59B970BD616A606D52
:1055B0000B6863620D704D708D70CD70FCF73BFB16
:1055C000EFE7606DFCF737FBA665EEE710B5044624
:1055D000F7F7BCF82046BDE81040FFF7DFBFF7F74C
:1055E00087B9801A00F3070038B540B20D4659B2AA
:1055F0001446F7F76DF90023287020446B7040B211
:1056000038BD002303607047002070474FF0FF3023
:1056100070474FF0FF307047704770470020704769
:105620004FF0FF3070470020704700207047002384
:10563000037070470022FFF7D4BF002070474FF07F
:10564000FF3070474FF0FF3070474FF0FF3070472A
:1056500038B5054691F827000C46F9F77DFA18B9D8
:10566000D3216A20FAF752FD0023A38484F8263060
:105670000921236A2846984718B103780BB1D7212E
:10568000EFE738BD426808B5034611441A785960FF
:10569000012AA1F1500006D1FAF72EF940B9B7213D
:1056A0006A20FAF733FDFAF727F908B9BC21F7E7C2
:1056B00008BDF8B504460E4619B9012384F829300F
:1056C0003CE00D78032DF8D8DFE805F03A0212151A
:1056D0004868C72802D800252846F8BD0421FAF7F3
:1056E000B5F90028F7D171682046FFF7CBFFF3E743
:1056F000F7F76AF9F0E790F82470FFB94D6828468B
:10570000F7F736F90028D8D02978D9B901222270C4
:105710002B792181003B18BF0123E3726B79002BA9
:105720000CBF02230423A372AB6860336360EB6891
:105730002361032384F8263084F82520F7F744F901
:105740000225C9E794F82630052B04D040F27711E2
:105750006A20FAF7DBFC27702B7994F82700278161
:10576000003B18BF0123E3726B79002B0CBF0223AF
:105770000423A372EB68A96860336360D4E906323E
:105780005B1842EBE172C4E90432042384F826304A
:105790002146F9F72BFB0028D0D140F27911D7E749
:1057A00070B50D46044620B940F291116A20FAF70F
:1057B000ADFC90F82860082900F2F080DFE811F0D5
:1057C000EB000900410041007C0086009000A90028
:1057D000970090F82630033B012B02D94FF4CE718D
:1057E000E4E7052390F8241080F82630002380F8A1
:1057F000293011BBFFF746FF2378012B18D194F80D
:105800002700F9F7C7F9C4E90601236A00213046E9
:10581000984701462046FFF74CFF022820D0002879
:1058200000F0BF80012840F0BF80236A0421EEE72A
:10583000D4E90423C4E90623E7E7BDE87040F7F79D
:10584000C3B890F82630DA1E012A02D94FF4DD7170
:10585000ACE790F8242072B101463046FFF7F8FE1D
:10586000002D40F0A48000F054F9002800F09F8043
:1058700040F22E219AE7042B0CBF022301230229B8
:1058800080F82630036A0CD105213046984700285D
:1058900000F08D800378002B00F0898040F2CF115A
:1058A00084E70621304698470028D9D00378002B9A
:1058B000D6D04FF4EA7179E790F82630052B02D064
:1058C00040F2DB1172E7036A0221A0E790F826306C
:1058D000052B02D040F2E11168E7036A012196E747
:1058E00090F82630052BA8D040F2E7115EE790F83B
:1058F0002630052B02D04FF4F67157E7036A0A21D0
:105900003046984701462046FFF7D3FE40F2EF119C
:105910004CE790F82630052B07D090F825200AB1E7
:10592000032B02D040F2F31140E794F824202AB16F
:1059300021463046BDE87040FFF78ABE94F8293012
:1059400073B1022384F8263084F82920236A0821C1
:105950003046984758B303784BB340F2FF1125E720
:1059600094F8252052B194F8270084F82530214678
:10597000F9F73CFAD8B94FF4017117E7022384F81C
:1059800026300721236A3046984780B1037873B1E7
:1059900040F20B210AE74FF4047107E74FF4057159
:1059A00004E7236A032132E740F22521FEE670BDB9
:1059B00070B5F7F755F8002405462646E0B2854253
:1059C00000D870BDF7F752F80134868480F826605D
:1059D000F4E7F8B504460D46F7F742F80027064607
:1059E000F8B2864204D8082D0CD96FF0150008E0F3
:1059F000F7F73CF890F826300137002BF0D04FF045
:105A0000FF30F8BD2CB129462046BDE8F840F7F735
:105A10003BB821462046F8E738B50546F7F726F8A3
:105A2000014688B190F824408CB990F8263073B1C3
:105A3000013B012B04D82846FFF70AFE204638BD5B
:105A4000012380F82430F9E76FF00100F7E76FF0E9
:105A50002200F4E770B50D46F7F708F80446002871
:105A60004AD090F82660731E012B4BD8002D46D0EB
:105A70002846F6F77DFF002841D02A7802BB012393
:105A800023702B792281003B18BF0123E3726B79CD
:105A9000002B0CBF02230423A372AB686033636046
:105AA000EB682361032394F8270084F8263021460D
:105AB000F9F79CF948BB4FF42B716A20FAF726FBE3
:105AC000022E1FD1002222702B7922819B1A18BF2F
:105AD0000123E3726B79934218BF0426A672EB6828
:105AE000A96860336360D4E906325B1842EBE17267
:105AF000C4E904320423D6E76FF0010070BD6FF0F3
:105B00001500FBE76FF02200F8E70020F6E7F7F753
:105B100023BD08B50020F7F72FFE0068003818BF36
:105B2000012008BD08B500F0CCF828B14FF0804343
:105B30000222C3F8342C08BD00F08AF80028F5D101
:105B400000F09BF80028F1D1F5E74FF080430122E7
:105B50001A6070474FF08043D3F8080400F001004A
:105B600070474FF08043D3F8140400F001007047F1
:105B70004FF08043D3F81C0400F0030070474FF04F
:105B800080410246D1F81804D1F8181410F480307E
:105B900004D001F00300831A58425841704707B5FA
:105BA0006846F7F7D1FBDDE900024FF08073002172
:105BB000E2FB030103B05DF804FB0020704708B569
:105BC000F7F7ACFBBDE80840F7F792BB03460020AF
:105BD00018707047EFF3108272B603780121DBB2C0
:105BE000017002B962B6012B0CBF6FF022000020D9
:105BF0007047EFF3108372B60022027003B962B6E9
:105C000000207047FAF77EBC4FF08053D3F8300184
:105C1000A0F10F035842584170474FF08053D3F81A
:105C20003001A0F10A035842584170474FF08053A9
:105C3000D3F83001A0F10E035842584170474FF09D
:105C40008053D3F83001A0F11003584258417047F7
:105C50004FF08053D3F83001062803D0431C58423C
:105C600058417047012070474FF08053D3F83001FE
:105C7000A0F10D035842584170474FF08053D3F8BC
:105C80003001A0F1080358425841704708B5FFF7AA
:105C9000BBFF024688B9FFF7C0FF014658B9FFF7BE
:105CA000C5FF024658B9FFF7D3FF20B9FFF7E5FF5C
:105CB00080F00100C2B2104608BD0022FBE70A4690
:105CC000F9E708B5FFF7A9FF30B14FF08053D3F8DB
:105CD0003401B0FA80F0400908BD08B5FFF7B8FFFD
:105CE00048B14FF08053D3F83401063810F1080F53
:105CF00094BF0020012008BD08B5FFF7A9FF48B1F7
:105D00004FF08053D3F83401063810F1080F8CBFE0
:105D10000020012008BDFAF737BCFAF735BC00288F
:105D20000CBF6FF01500002070470020704707235C
:105D3000037000207047002070470020704710F863
:105D4000012B11F8013B012A28BF9A42F7D0D01A43
:105D50007047034613F8012B002AFBD1181A0138AB
:105D60007047000008B5064900230B6001224A6015
:105D7000CB608B600022002302480CF01FFF08BD9F
:105D800070060020685D030008B5034B18611846D3
:105D900013F08AF908BD00BF48060020B0B582B0F4
:105DA00000AF0446204A032120481AF0D9F9204BBD
:105DB0001C6188B06B4613F110022ED00C213AB151
:105DC0000846042901DD1B4D5D61082800DD9C614A
:105DD0000B2925DD0C243AB1032139710021797199
:105DE000B971F9717868186100216FF300016FF3E0
:105DF00041016FF382016FF3C501032363F388113F
:105E0000C4F30A0464F353216FF31F5100230748BE
:105E100002F098FD0837BD46B0BD6FF00041CEE7F7
:105E20006FF01B04D7E700BFE86303003C5C03008E
:105E300030060020FC63030000B583B0194A03213B
:105E400019481AF08DF9194813F02EF91849194814
:105E500013F054F841F69A120023174917480CF032
:105E6000ADFE98B941F69A120023154915480CF079
:105E7000A5FE88B94FF480320023CDE900231248F3
:105E800015F09EFE002003B05DF804FB0F4A0121CF
:105E900005481AF065F9E5E70D4A012102481AF0B4
:105EA0005FF9E7E7186403003C5C0300800600200C
:105EB000C55F01004806002070060020685D0300F1
:105EC00060060020545D0300200900202C640300BC
:105ED0005064030010B543681A68012303FA01F106
:105EE0000A4203D083685B69984710BD074C40F2B3
:105EF000816322460649074819F0E3FD064819F078
:105F0000E0FD40F28161204619F0D2FD7C6403007F
:105F1000B0640300F06403001065030010B543682B
:105F20001C68012303FA01F10C4204D09AB1836882
:105F3000DB68984710BD0A4C40F22F63224609499E
:105F4000094819F0BEFD094819F0BBFD40F22F6168
:105F5000204619F0ADFD83681B699847EAE700BF4A
:105F60007C640300B0640300F06403001065030068
:105F700038B5436805691C6801238B401C4208D072
:105F80002C68234202D0B2FA82F25209FFF7C6FF10
:105F900038BD084C4FF4CB6322460749074819F037
:105FA00090FD074819F08DFD4FF4CB61204619F0A4
:105FB0007FFD00BF7C640300B0640300F064030055
:105FC000106503002DE9F04784B041F69A120023D2
:105FD000694600690CF05EFE009B012B53D0019BCB
:105FE000012B52D004B0BDE8F087304B1D681E79FC
:105FF00031462846FFF76EFF642019F064FB2C4BF6
:106000001F6893F8048041463846FFF763FF642019
:1060100019F059FB274BD3F8009093F804A0514690
:106020004846FFF757FF642019F04DFB514648469C
:10603000FFF750FF642019F046FB41463846FFF752
:1060400049FF642019F03FFB31462846FFF742FF25
:10605000642019F038FB0134022CC6D9134B0022FE
:1060600019791868FFF784FF124B00221979186814
:10607000FFF77EFF0E4B002219791868FFF778FFB3
:1060800000230093ABE70024E6E7084B1C681D796A
:10609000012229462046FFF76BFF142019F013FB5D
:1060A000002229462046FFF763FF9BE75C6B030055
:1060B000546B03004C6B0300F8B5866847680469AD
:1060C00012F0FC6F33D1134602F03002302A3ED07A
:1060D000504A1A40504DAA4249D003F00602042A01
:1060E00055D013F4402202D013F4003F5CD0B2F537
:1060F000402F69D013F4801F05D022B113F0010F97
:1061000001D083F4402323F480123D684FF0010C4A
:106110000CFA01FC15EA0C0F66D013F0010F73D0D6
:1061200023684CEA0303236033689847F8BD3B4C6F
:106130004FF4747322463A493A4819F0C2FC3A487F
:1061400019F0BFFC4FF47471204619F0B1FC334CC8
:1061500040F2D33322463549324819F0B2FC344874
:1061600019F0AFFC40F2D331204619F0A1FC2B4CC2
:1061700040F2D73322462F492A4819F0A2FC2E4874
:1061800019F09FFC40F2D731204619F091FC234CC6
:1061900040F2DA3322462949224819F092FC40F2B3
:1061A000DA31204619F084FC1C4C40F2DD332246E3
:1061B00023491C4819F085FC224819F082FC40F262
:1061C000DD31204619F074FC144C40F2E1332246D4
:1061D0001D49144819F075FC1C4819F072FC40F276
:1061E000E131204619F064FC0C4C40F2ED332246BC
:1061F00017490C4819F065FC164819F062FC40F28A
:10620000ED31204619F054FC236823EA0C03236087
:106210008AE700BF02000300020001007C64030063
:1062200030650300F064030090650300B46503006B
:10623000F06503003066030078660300C86603005B
:10624000FC6603004467030080670300C467030023
:10625000B06403001065030070B583684568066983
:106260009C69002C72D002F4C003B3F5C00F1DD09E
:1062700063B302F0E863B3F1C86F37D002F0C863CC
:10628000B3F5800F42D02D6801238B401D424DD0C5
:1062900012F4000F04D035682B4201D082F0C062A6
:1062A00002F0B05302F0B072A04770BD294C40F22A
:1062B000733322462849294819F003FC284819F06D
:1062C00000FC40F27331204619F0F2FB214C40F201
:1062D000773322462349214819F0F3FB224819F06D
:1062E000F0FB40F27731204619F0E2FB194C40F206
:1062F0007A3322461D49194819F0E3FB1C4819F06E
:10630000E0FB40F27A31204619F0D2FB114C40F20A
:10631000813322461749114819F0D3FB164819F06A
:10632000D0FB40F28131204619F0C2FB094C40F20B
:106330008B3322461149094819F0C3FB104819F064
:10634000C0FB40F28B31204619F0B2FB6FF05700D2
:10635000ABE700BF7C640300F0670300F064030058
:1063600034680300606803008C680300B8680300A9
:106370003C69030090690300DC690300B06403001A
:106380001065030008B5034A0321034819F0E8FE2D
:1063900008BD00BF246A0300145C030008B52D4A41
:1063A00003212D4819F0DCFE4FF400312B4819F081
:1063B000AAF958BB4FF40031294819F0A4F958BB89
:1063C0004FF40031274819F09EF958BB4FF4803143
:1063D000254819F098F958BB4FF0E862102123487E
:1063E000FFF73AFF50BB21481EF03DFD60B3204A45
:1063F0000321194819F0B4FE1E491F4B4B604FF49E
:1064000080338B60194819F074F916E01B4A01219A
:10641000114819F0A5FECDE7194A01210E4819F0DF
:106420009FFECDE7174A01210B4819F099FECDE7F1
:10643000154A0121084819F093FE08BD134A0121AD
:10644000054819F08DFEF8E7114A0121024819F0BC
:1064500087FEF2E7346A0300145C03005C6B030000
:10646000546B03004C6B0300446B03002059030082
:10647000286B03003833002085630100486A03005D
:106480006C6A0300946A0300B46A0300E06A0300C4
:106490000C6B030000293BD038B50D46046820463C
:1064A00019F0BDF90146C20004EBC0035B8813F08C
:1064B000010F0FD000EB530334F833001B1A99423D
:1064C00017D1A3185A8822F001025A80204619F0E9
:1064D000C2F938BD0F4CAF2322460F490F4819F0BF
:1064E000F0FA29460E4819F0ECFAAF21204619F0CF
:1064F000DFFA084CB72322460A49084819F0E1FAA6
:106500002946094819F0DDFAB721204619F0D0FADA
:10651000704700BF846B0300A86B0300F0640300A6
:10652000BC6B0300F46B03001C6C03002DE9F84303
:10653000154606684B420B4001F1FF3919EA010983
:1065400004D0032B4BD84C46994603E00C46042953
:1065500040D90423621E224245D1002D67D0B26883
:10656000B2EBD50F66D96119C91A0B31C90830468B
:1065700019F0A2F9074600285FD00146304619F00D
:10658000CDF800EB0908A04408F1FF38B8FBF4F897
:1065900004FB08F8A8EB090808EB0504073424F00D
:1065A00007044146304619F03AF90546A41BE410A9
:1065B000874228D3EF0006EBC5035B8805EB530346
:1065C0009C422AD33E44738843F0010373804046C3
:1065D000BDE8F883114619F0AAF98046F7E74C4662
:1065E00099460423B6E7164C4FF4A2732246154988
:1065F000154819F066FA154819F063FA4FF4A271BC
:10660000204619F055FA02463946304619F0D0F8BE
:106610003946304619F013F9CCE722462946304670
:1066200019F0C6F82146304619F009F9CAE74FF0CB
:106630000008CCE74FF00008C9E74FF00008C6E7B4
:10664000846B0300586C0300F0640300746C030057
:1066500070B5B2F5802F1FD20346042A2CD9043A14
:10666000C81D20F007000A4422F00702121AD508BC
:10667000172A31D9186085600023C360B5FA85F107
:10668000C1F1200EC1F124018900CE1DF1084B1C7F
:10669000AB4231D8002345E0344C40F2EB132246A4
:1066A0003349344819F00DFA334819F00AFA40F228
:1066B000EB11204619F0FCF92C4C4FF4F9732246EB
:1066C0002E492C4819F0FDF92D4819F0FAF94FF42C
:1066D000F971204619F0ECF9244C40F2FB132246E4
:1066E0002849244819F0EDF9254819F0EAF940F253
:1066F000FB11204619F0DCF91C4C4FF403732246C1
:1067000021491C4819F0DDF91D4819F0DAF94FF458
:106710000371204619F0CCF903F1040C002440F871
:106720002C4001337345F7DB4C00A4B244804FF09A
:10673000000CA0F800C044F0010444806B1A4FEA3A
:10674000430E26F00704A51C20F805E0015322F0B3
:106750000704951C20F805C002440353538843F0F6
:106760000103538019F06BF870BD00BF846B030008
:10677000946C0300F0640300AC6C0300C46C030071
:10678000E86C0300046D0300306D0300F8B540B100
:10679000064603784578847804EB83040444002794
:1067A00011E00B4CC62322460A490B4819F089F91F
:1067B000C621204619F07CF901342046FFF7C9FABA
:1067C000013004440137AF42F6D3A01BF8BD00BF2F
:1067D0005C6D03008C6D0300F06403002DE9F04F45
:1067E00091B005920393134602F004020092C3F3A2
:1067F000C20210F00303019340F0708280468A4683
:106800000132041D002850D0B8F1000F05D0A4EBD0
:1068100008030433534500F26482039B5D1E019B11
:1068200004930693029300264FF0FF3B0427B946DA
:10683000B8F1000F01D0039B2360531E0793002A79
:1068400040F36181059B13F0020229D00120A4EBE3
:1068500008018B081AB1B1F5007F80F06881029AB7
:106860000F2A00F27481B8F1000F00F08481DBB2CE
:10687000029901F140026A4402F8103C02F820BC7F
:10688000002800F0748163F07F0301F140026A4444
:1068900002F8103C049B01330493029B01330293E2
:1068A00004340022CC4640463DE001F0070A54443F
:1068B000CAF1080AA8E7002634E0002632E00026E4
:1068C00030E00827BC462DE025292BD10BF1010B28
:1068D00001260427BC4625E04729EED82A2914D3EF
:1068E0002A39C9B24FF0010E0EFA01F14FF6DA7EE5
:1068F00011EA0E0F16D111F0625F40F0C28011F064
:10690000010F40F08D8000260CE0252903D10BF10A
:10691000FF3B002606E001D9002603E0202901D034
:106920002329CCD11D466B1C6978002900F04E81CB
:10693000002EC9D07A29BED84C29CDD34C392E2966
:1069400062D80FF2080E5EF821F000BF2569010041
:10695000096A0100096A0100096A0100096A010067
:10696000096A0100096A0100096A0100096A010057
:10697000096A0100096A0100096A0100196A010037
:10698000096A0100096A0100096A0100096A010037
:10699000096A0100096A0100096A0100096A010027
:1069A000836A0100096A0100196A0100196A01007D
:1069B000836A0100836A0100836A0100256901007E
:1069C000196A0100C3680100096A01002569010014
:1069D000096A0100DF6A0100196A0100DF6A01002B
:1069E000096A0100096A0100E76A0100136A0100EF
:1069F000196A0100096A0100096A0100196A0100A7
:106A0000096A01000D6A010000268BE70427BC46D5
:106A100088E70427BC4685E729786C2925D000261D
:106A20003C44013CB4FBF7F407FB04F4254620B1D9
:106A3000211A6144514500F25781002A58D1BCF116
:106A4000040F00F0A980BCF1080F40F0AD801A9946
:106A5000073121F0070101F108051A95D1E90089F4
:106A600008B1C4E9008908345CE713F8021C6C29FA
:106A700003D000260427BC46D2E700260827BC46E0
:106A8000CEE729784C291AD01A99073121F007014D
:106A900001F108061A96D1E90067073424F00704CB
:106AA00040B1211A0831514513D829784C2913D007
:106AB000C4E90067083400260827BC4632E71A9963
:106AC000073121F0070101F108061A96D1E90067A4
:106AD000E3E76FF01B00FEE0C4E90067EAE7002689
:106AE0000427BC469CE7324600260427BC4697E7AD
:106AF0002C46E14680461A9A111D1A91126803929B
:106B0000079A1D4694E67D4B039A9A4204D37C4B28
:106B10009A420AD3002300E00023002B7FF492AEB8
:106B2000059B03F00202002091E60123F5E7754C76
:106B300040F27B2322467449744818F0C2FF74481F
:106B400018F0BFFF40F27B21204618F0B1FF6D4CDA
:106B50004FF4207322466C496C4818F0B2FF6D4820
:106B600018F0AFFF4FF42071204618F0A1FF069BEC
:106B70000133069391E610B10AF1010A8DE6009BFC
:106B800013B10AF1020A88E60398FFF7E2F800EB76
:106B90000A0303F1020A80E61A990D1D1A95096885
:106BA00000B121600434BDE6E146564C40F2C523F5
:106BB00022465549554818F084FF4946564818F072
:106BC00080FF40F2C521204618F072FF8046231A4C
:106BD000B3F5806F13D210B3002202609B080370DC
:106BE000009B03B3069BC370049B88F802309BBBD9
:106BF000019DDDF80890DDF810B0039F4DE0414C99
:106C000040F2D12322464049404818F05AFF4348F9
:106C100018F057FF40F2D121204618F049FF5344A5
:106C2000A3F1080057E0069B4370DDE7013398426B
:106C3000DED903F140026A4412F8101C12F9102C3C
:106C4000002AF3DA01F07F01A4EB08020132524579
:106C50004DD804F8011BE9E7019B0298E7E7009B88
:106C600043B305F140036B4413F8203C04F8013BA7
:106C7000019EA4EB08033344013353453AD805F190
:106C800040036B4413F8103C04F8013B324639468C
:106C900020461EF07EFD34440135A94519D9BBF1CB
:106CA000000FDCD005F140036B4413F9103C002BBE
:106CB000D5DAF1E705F140036B4413F8103C58F8BE
:106CC0002370002248F823203846FFF742F8461C7C
:106CD000CFE7A4EB080011B0BDE8F08F6FF00D0016
:106CE000F9E76FF01B00F6E76FF01B00F3E76FF0BA
:106CF0001B00F0E76FF01B00EDE700BF1858030022
:106D000038C403005C6D030040670300F0640300B7
:106D1000A46D0300C86D0300E46D0300FC6D030067
:106D20002DE9F04F97B000AF39617A617862B0B168
:106D30009B46D7F88030C3F3C003FB613B69DBB1EE
:106D40007B6A93F80280C7F80C80B8F1000F18D066
:106D5000D7F8803013F0010F1FD1002312E0A74CA9
:106D60004FF465732246A649A64818F0AAFE4FF4D0
:106D70006571204618F09CFE786AFFF707FD3861C0
:106D8000DEE700237A6AD2783A6242B1D7F88020EF
:106D900012F0020F22D1002202E00123F2E70022CA
:106DA00002B9EBB1796A0D78AA00BA600A4649685F
:106DB000B96102EB85057A69FAB1002B40F00581D3
:106DC000FB68002B00F01081D7F8803013F0040F1F
:106DD00040F00E81002082468046FAE00122DFE783
:106DE0007B691BB15A463969786A9847D7F8109081
:106DF00048465C37BD46BDE8F08FD7F81090E3B940
:106E0000FB681D444FF0000B22E081440135013442
:106E100044451CD22A7800235AF822201946786962
:106E200018F0C5FD002EF0D0D7F888309B45ECD285
:106E300026F81B000BF1010BE7E70024A346D7F867
:106E40000C803E61D7F824A0D7F88460E0E73E6963
:106E5000D7F8803003F00503FB604FF0000AC7F855
:106E600010B0B3469CE00025FB697BB9002D79D0BA
:106E7000D7F8803013F0010F79D1FB68002B6FD168
:106E80000223A9EB030988E00125EDE74146B86933
:106E900018F0D3FD0028E9D06D46002387F82C3088
:106EA000022387F82D308AB0694611F1100237D0DD
:106EB00012261AB1042E01DD534B4B61002387F8D3
:106EC0002830022387F829306ABB112E45DD1223B2
:106ED00062B1042087F82C00002087F82D0087F885
:106EE0002E00012087F82F00F86A08616FF3000B6D
:106EF0006FF3410B6FF3820B6FF3C50B022161F34C
:106F0000881BC3F30A0363F3532B6FF31F5B002348
:106F100059463E4801F016FDAD46A9F102093CE094
:106F20006FF00046C5E73346082E01DDB869886179
:106F30000C2B01DDC1F81C8001F12003002009E0C9
:106F400000F1300C07F1280EF4441CF830CC03F8A3
:106F500001CB01300128F3D9B7E76FF01B03B7E786
:106F600001238EE7D7F8803013F0020F15D00023ED
:106F700032461946786918F01AFDD7F8843053B1B3
:106F80003B69D7F88820934205D2D7F8842022F8AD
:106F9000130001333B61013881440AF1010A25469F
:106FA0003B6A9A45BFF424AF2C4614F8028B6B78E9
:106FB0007A6A52F82360164B9E42FFF454AF154B89
:106FC0009E42FFF461AF00254EE707F144004FF009
:106FD000000A18B1FA6829461EF0DBFBFB681D4465
:106FE0000026C7F804B032E0002082468046F0E771
:106FF000C24607F134004FF00008EAE75C6D030079
:10700000146E0300F0640300306E0300EC5B0300B9
:107010001858030038C403000025FB696BBB002D22
:1070200061D0D7F8803013F0010F3AD0B8F10F0FCC
:107030002AD808F1010308F1300207F1280102EB18
:10704000010808F8149C5FFA83F8013625463B6A6C
:107050009E4280F08E802C4614F802BB95F8019079
:107060007B6A53F82930874A9342D5D3864A9342A4
:1070700001D30025D1E70125CFE75946B86918F0BB
:10708000DCFC0028CBD0E0E7804C40F23E432246B7
:107090007F49804818F015FD40F23E41204618F027
:1070A00007FDD7F8803013F0040FCED0BAF10F0FE0
:1070B0000CD80AF101030AF1300207F1280102EBB2
:1070C000010A0AF8249C5FFA83FABEE76F4C40F28B
:1070D0004143224670496F4818F0F3FC40F24141A9
:1070E000204618F0E5FCD7F8803013F0020F1CD0D2
:1070F000B8F10F0F0CD808F1010308F1300207F1C5
:10710000280102EB010808F8149C5FFA83F89CE759
:107110005E4C4FF4896322465D495E4818F0D1FC0D
:107120004FF48961204618F0C3FCBAF10F0F13D851
:107130000AF101030AF1300207F128010A4402F8BA
:1071400024BC0AF1020A5FFA8AFA07F1580252FADD
:1071500083F303F8249C78E74C4C40F24B432246DF
:107160004D494C4818F0ADFC40F24B41204618F018
:107170009FFCD7F804B07A6A137887F854305378B4
:10718000434487F85530D7F8803013F0020F0DD103
:10719000CAF3470387F85730D7F8803013F0010F50
:1071A00006D113F0040F35D1002302E00023F1E7EC
:1071B000002387F856307C6A20683863786D206039
:1071C0005A46B96820467E69B047B0F10009FFF61B
:1071D0000FAE386B20605A46514607F13400B04775
:1071E000002849DB09EB0004FA68BB681A443B6AD3
:1071F00002EB43015A463B69591A2846B047B0F1A1
:107200000009FFF6F5AD4C440025C7F82080D7F8FB
:10721000849015E05346CCE74FF0000A5A4601210E
:1072200007F12C00B047002828DB044453464246AF
:107230005946304618F0BBFB002821DB04440135D9
:107240003B6A9D4211D205F1300307F12802134435
:1072500013F8143C87F82C307A6A52F82380B9F17D
:10726000000FD9D039F815A0D8E75A4600210846B2
:107270007B699847A146BBE58146B9E58146B7E5FC
:107280008146B5E51858030038C403005C6D03005F
:10729000D46E0300F0640300F46E0300014B186029
:1072A000704700BF9006002080B505460E46174681
:1072B000984613F0DFFD03461EF0A4FA0446DFF8FB
:1072C000189049F80030424639463046A84754F8ED
:1072D000090003F033F900BF0800000038B5044688
:1072E0000D46202200211EF07CFAEB68E361AB68BA
:1072F000A3612B6823626B6863620022A2622A6921
:1073000022612BB1591E0B4202D142F001022261CF
:1073100004F12C00012200211DF09FFE00B938BDB0
:10732000054C2E2322460549054818F0CAFB2E219C
:10733000204618F0BDFB00BF286F0300506F03000C
:10734000F06403002DE9F04F89B09A4600230793BB
:107350000593436A8B42C0F0F1808346894600233F
:10736000029301270393904662E0774D88232A46D3
:107370007649774818F0A5FB2146764818F0A1FB1E
:107380008821284618F094FB0299584618F0CDFC45
:107390000023059361E0DBF82030DBF8002003EBED
:1073A0008201039113F822106FF3000103F82210F9
:1073B000C9B26FF3410103F82210DBF800304B44EF
:1073C000DBF8102012F0010F05D1DBF824108B42FE
:1073D00005D35B1A03E0DBF8241001390B40CBF82E
:1073E0000030DBF80C10994201D0002709E042F090
:1073F0000802CBF81020002703E0584618F0CDFB18
:107400002F46019D204613F0C1FF002800F0858023
:1074100085F31188BFF36F8F079931B1DBF818300E
:107420000BB15846984700230793002F00F088803F
:107430000BF11404EFF31186402383F31288BFF39A
:107440006F8F204613F092FF00288ED0204613F055
:10745000B7FF0196059A002A96D106A9584618F05A
:107460003EFB05460699494595D20028C5D15AEA02
:1074700008030CD1002FC4D0DBF80030029305AB19
:1074800007AA0699584618F0BBFB0746B9E71DF056
:10749000D1FE0028EED1204613F078FFE8B186F344
:1074A0001188BFF36F8F0BF12C004246534611F049
:1074B000FFF90746EFF31185402383F31288BFF3EA
:1074C0006F8F204613F052FFC0B1204613F078FFB3
:1074D0000195B7FA87F77F0993E71B4D40F2311307
:1074E0002A461D491A4818F0ECFA21461B4818F0A4
:1074F000E8FA40F23111284618F0DAFA124D8823E2
:107500002A461249124818F0DCFA2146114818F0B0
:10751000D8FA8821284618F0CBFA0B4D40F23113E7
:107520002A460D490A4818F0CCFA21460B4818F0B3
:10753000C8FA40F23111284618F0BAFA0023039332
:10754000039809B0BDE8F08F5C6F03008C6F0300F7
:10755000F0640300A46F0300BC6F0300D46F03004A
:107560002DE9F04104460D46C36908469847074691
:1075700004F11406EFF31188402383F31288BFF35C
:107580006F8F304613F0F2FE88B1304613F018FFCB
:107590002B7843F001032B7063681F44236913F0B9
:1075A000010F13D1636A9F4213D3FF1A11E0184CE5
:1075B000882322461749184818F083FA314617489D
:1075C00018F07FFA8821204618F072FA636A013BAE
:1075D0001F406760204618F0BAFA304613F0D6FE16
:1075E00028B188F31188BFF36F8FBDE8F081084C94
:1075F00040F2311322460A49074818F062FA314630
:10760000084818F05EFA40F23111204618F050FA9E
:107610005C6F03008C6F0300F0640300A46F030031
:10762000BC6F0300D46F03002DE9F04182B0044623
:1076300042E04A4C8823224649494A4818F041FA18
:107640002946494818F03DFA8821204618F030FABA
:1076500053F8220080085DD153E0626A013A13407A
:10766000A360204618F086FA1BE013F8221041F0C0
:10767000020103F82210A668E369404698473044A7
:10768000236913F0010F04D1636A984204D3C01A2E
:1076900002E0636A013B1840A060002601E000267A
:1076A000B046284613F072FE002842D087F31188B6
:1076B000BFF36F8F002E4DD004F11405EFF3118747
:1076C000402383F31288BFF36F8F284613F04EFEDA
:1076D00006460028ADD0284613F072FE01A92046C8
:1076E00018F011FA236AA26803EB820801990029B5
:1076F000D5D013F8221011F0030117D00229A7D01A
:10770000002013F8221011F0010FAED110B9E36977
:1077100040469847A36801460344226912F0010FCE
:107720009BD1626A93429BD39B1A99E70026B0468D
:10773000B7E70A4C40F2311322460C49094818F0C9
:10774000C0F929460A4818F0BCF940F23111204628
:1077500018F0AEF9404602B0BDE8F0815C6F03005E
:107760008C6F0300F0640300A46F0300BC6F030080
:10777000D46F03002DE9F04104460D46C369084665
:107780009847064604F11407EFF31188402383F36A
:107790001288BFF36F8F384613F0E8FDA8B1384662
:1077A00013F00EFE2B786FF300032B70236913F098
:1077B000020F19D0236AE26803EB8203AB4213D0B5
:1077C0002B6866F39F032B601AE0244C8823224623
:1077D0002349244818F075F93946234818F071F9FF
:1077E0008821204618F064F92B786FF341032B7041
:1077F000E268A3689A4211D03146204618F0BAF9DF
:10780000384613F0C3FDC0B188F31188BFF36F8F02
:1078100004F12C0011F006F8BDE8F0813344226930
:1078200012F0010F04D1626A934204D39B1A02E062
:10783000626A013A1340A360DEE7084C40F231135C
:1078400022460A49074818F03CF93946084818F01A
:1078500038F940F23111204618F02AF95C6F030024
:107860008C6F0300F0640300A46F0300BC6F03007F
:10787000D46F030010B586460020642310E00CF19D
:10788000300C0EF801CB0139C9B20130C0B2B2FBE5
:10789000F3F403FB1422D2B2094CA4FB0343DB082C
:1078A00049B143B1B2FBF3FC9A42E8D2012BE6D0D6
:1078B0000028ECD0E3E711B100238EF8003010BDB2
:1078C000CDCCCCCC10B504468C46838B002A12DB81
:1078D00003F007035A1F012A19D9042B50D10021A4
:1078E00018F0C6FA204618F0EDFA78B1A38B43F0F1
:1078F0002003A3830AE0D0E900018CE80300002301
:10790000236063600121204618F0B2FA10BDD0E96F
:1079100000018CE80300002222606260062B0FD079
:10792000052B20D10021204618F0A2FA204618F09D
:10793000C9FA0028EAD0A38B43F02003A383E5E72C
:10794000DCF8003053B1E28B0132E2831A461B6847
:10795000002BF7D0002AF5D11346F3E70221204689
:1079600018F086FAE2E70D4C40F2091322460C4962
:107970000C4818F0A6F840F20911204618F098F8C3
:10798000064C40F21B1322460749064818F099F8A6
:1079900040F21B11204618F08BF800BFEC6F03007B
:1079A00014700300F0640300406703002DE9F04702
:1079B00082B0838BE1B10446154603F0070603F05D
:1079C0000802084692B301291FD0022921D143F0B1
:1079D0002003A3831434204613F0D8FC002800F0C1
:1079E0009D8185F31188BFF36F8F02B0BDE8F087EA
:1079F000B94C40F233132246B849B94818F061F83F
:107A000040F23311204618F053F843F01003A383DB
:107A1000E0E7B14C4FF49E732246B249B04818F0EB
:107A200050F84FF49E71204618F042F8002300935E
:107A3000019357E0204618F045FA55E0D4F8189025
:107A40004A4669462046FFF73DFF0027A38B03F017
:107A50000708B04500F00781A268002A00F0038102
:107A6000012643F00803A38304F1140A504613F0DF
:107A70008DFC002800F0008185F31188BFF36F8F23
:107A8000002E40F00A81009B2BB14B4642466946CE
:107A9000204618F058FA17B193492046B847EFF33B
:107AA0001185402383F31288BFF36F8F504613F084
:107AB0005DFC002800F0F780504613F081FCA38B9A
:107AC00023F00803A383A38B13F0100F00F0FA80B8
:107AD00023F01003A3830120A68B06F007060028DD
:107AE0003FF478AF0228A5D000283FF473AF0138E7
:107AF000042800F2AB8001A353F820F03D7A010086
:107B00004D7C0100117B0100797B0100E37B0100CA
:107B10005EB92368B3B123691F6807B30621204605
:107B200018F0A6F94FF0000990E76B4C4FF4AB73D7
:107B300022466E496A4817F0C4FF4FF4AB712046E5
:107B400017F0B6FF644C40F2571322466849644868
:107B500017F0B7FF40F25711204617F0A9FF5E4C0F
:107B60004FF4AD73224663495D4817F0AAFF4FF406
:107B7000AD71204617F09CFF022E0BD1E38BB3B9F9
:107B800023695F6807B30421204618F071F94FF0AC
:107B900000095BE7504C40F25D13224656495048BD
:107BA00017F08FFF40F25D11204617F081FF4A4C1D
:107BB0004FF4AF7322465149494817F082FF4FF402
:107BC000AF71204617F074FF434C40F26113224618
:107BD0004849434817F075FF40F26111204617F0FD
:107BE00067FF012E0BD12368B3B123699F6807B3E8
:107BF0000521204618F03CF94FF0000926E7364CE5
:107C00004FF4B27322463E49354817F05AFF4FF4FD
:107C1000B271204617F04CFF2F4C40F265132246FC
:107C200033492F4817F04DFF40F26511204617F0F9
:107C30003FFF294C4FF4B47322462E49284817F0D1
:107C400040FF4FF4B471204617F032FF224C40F24F
:107C50006B1322462B49224817F033FF40F26B1179
:107C6000204617F025FF009A0AB10026F9E6002FFA
:107C70003FF429AF0026F4E6234C40F231132246AC
:107C80002249174817F01DFF5146214817F019FFE8
:107C900040F23111204617F00BFF4A46414620467C
:107CA00018F0EEF8EFE6184C8823224619490C48E4
:107CB00017F007FF5146184817F003FF88212046A8
:107CC00017F0F6FE13F0200F04D023F02003A38357
:107CD000022001E70020FFE6EC6F03003C70030088
:107CE000F06403004C700300517D010060700300DC
:107CF0006C70030090700300A8700300C070030054
:107D0000D0700300406703005C6F0300BC6F03008A
:107D1000D46F03008C6F0300A46F0300084D40F282
:107D200031132A460749084817F0CBFE2146074879
:107D300017F0C7FE40F23111284617F0B9FE00BF18
:107D40005C6F0300BC6F0300F0640300D46F03009A
:107D5000F8B504460D4600F11406EFF311874023F1
:107D600083F31288BFF36F8F304613F0FFFA48B1E8
:107D7000304613F025FBA5613A4601212046FFF766
:107D800015FEF8BD074C882322460749074817F01F
:107D900098FE3146064817F094FE8821204617F0D9
:107DA00087FE00BF5C6F03008C6F0300F06403006C
:107DB000A46F03002DE9F0470446884618F09BF8AD
:107DC000061E46DB04F11407EFF3118A402383F308
:107DD0001288BFF36F8F384613F0C8FA8146A8B1F6
:107DE000384613F0EDFAA58B05F00705E38B4FF647
:107DF000FF7293424BD02E46022D16D0062D39D855
:107E0000DFE805F0314C3838312A31003B4C88230B
:107E100022463B493B4817F054FE39463A4817F092
:107E200050FE8821204617F043FE0133E3830023F0
:107E30001A4642B10022C8F800206268AAB3C2F80C
:107E40000080C4F80480ABB3524602212046FFF7FD
:107E5000ADFD3046BDE8F0876FF085064FF00009B4
:107E60004B464A46E5E7B5FA85F35B094A464FF0CB
:107E70000009DEE7254C4FF4E473224624492148EB
:107E800017F01FFE4FF4E471204617F011FE6FF05B
:107E90000A064FF000094B464A46CAE76FF004064F
:107EA0004FF000094B464A46C3E7C4F80480C4F8C3
:107EB0000080C8E7384613F069FA68B18AF3118880
:107EC000BFF36F8FB9F1000FC3D000232A4641469C
:107ED000204618F025F8BCE7084C40F23113224642
:107EE0000C49084817F0EDFD39460B4817F0E9FD3D
:107EF00040F23111204617F0DBFD00BF5C6F03003C
:107F00008C6F0300F0640300A46F0300EC6F0300A8
:107F1000D0700300BC6F0300D46F030010B503469C
:107F2000426802F003028160022A11D0032A0CD0B9
:107F3000012A10D00C4C452322460C490C4817F05E
:107F4000C0FD4521204617F0B3FD0468002004E081
:107F50000068002401E00024204600225A6008B195
:107F600013F054FF204610BDE87003004067030083
:107F7000F064030010B143685879704710B5064C9F
:107F800040F2331322460549054817F09AFD40F2A6
:107F90003311204617F08CFD187103005071030057
:107FA000F064030010B520B10268D26802B19047B6
:107FB00010BD054C8B2322460449054817F081FD6E
:107FC0008B21204617F074FD1871030050710300D7
:107FD000F064030010B520B10268126962B19047E5
:107FE00010BD064C9E2322460549064817F069FD40
:107FF0009E21204617F05CFD0020F1E71871030078
:1080000050710300F064030010B518B10268926863
:10801000904710BD054CD02322460549054817F06E
:1080200050FDD021204617F043FD00BF187103001A
:1080300050710300F064030010B520B1026852686B
:1080400002B1904710BD054CC223224604490548A1
:1080500017F037FDC221204617F02AFD18710300E2
:1080600050710300F064030010B520B171B10268D3
:108070001268904710BD0B4CB22322460A490B48A8
:1080800017F01FFDB221204617F012FD054CB32357
:1080900022460749054817F014FDB321204617F082
:1080A00007FD00BF1871030050710300F064030066
:1080B0006871030038B50546144C00E01034144BC9
:1080C0009C4212D8124B9C421FD22046FFF752FF0F
:1080D0000028F3D02946204617F09AFF0028EDD05B
:1080E00029462046FFF7C0FFE8E70A4C40F2F313A9
:1080F00022460949094817F0E4FC094817F0E1FC59
:1081000040F2F311204617F0D3FC38BD9C5C03000D
:10811000AC5C03007C710300AC710300F0640300ED
:10812000D071030010B530B10346006884690CB10A
:108130001846A04710BD064C4FF4B17322460549BE
:10814000054817F0BEFC4FF4B171204617F0B0FCA3
:108150001871030050710300F064030070B5064607
:108160000D460F4C05E02A4631462046FFF7DAFF60
:1081700010340C4B9C4203D80A4B9C42F3D370BD85
:10818000094C40F2813322460849094817F099FC0E
:10819000084817F096FC40F28131204617F088FC21
:1081A0009C5C0300AC5C03007C710300AC710300B9
:1081B000F0640300D07103002DE9F0410746054645
:1081C000EDB195FAA5F6B6FA86F60E4C04EB061458
:1081D0000123B3406FEA030825EA0305237B002B44
:1081E000EED02046FFF7F6FE0028E9D107EA08079F
:1081F000636804221968204600F076FBE0E7384601
:10820000BDE8F0819C5C03002DE9F041314B324A1E
:108210009B1A8F2B12D880460F46304BBFF35B8FD3
:1082200053E8006F721C43E800210029F8D1BFF326
:108230005B8F002E4AD1284C002514E0284C40F2D8
:108240003F1322462749284817F03BFC40F23F11D4
:10825000204617F02DFC636804221968204600F0C0
:1082600043FB013510341B4B9C4211D8194B9C42E7
:108270001ED2237B002BF4D02046FFF793FE20462E
:10828000FFF7A8FE0028E6D00123AB401E43E8E735
:10829000134C4FF4A67322461449134817F011FCEF
:1082A000134817F00EFC4FF4A671204617F000FC9F
:1082B000B8F1000F0BD056B13046FFF77DFF0646F0
:1082C000002FF8D00A2017F0A9FEF4E70026304668
:1082D000BDE8F081AC5C03009C5C03005C330020D3
:1082E0007C710300F0710300F0640300AC710300C3
:1082F000D071030008B5064B186018B1054B1B6818
:10830000092B00DC08BD044810F08CFAFAE700BF26
:108310005033002058330020300A002008B50248AE
:1083200010F080FA08BD00BF300A002030B589B0D7
:1083300000220F490F481DF0F6F80F4D00220023D0
:10834000CDE90623002404940E23039302940194A0
:1083500000940A4B4FF400620949284611F03AFB99
:108360000849284611F04CFA204609B030BD00BF3C
:108370001D83010000230020301E0020A58701007E
:10838000C04D002020720300014B53F820007047BD
:108390005872030048B108B5054A1060054B1960D2
:1083A000084600F031FE002008BD6FF01500704750
:1083B000940600204C33002008B5054B1B781BB1F8
:1083C000034B01221A7008BD024810F02BFAF7E7A0
:1083D000AE4D0020300A00200D4BBFF35B8F53E8F9
:1083E000001F013143E80012002AF8D1BFF35B8F70
:1083F00000B97047074BBFF35B8F53E8001F01398B
:1084000043E80012002AF8D1BFF35B8FF1E700BF09
:108410005433002058330020064B00200146BFF3A0
:108420005B8F53E8000F43E80012002AF9D1BFF335
:108430005B8F70475433002038B5FFF7EDFF0546DA
:10844000114C00E01034114B9C420CD80F4B9C4255
:1084500019D22046FFF78EFD0028F3D0294620468A
:10846000FFF7EAFDEEE70A4C40F2FF132246094906
:10847000094817F026FB094817F023FB40F2FF11CB
:10848000204617F015FB38BD9C5C0300AC5C030074
:108490007C710300AC710300F0640300D071030031
:1084A000034B18680028D4BF00200120704700BF8C
:1084B0005433002010B5044C04492046FEF70EFF4B
:1084C000034B1C6010BD00BFD408002044720300A1
:1084D0004833002008B50023064A1370064A13608B
:1084E000064A13604FF400410548FFF753FFFFF7BA
:1084F000E1FF08BDAF4D0020543300205833002069
:108500001500030008B50146014817F09DFD08BDA0
:10851000D408002008B50248FFF786F808BD00BF60
:10852000D408002008B50146024B186817F092FDE8
:1085300008BD00BF4833002008B5024817F08EFD83
:1085400008BD00BFD408002010B582B0002200236F
:10855000CDE90023284B187808B902B010BD684651
:1085600017F094FD044688B1244BBFF35B8F53E8AA
:10857000001F013943E80012002AF8D1BFF35B8FD6
:108580002046FFF797FD2046FFF7CCFFFFF788FF57
:1085900058B91B4A1368516813F57A7341F1000109
:1085A00013605160FFF7C8FFD7E71CF04DFF4A0189
:1085B00042EAD06243011B1A62EB0102920042EAD6
:1085C00093729B001B1842EB0102D20042EA5372E5
:1085D000C3F3103343EA4243D20B094801684068B1
:1085E0005B1A62EB000240F2E9318B4272F1000249
:1085F000CFD3FFF721FFCCE7AE4D0020583300204A
:10860000F8220020194B1B7803B1704710B50021E8
:108610000120FFF7F9FD164C00E01034154B9C4289
:108620000BD8144B9C4218D22046FFF7A3FC00281D
:10863000F3D02046FFF7E8FCEFE70F4C4FF4DC7374
:1086400022460E490E4817F03CFA0E4817F039FA48
:108650004FF4DC71204617F02BFAFFF775FF002866
:10866000FBD1024B01221A7010BD00BFAF4D00209C
:108670009C5C0300AC5C03007C710300AC710300E4
:10868000F0640300D071030030B583B0314BBFF309
:108690005B8F53E8002F511C43E800100028F8D1ED
:1086A000BFF35B8F2C4B1B786BB92C4B1B681BB338
:1086B000002A43D0092A1FD129481CF040FF29482D
:1086C00010F0B0F818E0EFF31184402383F3128820
:1086D000BFF36F8F244812F049FE78B1224D28462F
:1086E00012F06EFEFFF730FF284612F04FFEA0B1E9
:1086F00084F31188BFF36F8F03B030BD1B4C882308
:1087000022461B491B4817F0DCF917491A4817F095
:10871000D8F98821204617F0CBF9144C40F23113D8
:1087200022461649134817F0CCF92946144817F089
:10873000C8F940F23111204617F0BAF9002200239F
:10874000CDE900234FF400420023054813F038FA26
:10875000D2E700BF58330020AF4D00205033002037
:1087600000230020300A0020443300205C6F030007
:108770008C6F0300F0640300A46F0300BC6F030060
:10878000D46F030010B50446044B1B689847A060E3
:108790002146034817F07EFC10BD00BF9406002060
:1087A000D40800202DE9F041234B244A9B1A1B09D1
:1087B00010D000210846FFF727FD8046B8B140F2EF
:1087C000676600271DF01EF81D4B1858FFF792FD35
:1087D000002525E01B4C40F28D3322461A491B48E8
:1087E00017F06FF940F28D31204617F061F94FF024
:1087F000FF364FF0FF37E5E74046FFF7DDFC8046E8
:1088000088B94FF0FF364FF0FF370CE000210846E3
:10881000FFF7A4FC32463B460D4810F049F82546C8
:10882000B8F1000FE8D1FFF78FFE04460028F6D11B
:10883000002DEBD12C46EDE7AC5C03009C5C030003
:10884000080000007C71030028720300F06403003C
:10885000300A002010B143681971704710B5054CFB
:10886000DF2322460449054817F02BF9DF21204673
:1088700017F01EF91871030050710300F064030033
:1088800028B142681160436801225A71704710B5DF
:10889000064C4FF48C7322460549064817F011F92F
:1088A0004FF48C71204617F003F900BF18710300D4
:1088B00050710300F06403000248034BC01AC00863
:1088C000704700BF9C5C03007C5B030010B50C4646
:1088D000FFF7F2FFA04203D9024B53F8340010BD5A
:1088E0000020FCE77C5B030070B504460D4616468D
:1088F000074BC31A1B110133D9B2FFF7ABFF6368F3
:108900009E7129462046FFF7BBFFFFF755FD70BD5E
:108910009C5C030000B589B0059206930023079381
:1089200062B1074A0C9B02930B9B01930A9B009335
:1089300005ABFEF7F5F909B05DF804FB0022F1E79D
:10894000A50003002DE9F04F8BB004AF05461E468D
:108950008846C1F34A24002C00F0978091460022FB
:10896000FA603A617A6104230293FB1801930A23A7
:10897000009307F10C0321464846FEF7D1F9B0F504
:10898000006F58D3D9F804106D4600233B730223BF
:108990007B738AB004AC14F1100217D012201AB104
:1089A000042801DD424B636100233B7002237B708E
:1089B000CAB10346082800DDA1610C2B02DD40F29C
:1089C000FF73E36104F1200300210AE06FF000402F
:1089D000E5E701F118063E4416F8186C03F8016B40
:1089E00001310129F5D9112822DD122342B10421D8
:1089F000397300217973B9730121F973F868206123
:108A000000216FF300016FF341016FF382016FF3F7
:108A1000C501022060F38811C3F30A0363F35321F5
:108A20000023C1F31301234817F0BCFBAD463BE024
:108A30006FF01B03DAE760F35328C0F30A0A0AEB6E
:108A40001850173020F007008008FFF75BFD8346C1
:108A500020B304230293FB1801930A230093534687
:108A600000F1100221464846FFF754FF002815DAAE
:108A7000114C4FF4A27322461049114817F021F807
:108A80004FF4A271204617F013F804EB1154173479
:108A900024F00704A008FFF735FD8346334642461D
:108AA0002946584617F014FB1C37BD46BDE8F08F29
:108AB000C4720300245C03000473030030730300DA
:108AC000F06403002DE9F04F85B080460D4617464F
:108AD0001E46DDF838A0DDF84090B9F1000F47D010
:108AE000119B039300934B460F9A10210020FDF732
:108AF00075FE031E2FDB9B4603EB0A00173020F0A8
:108B0000070000246FF300046FF341046FF3820445
:108B100068F3C50467F3881463F353246AF31F549E
:108B20008008FFF7EFFC074660B11030B9F1000F85
:108B300008D0119B00934B460F9A5946FDF74EFE05
:108B4000002817DB334622462946384617F0C0FA7C
:108B500005B0BDE8F08F0E4C40F2631322460D497C
:108B60000D4816F0AEFF40F26311204616F0A0FF4C
:108B70000023C0E7064C40F27D1322460549064813
:108B800016F09FFF40F27D11204616F091FF00BFC6
:108B9000047303003C730300F0640300406820B1D9
:108BA000034BC01A40F3CF0070474FF0FF307047BF
:108BB0007C5B03000EB400B582B0014603AB53F8F2
:108BC000042B0193034802F0F9F802B05DF804EBBE
:108BD00003B070479D8E010030B585B011F0440F91
:108BE00005D01A4B1C6834B9002005B030BD1849B7
:108BF000FFF7E0FFF9E7174B1968B2FBF1F1B1FBA2
:108C0000F4FC154AA2FB0C32D20A4FF4616E0EFB43
:108C100012CE124BA3FB0E535B0904FB1C114FF445
:108C20007A7C0CFB01F1B1FBF4F504FB15110CFB94
:108C300001F1B1FBF4F102910195C3EB0311AEEB2D
:108C4000810100910649FFF7B5FFCEE764330020AC
:108C50004873030060330020C5B3A29189888888D7
:108C60005473030061B108B52AB1064A52F82320B3
:108C700012B9054A00E0044A0449FFF79BFF08BD0A
:108C8000704700BF6874030070730300D08803004E
:108C90002DE9F04105461746069EDDF81C8081B996
:108CA00000242EB1324611492846FFF783FF0444C1
:108CB000B8F1000F14D06FB1099B042B13D00C49ED
:108CC00009E00C4B099A53F822200B49FFF772FF79
:108CD0000446E6E7064942462846FFF76BFF044490
:108CE0002046BDE8F0810549F5E700BF8C7303001D
:108CF0007C7303007C7403008473030078730300A7
:108D00002DE9F04F87B0049205939DF84C60042E36
:108D100030D805460C4601F0020B01F0010AC1F300
:108D2000C00801F4807917F0BBF9024678B31C49FA
:108D30002846FFF73FFF0746BBF1000F29D1324617
:108D40005146284617F041FAB9F1000F01D000232F
:108D500011930396129B0293119B0193109B009316
:108D60000023049A41462846FFF792FF384407B093
:108D7000BDE8F08F0B4C40F2622322460A490B48B3
:108D800016F09FFE40F26221204616F091FE002769
:108D9000D2E7059A21462846FFF71EFF0744CEE793
:108DA000CC73030090730300C0730300F0640300EE
:108DB00011F0100F0BD108B511F0200F03D00449AA
:108DC000FFF7F8FE08BD0349FFF7F4FEFAE7704726
:108DD000547F0300A0C103002DE9F04105460F4672
:108DE000164698460699FFF7E3FF0024444505DA46
:108DF00024492846FFF7DEFE0134F7E7002409E0A6
:108E000020492846FFF7D6FE0BE01F492846FFF70A
:108E1000D1FE01340F2C0CDC002C02DD14F0070F06
:108E2000EED0B442F1D23A5D18492846FFF7C2FEAF
:108E3000EFE717492846FFF7BDFE002409E0114976
:108E40002846FFF7B7FE0BE012492846FFF7B2FEAF
:108E500001340F2C13DC002C02DD14F0070FEED0D0
:108E6000B44207D23A5D0C4B9B5C13F0970FEBD1E9
:108E70002E22E9E703492846FFF79CFEE8E7BDE814
:108E8000F08100BF88730300D8730300D073030020
:108E9000DC730300E073030027C3030038B5054605
:108EA0000C464B681A68CB689A4214D06368BFF3CB
:108EB0005B8F53E8002F511C43E800100028F8D1C5
:108EC000BFF35B8FA3689D5463681A68E3689A4296
:108ED00005D8002038BD084617F0AAF9E6E7054C8A
:108EE0007A2322460449054816F0EBFD7A212046F4
:108EF00016F0DEFD90730300E4730300F0640300DA
:108F00002DE9F04184B004469DF82C500C9F0E9E34
:108F1000A5B9012B20D020484FF0000837B13B46BF
:108F200022461E4916F059FD002819DB2EBB6DBBE9
:108F3000204617F07DF904B0BDE8F08103950A984A
:108F40000290019300920B4600220F992046FFF7F2
:108F5000D7FE80461248E1E711484FF00008DDE7F0
:108F6000104C4FF42F7322460F49104816F0A9FDFC
:108F70004FF42F71204616F09BFD0F9B0093434644
:108F800032460D99204617F038F9D0E72A460F9956
:108F9000204617F026F9CBE74B020300BDAD0100D8
:108FA0009D8E01009073030014740300F0640300AD
:108FB00070B582B00446056842F20F738B4228BF39
:108FC0000B460E4A0521684616F08EF80646636881
:108FD0005B680B220A49284617F0E8F863685B686B
:108FE00032466946284617F0E1F863685B681B2241
:108FF0000449284617F0DAF802B070BD687803001B
:109000003C74030020740300074B01221A6004E043
:109010004008054A13685B001360044B9842F7D878
:10902000034B1860704700BF6033002040420F00C0
:109030006433002010B543681C6809481BF013FF17
:1090400018B123685B685C6010BD064C992322460A
:109050000549064816F035FD9921204616F028FDF1
:109060008059030090740300D0740300F06403007F
:1090700038B543681C686568044800F051F901235D
:109080002B77206817F0D4F838BD00BF8059030053
:1090900070B506460D460C4800F042F9002801DB89
:1090A000002407E028460DE0315D074883685B68CF
:1090B00098470134AC42F7D321220023024800F044
:1090C0006FFA284670BD00BF80590300014B036052
:1090D0000020704740750300F8B50546446904F167
:1090E0001406EFF31187402383F31288BFF36F8FC9
:1090F000304612F03BF968B1304612F061F923793D
:10910000BBB9A368002128469847051E18DB012338
:1091100023710FE0184C882322461849184816F08E
:10912000D0FC3146174816F0CCFC8821204616F0BA
:10913000BFFC0025236843F0200323600023E36085
:10914000304612F023F928B187F31188BFF36F8FEF
:109150002846F8BD084C40F2311322460A49084817
:1091600016F0AFFC3146094816F0ABFC40F2311165
:10917000204616F09DFC00BF5C6F03008C6F03005F
:10918000F0640300A46F0300BC6F0300D46F0300FE
:109190002DE9F0410E4690461F46446905212046C0
:1091A00017F015F9002844D0244B1B78A3B90025EB
:1091B000E16821B30139E16041B943BBA3680021F3
:1091C00060699847051E2BDB012323711B4B1B781D
:1091D00053BB2846BDE8F08104F118051CF02AF8BD
:1091E00040B10022002328460FF062FB051E22DB5F
:1091F0003346DDE74FF0FF324FF0FF33F3E7104A1D
:109200000221104816F0ACFF6FF07705DEE702236D
:10921000237142463B4604F1400010F075F9D5E752
:10922000E3680133E360D1E704F118000FF0FAFAC4
:10923000CFE70025CDE76FF00F05CAE7B64D002058
:109240004C7503006C5C0300F8B5044640690028C7
:1092500057D0082117F0BBF800283DD066691436B6
:10926000EFF31187402383F31288BFF36F8F3046EB
:1092700012F07CF880B1304612F0A2F8204617F0C8
:109280007EF80546304612F081F8A0B187F31188C8
:10929000BFF36F8F2846F8BD1B4C882322461B491D
:1092A0001B4816F00EFC31461A4816F00AFC8821BD
:1092B000204616F0FDFB144C40F2311322461649AD
:1092C000134816F0FEFB3146144816F0FAFB40F244
:1092D0003111204616F0ECFB00220023002120462D
:1092E000FFF756FF05460028D4D10221606917F028
:1092F0006EF80028CED063691869FFF7A5FF054610
:10930000C8E70025C6E700BF5C6F03008C6F030051
:10931000F0640300A46F0300BC6F0300D46F03006C
:109320002DE9F04383B04469002C00F0D980054654
:109330000521204617F04BF820B90025284603B038
:10934000BDE8F0830821686917F041F898B9654BCA
:109350001B78002B51D004F118051BF06BFF00287F
:1093600046D00022002328460FF0A2FA051E45DA57
:109370006FF00A05E2E76C691434EFF311864023BD
:1093800083F31288BFF36F8F204611F0EFFF78B19F
:10939000204612F015F8284617F026F80546204614
:1093A00011F0F4FF98B186F31188BFF36F8FC5E712
:1093B0004D4D88232A464D494D4816F082FB2146E3
:1093C0004C4816F07EFB8821284616F071FB464D6E
:1093D00040F231132A464849454816F072FB2146AF
:1093E000464816F06EFB40F23111284616F060FB3D
:1093F0004FF0FF324FF0FF33B5E700251BF01AFFA7
:1094000010B12379022B68D02669F6B13046FFF7F8
:1094100087FF054640B1334B1B78002B8ED004F1FB
:1094200018000FF0FFF989E70121204616F0CFFF61
:1094300000BBBFF35B8F54E8003F43F0040344E8F4
:109440000032002AF7D1BFF35B8FE3680133E3609A
:109450002379022B14D0234B1B78DBB9E368012B53
:10946000D9D8A368012160699847051E31DB002324
:109470002371D0E73046FFF7E7FE6FF00A05CAE731
:1094800004F1400010F0BCF810F0010FE3D100230C
:109490002371C0E72379022BE0D104F130070321C7
:1094A00038461CF0C4F804F1180630460FF0BAF93B
:1094B0004FF0FF384FF0FF39CDE90089002203213A
:1094C00038461CF0BAF842464B4630460FF0F0F9E9
:1094D000E0E7E368013BE3609DE76FF00A059AE788
:1094E00000252BE7B64D00205C6F03008C6F030056
:1094F000F0640300A46F0300BC6F0300D46F03008B
:1095000070B5044650F8383C002150F82C0C9847B0
:109510000546A4F128064FF0FF324FF0FF333046E6
:109520000FF0C6F9002D15DB012304F83C3CA4F133
:10953000100014F83C3C012199401CF072F83046B0
:109540000FF070F97DB90221A4F1400016F03FFF41
:10955000C0B970BD54F8343C013344F8343C0023A6
:1095600004F83C3CE3E70A4C8123224609490A48B7
:1095700016F0A7FA2946094816F0A3FA81212046D9
:1095800016F096FA54F8300CFFF75EFEE1E700BFE4
:109590006075030090750300F06403009C75030080
:1095A00070B50446406900284CD016461D46082177
:1095B00016F00DFF00283CD065691435EFF31186D5
:1095C000402383F31288BFF36F8F284611F0CEFE3D
:1095D00078B1284611F0F4FE204616F0D0FE04467D
:1095E000284611F0D3FE98B186F31188BFF36F8F30
:1095F00026E0154C882322461449154816F061FAD6
:109600002946144816F05DFA8821204616F050FAD3
:109610000D4C40F2311322460F490D4816F051FA15
:1096200029460E4816F04DFA40F23111204616F048
:109630003FFA32462B4601212046FFF7A9FD04469A
:10964000204670BD0024FBE75C6F03008C6F0300B5
:10965000F0640300A46F0300BC6F0300D46F030029
:1096600038B54469002C4FD005460521204616F038
:10967000AEFE10B10025284638BD284616F058FE2B
:10968000002844D10821686916F0A1FE28BB214BAF
:109690001B783BBB636973B323799BBBA368002131
:1096A00060699847051E0FDB012323710023E360E7
:1096B000BFF35B8F54E8003F43F0200344E80032DF
:1096C000002AF7D1BFF35B8F124B1B78002BD2D04F
:1096D00004F118000FF0A6F8CDE72846FFF7FCFCD0
:1096E0000546C8E704F118004FF0FF324FF0FF3392
:1096F0000FF0DEF8CEE76561074904F140000FF096
:109700001BFEC9E70025D1E76FF08505B3E76FF0D1
:109710000F05B0E7B64D0020019501002DE9F84393
:109720000F4B1D68CDB180460F4614460D4E4FF0CD
:10973000FF324FF0FF3330460EF0B0FD6B68D3F8C8
:10974000089023463A4641462846C84704463046D4
:109750000EF0BCFE2046BDE8F8836FF00104F9E787
:1097600098330020080A002010B584B001900291BF
:1097700003924FF0FF324FF0FF330C480EF08EFD96
:109780000B4B1C6864B163681B6801A920469847AD
:1097900023462468002CF5D0002BF3D11C46F1E7BA
:1097A00002480EF093FE002004B010BD080A00200D
:1097B0009C33002008B5034816F06CF9024816F0F7
:1097C00069F908BDC87503000476030070B48DB054
:1097D00006460D460DF1040C2B4C0FCCACE80F00E7
:1097E0000FCCACE80F0094E807008CE80700002ECF
:1097F00045D03046002D44D000230FE015F823401B
:1098000005EB83014A78120442EA04628C7842EA4A
:109810000422C9780A4340F823200133032BEDD9F1
:1098200006E0191F50F821104A4040F82320013368
:109830002B2B20D85A1E50F8222013F0030FF0D102
:109840004FEA3262110E114C655CC2F30741615C54
:10985000090441EA0561C2F30725655D41EA052176
:10986000D2B2A25C114323F0030230326A4452F8B0
:109870002C2C4A40D5E701200DB070BC7047002069
:10988000FAE70020F8E700BFB05D0300347603007C
:1098900000284ED070B584B01546064600294AD03F
:1098A000002A4AD010230A461946684616F01AFEC6
:1098B0002946684616F030FE002414E01DF8031017
:1098C0001F48415C0DF8031001330F2BF6D9684691
:1098D00016F063FE684616F0DAFE013405EB04115B
:1098E000684616F019FE082C01D80023EDE7002386
:1098F00006E01DF8032012498A5C0DF803200133AD
:109900000F2BF6D9684616F048FE611C05EB0111D5
:10991000684616F001FE10236A461946304616F0D6
:10992000E1FD10220021684616F0E9FD012004B097
:1099300070BD002070470020F9E70020F7E700BF66
:109940003476030008B5024812F0CCFF08BD00BF12
:1099500034770300B0F5680F17D00CD840F6BA631F
:10996000984214D0B0F5683F13D03A2801D00120B6
:10997000704700207047094B98420CD0084B984222
:1099800001D0012070470020704700207047002060
:109990007047002070470020704700BF3A00003A2F
:1099A0002C5F5CA9E8B108B54268B2F5683F07D002
:1099B0000F498A421AD000680EF088FD002008BDC9
:1099C00003680022BFF35B8F53E8001F012903D116
:1099D00043E800200028F7D1BFF35B8F04D1104685
:1099E000EDE76FF4E04070470248E8E70248E6E739
:1099F0002C5F5CA9E98FFFFFEA8FFFFF30B308B54A
:109A00004268B2F5683F0CD012498A421CD0006807
:109A10004FF0FF324FF0FF330EF040FC88B10E489C
:109A20000FE003680122BFF35B8F53E8001F00299A
:109A300003D143E800200028F7D1BFF35B8F01D1A9
:109A4000002008BD0448FCE70448FAE76FF4E04052
:109A5000704700BF2C5F5CA9E98FFFFFEA8FFFFF13
:109A600010B50446A8B16368B3F5683F10D0B3F5EC
:109A7000680F0DD00D4A93420AD013F4686F0DD0D1
:109A800021680B480EF07AFA00232360074B6360CD
:109A900010BD084B5B6808489847E4E7236800223C
:109AA0001A605A609A60DA601A61EFE72C5F5CA96D
:109AB000A4380020500800203C77030010B504466D
:109AC00068B36068B0F5683F28D0B0F5680F25D05E
:109AD000174B984228D0FFF73DFFC0B14FF0FF323F
:109AE0004FF0FF33214613480EF0D6F908B923682A
:109AF0001BB9114B5B6811489847236800221A6014
:109B00005A609A60DA601A614FF468636360206893
:109B10001BF02CFA636843F03A03636010BD064BF8
:109B20005B6807489847CCE72368002BD3D1D5E77B
:109B30002C5F5CA9A4380020500800206477030043
:109B40003C77030008B540231422044904481BF065
:109B5000E8F90449044812F089FF08BDA433002045
:109B6000A438002094770300A87703002DE9F04182
:109B700082B000AF0446D0F800E0D0F804C0856899
:109B80006E468AB06B4613F1100200F088801421F3
:109B90008AB10846042903DDDFF81C81C3F814806C
:109BA000082801DDC3F818E00C2801DDC3F81CC04B
:109BB000102800DD1D62132974DD14253AB105213A
:109BC000397100217971B971F971786818610021D2
:109BD0006FF300016FF341016FF382016FF3C50171
:109BE000012363F38811C5F30A0565F353216FF36D
:109BF0001F5100233148FEF7A5FEB546D4F80CC02E
:109C000026696569E8468AB06B4613F110024CD0AC
:109C1000142182B10846042903DDDFF8A4E0C3F86B
:109C200014E0082801DDC3F818C00C2800DDDE614F
:109C3000102800DD1D6213293ADD14253AB10521F3
:109C4000397100217971B971F97178681861002151
:109C50006FF300016FF341016FF382016FF3C501F0
:109C6000012666F38811C5F30A0565F353216FF3E6
:109C70001F51124D00232846FEF764FEC546E369D6
:109C8000104A3146284616F075FAA3690E4A314645
:109C9000284616F06FFA0837BD46BDE8F0816FF030
:109CA000004175E76FF01B0588E76FF00041B0E7F2
:109CB0006FF01B05C2E700BFB8770300645C0300C8
:109CC000E8770300187803002878030038B50446C5
:109CD0000D4611B10846FFF749FF012C04D0294673
:109CE00020460DF0DBFC38BDEFF30583103B034A43
:109CF0000121034816F03EFAF1E700BF587803004F
:109D0000645C030030BFFFF7FDBF00BF38B50446F9
:109D1000054D2A4605491BF03CFD054A0021601906
:109D20001BF05FFD38BD00BF00000000A45D030014
:109D30000800000070B50646064D074B1D444C1B3D
:109D40002046FFF7E3FF083CC6F8B84005F10800DD
:109D500070BD00BF0000000008000000074B9B68BA
:109D600093F90E20002A08DB044A5269934204D07A
:109D7000034A536843F08053536070478442002085
:109D800000ED00E081690D4B5A6942F480725A611E
:109D9000BFF34F8FBFF36F8F31F8021C5A6922F463
:109DA00080725A61BFF34F8FBFF36F8F4DF602730E
:109DB000994201D0002070470120704700ED00E07B
:109DC0004FF0000C83F800C002F07F4CBCF17F4FD5
:109DD00014D102F00C0CBCF1080F04D012F0080FE3
:109DE00009D00846704708B5054A0121054816F014
:109DF000B7F9002008BD01221A7070470020704793
:109E00006C780300645C030008B52B4A01212B48E1
:109E100016F0A6F92A4B9B6A13F0007F21D11D2072
:109E2000274B9B6A13F0807F22D1254B9B6A13F44A
:109E3000002F24D1224B9B6A13F4802F26D1204B74
:109E40009B6A13F4003F28D11D4B9B6A13F4803F9B
:109E50002AD11B4A936A6FEA03436FEA1343936262
:109E600008BD184A0121154816F07AF91E20D7E7D7
:109E7000154A0121114816F073F91F20D5E7134A3E
:109E800001210E4816F06CF92120D3E7104A012178
:109E90000A4816F065F92220D1E70E4A0121074849
:109EA00016F05EF92320CFE70B4A0121034816F094
:109EB00057F92420CDE700BF98780300645C0300C5
:109EC00000ED00E0B0780300C4780300E078030000
:109ED00000790300287903004479030008B50023C2
:109EE0000B70034A0121034816F03AF908BD00BF80
:109EF00070790300645C030090B583B000AF0F2954
:109F000023DC2F4C103900233B7102237B718AB074
:109F1000EC461CF110021AD0122022B1042802DDF6
:109F2000284BCCF8143000233B7002237B70E2B145
:109F30000346082801DDCCF818400C2B01DDCCF8D5
:109F40001C100CF1200300210DE01F4CDAE76FF02C
:109F50000040E2E701F1080404EB070E1EF808ECEC
:109F600003F801EB01310129F4D9112824DD122372
:109F70004AB10421397100217971B9710121F97156
:109F80007868CCF8100000216FF300016FF34101F5
:109F90006FF382016FF3C501012060F38811C3F3F1
:109FA0000A0363F353216FF31F5100230748FEF7A1
:109FB000C9FC0C37BD4690BD6FF01B03D8E700BF4E
:109FC00094790300C8790300AC790300645C030052
:109FD000F8B505460F461446374A0121374816F0B2
:109FE000BFF8374B9B6A13F4805F25D11626344B9C
:109FF0009B6A13F4006F26D1314B9B6A13F4007FE8
:10A0000028D12F4B9B6A13F4806F3FD12C4B9B6A56
:10A0100013F4807F41D12A4B9B6A13F4005F43D134
:10A02000274A936A43F47F4393620121284616F03E
:10A0300066FC20703046F8BD224A01211F4816F008
:10A040008FF81726D3E7204A01211C4816F088F81C
:10A050001826D1E71D4A0121184816F081F8184A40
:10A06000936B926A12F4004F01D11926C9E7184A7E
:10A070000121124816F07EF837B1114A936A23F491
:10A08000004393621926BCE71926BAE7114A012159
:10A090000A4816F065F81A26B8E70F4A0121074862
:10A0A00016F05EF81B26BBE70C4A0121034816F0A8
:10A0B00057F81C26B4E700BFDC790300645C03009A
:10A0C00000ED00E0F4790300087A03001C7A030035
:10A0D000387A0300507A03006C7A0300847A030014
:10A0E0002DE9F04104460F461546504A01215048DB
:10A0F00016F036F84F4B9B6A13F0100F3CD1102628
:10A100004C4B9B6A13F0080F3DD14A4B9B6A13F0EE
:10A11000020F3FD16FF01508464B9B6A13F0010FF9
:10A1200058D1444B9B6A13F0200F5AD1414B9B6A84
:10A1300013F0100F04D13F4B9B6A13F0020F04D0B1
:10A140003C4B5B6813F4006F52D13A4B9B6A13F09F
:10A15000200F04D0374A536A23F400535362354A20
:10A16000936A43F0FF0393620121204616F0C7FB78
:10A1700028703046BDE8F0812F4A01212C4815F0A7
:10A18000EFFF1126BCE72D4A0121294815F0E8FF11
:10A190001226BAE72A4A0121254815F0E1FF254B8E
:10A1A000D3F834809B6A13F0800F03D16FF0150849
:10A1B0001326B1E74346234A01211D4815F0DAFF73
:10A1C00037B11C4A936A23F0800393621326A3E7F6
:10A1D0001326A1E71C4A0121154815F0C1FF1426DA
:10A1E0009FE71A4A0121124815F0BAFF15269DE78C
:10A1F0002146404600F0D0FAA0B90E4B9B6A13F0FE
:10A20000100FA2D0124C40F25D13224611491248A1
:10A2100015F057FC114815F054FC40F25D11204632
:10A2200015F046FC80F3098802268EE7B47A030015
:10A23000645C030000ED00E0CC7A0300087A0300C0
:10A24000007B0300187B0300307B0300847A03004B
:10A25000507B0300847B0300F0640300D07B030089
:10A2600070B506460D463B4A01213B4815F078FF84
:10A2700000232B70394BDC6A14F0020425D1374BD4
:10A28000DB6A002B29DB354BDB6A13F0804F50D0A3
:10A29000334A0121304815F063FF3046FFF772FD65
:10A2A00008BB2E4B9B6A13F0FF0F24D12B4B9B6AEC
:10A2B00013F47F4F26D1294B9B6AB3F5803F28D3F7
:10A2C0003046FFF7A1FD044605E0264A0121224859
:10A2D00015F046FF0024204670BD234A01211E4888
:10A2E00015F03EFFF7E73368204A01211A4815F0C0
:10A2F00041FF3468EFE72A4601213046FFF7F0FEC0
:10A300000446E8E72A4601213046FFF761FE04468D
:10A31000E1E7174C40F22A3322461649164815F059
:10A32000D0FB164815F0CDFB40F22A31204615F03F
:10A33000BFFB0F4C40F22E3322460E490E4815F05B
:10A34000C0FB0F4815F0BDFB40F22E31204615F042
:10A35000AFFB00BFF47B0300645C030000ED00E092
:10A36000407C03000C7C0300307C0300607C030015
:10A37000507B030040670300F06403007C7C030013
:10A38000A07C030030B58BB0274B5D68C5F3080592
:10A39000002383F31188BFF36F8F0DF12603FFF7BE
:10A3A0000FFD58B104460DF12702294616F0A9FA0F
:10A3B00005469DF827308BB10BB030BD1B4C4FF4D8
:10A3C0008B6322461A491B4815F07BFB1A4815F08F
:10A3D00078FB4FF48B61204615F06AFB0DF1040CFD
:10A3E00020686168A268E368ACE80F0020696169D1
:10A3F000A269E369ACE80F009DF826304BB1089BD9
:10A40000C3F308025AB96FEA53236FEA4323089350
:10A4100005E0089B23F4FF7323F00103089301A9CF
:10A420002846FFF753FCC7E700ED00E0507B030030
:10A43000D07C0300F0640300E47C0300024A53690B
:10A4400043F010035361704700ED00E0EFF3088024
:10A45000EFF3098101B57246FFF794FF01BD00BF1C
:10A46000002013490870002080F31488BFF36F8F19
:10A470000BF006FE00200F490860BFF34F8F0E4817
:10A4800080F3088800F030F8402080F311880B48F2
:10A490004FF40461401880F30988EFF3148002211F
:10A4A000084380F31488BFF36F8F00F037F9000082
:10A4B000B64D002094ED00E080710020C05F0020C8
:10A4C000084BD3F89000C0F30720002306E0054AAC
:10A4D000C2F898300021C2F8A01001338342F6DBA5
:10A4E000704700BF00ED00E010B572B6002484F3A1
:10A4F0001388FFF7E5FF234608E003F120010E4A29
:10A500004FF0FF3042F821000133DBB2072BF4D9C2
:10A51000002308E003F16001074A4FF0FF3042F8E2
:10A5200021000133DBB2072BF4D962B6BFF34F8FA2
:10A53000BFF36F8F10BD00BF00E100E008B50A4B0C
:10A540009B68834202D010F09BFC08BDEFF30583AB
:10A55000002BF8D0054B5A6842F080525A605A6A74
:10A5600022F400425A62EEE78442002000ED00E04F
:10A570000A4A9368C3F8BC006FF00A01C3F8C01020
:10A5800007494B6843F080534B60002383F31188E5
:10A59000BFF36F8F9368D3F8C000704784420020E8
:10A5A00000ED00E010B50446EFF31183402383F380
:10A5B0001288BFF36F8F0C4B586998600B4B4FF0AC
:10A5C00000625A60D0F8B820094B1A60D0F8BC304D
:10A5D0000022C0F8BC2083F31188BFF36F8F00F016
:10A5E00061F9204610BD00BF8442002000ED00E06C
:10A5F000C43800200B498A684FF030001044EFF354
:10A60000098C80E8F01F74467046FFF7CBFFA64622
:10A6100004498A6802F1300090E8F01F8CF3098841
:10A6200070470000844200201EF0040F0CBFEFF3BF
:10A630000880EFF30980816911F8021C0229FFD01C
:10A6400001B516F050F901BD002807DB00F01F022C
:10A65000400901239340024A42F82030704700BF6E
:10A6600000E100E000280CDB00F01F02400901239C
:10A6700093402030034A42F82030BFF34F8FBFF39E
:10A680006F8F704700E100E0002808DB4901C9B284
:10A6900000F1604000F5614080F80013704700F061
:10A6A0000F004901C9B2014B1954704714ED00E085
:10A6B0004209054B53F8222000F01F00012303FA42
:10A6C00000F01040704700BF00E100E070B50446A4
:10A6D00012F0010F18D10D460231072903D860B2DC
:10A6E000FFF7D2FF70BD094E58233246084909488A
:10A6F00015F0E7F9062322462946074815F0E1F947
:10A700005821304615F0D4F90021E8E7247D0300F4
:10A710005C7D0300F0640300787D030008B50B4BFB
:10A720000B4A22F07F029A60BFF34F8FBFF36F8F07
:10A73000D3F8882022F47002C3F888200DF09EF927
:10A7400010F0A4FE00F076F80DF0F6F900ED00E050
:10A750000000000010B4A2F120040E4942F8081CC9
:10A7600021F0010142F8081C42F8203C019B42F80C
:10A770001C3C029B42F8183C039B42F8143C4FF0EF
:10A78000807342F8043C04650023C0F8BC3010BC60
:10A79000704700BFA9720100104B9B68BBB110F15C
:10A7A000160F0BD0D3F8A820A2F1400C844510D886
:10A7B000824210D98A4207D800207047D3F8A820D7
:10A7C0008A4201D800207047D3F8A80070470020C3
:10A7D0007047002070470020704700BF844200206F
:10A7E00008B50D4614460C4A9060D0F8B8200B4BC3
:10A7F0001A6000F057F8A446644685F309884FF0C4
:10A800000000074B984720464FF000014FF0000230
:10A810004FF00003034C204784420020C43800203E
:10A820006D090300A9720100014B10221A617047E3
:10A8300000ED00E0002206E003F00F03094919448F
:10A8400040230B7601322F2A0ADC53B2002BF3DBB4
:10A8500003F1604303F56143402183F80013F1E7FE
:10A86000704700BFFCEC00E008B5EFF30583103B38
:10A87000044A02EBC301496852F833008847FFF7E6
:10A880006DFA08BDC859030008B5034B034A0121FE
:10A89000034800F0B3F908BD0000042000000020C8
:10A8A000B87D030008B5D0F8A830403B04480360E9
:10A8B00040234360034B8360012100F0C1F908BDD0
:10A8C000C838002000000B15084AC2F898000B6831
:10A8D00023F01F03034343F01003C2F89C308B683E
:10A8E00043F00103C2F8A030704700BF00ED00E064
:10A8F00010B504460A4BD3F89030C3F30723013B4D
:10A90000984203D8FFF7E0FF204610BD0346054AF2
:10A910000121054815F02EFC6FF01500F5E700BF8A
:10A9200000ED00E0C87D03004C5C03002DE9F0471A
:10A9300080460F469A461646002409E02946F0B2A2
:10A9400016F048F8064610F1160F1AD001360134F9
:10A95000BC4216DA04EB440508EB85056A68002A58
:10A96000F5D0BAF1000FE9D0284616F022F80028F9
:10A97000E4D12346044A0121044815F0FBFB6FF0A3
:10A9800015063046BDE8F087F07D03004C5C0300FF
:10A9900010B5034C01232278FFF7C8FF207010BDCB
:10A9A000B04D002008B500230B4A1278FFF7BEFF18
:10A9B00010F1160F0FD0024606E0084BC3F898209E
:10A9C0000021C3F8A0100132044BD3F89030C3F338
:10A9D00007239342F1DC08BDB04D002000ED00E0FC
:10A9E000F0B585B0054603A8FEF770FB06460024C7
:10A9F00025E0B3F5801F21D1506851F80C10936801
:10AA0000202B67D9B3F1004F66D8013BB3FA83F32B
:10AA1000C3F11F035B0003F03E0343F0885343F48C
:10AA2000302300900191029369462878FFF760FF78
:10AA30000028C0F2BE802B7801332B700134B44261
:10AA400080F0BA804FEA041C039901EB0412D0682D
:10AA5000030D1B05B3F5000F71D01ED8B3F5001F11
:10AA60003CD0B3F5800FC4D1506851F80C109368F6
:10AA7000202B60D9B3F1004F5FD8013BB3FA83F3C9
:10AA8000C3F11F035B0003F03E0343F0007343F484
:10AA90000033009001910293C6E7B3F1807F69D043
:10AAA000B3F1007FCAD1506851F80C109368202B85
:10AAB0007BD9B3F1004F7AD8013BB3FA83F3C3F1EA
:10AAC0001F035B0003F03E0343F4802300900191D9
:10AAD0000293A9E70823A0E73E239EE7576851F8B1
:10AAE0000C109368202B22D9B3F1004F21D8013BE1
:10AAF000B3FA83F3C3F11F035B0003F03E0343F09B
:10AB0000885343F4002300970191029310F0010F42
:10AB10008AD02B4C6C2322462A492B4814F0D1FFB3
:10AB20002A4814F0CEFF6C21204614F0C1FF082300
:10AB3000E5E73E23E3E70823A7E73E23A5E75068C0
:10AB400051F80C109368202B10D9B3F1004F0FD897
:10AB5000013BB3FA83F3C3F11F035B0003F03E0331
:10AB600043F082730090019102935DE70823F7E7B9
:10AB70003E23F5E7506851F80C109368202B10D94C
:10AB8000B3F1004F0FD8013BB3FA83F3C3F11F03B6
:10AB90005B0003F03E0343F0887300900191029341
:10ABA00042E70823F7E73E23F5E708238CE73E2337
:10ABB0008AE76FF0150000E0002005B0F0BD00BF8F
:10ABC000147E0300447E0300F06403006C7E0300E7
:10ABD000044B0522C3F89420BFF34F8FBFF36F8F50
:10ABE000704700BF00ED00E0BFF35F8F024B002213
:10ABF000C3F89420704700BF00ED00E038B50C4664
:10AC0000FFF7C6FE10F1160F00D038BD084D40F218
:10AC100067132A460749084814F053FF214607489E
:10AC200014F04FFF40F26711284614F041FF00BFB7
:10AC3000147E030040670300F06403009C7E030061
:10AC400038B50C46FFF7AEFE10F1160F00D038BD38
:10AC5000084D4FF4C3732A460749084814F031FFE2
:10AC60002146074814F02DFF4FF4C371284614F015
:10AC70001FFF00BF147E030040670300F064030061
:10AC8000C87E030038B5394B1D68394BD3F8903076
:10AC9000C3F307239D4203D8FFF7A6FF00241FE05C
:10ACA000344C4FF4CF7322463349344814F009FF33
:10ACB0002F4BD3F89020C2F307222946304814F0D6
:10ACC00000FF4FF4CF71204614F0F2FE274B5B6873
:10ACD00004EB440103EB81012046FFF7F5FD01344D
:10ACE000A542F3D827480570FFF77AFE10F1160F3A
:10ACF00002D0244B1A7816E01E4C4FF4E47322461F
:10AD00001D491E4814F0DDFE1F4814F0DAFE4FF412
:10AD1000E471204614F0CCFE154BC3F898200021B6
:10AD2000C3F8A0100132124BD3F89030C3F30723BD
:10AD30009A42F1DBFFF74CFF0D4BD3F89030C3F391
:10AD40000723082B01D1002038BD0A4C40F20E2306
:10AD500022460E49094814F0B4FE0D4814F0B1FE25
:10AD600040F20E21204614F0A3FE00BFCC7F03006A
:10AD700000ED00E0147E030040670300F064030070
:10AD8000F87E0300B04D00202C7F0300587F0300A5
:10AD9000A87F030008B5024B1B689847002008BD38
:10ADA000D4380020034B1860034A937843F0020321
:10ADB00093707047D4380020C006002030B587B0AB
:10ADC0000D461146002400940194029403940494C7
:10ADD000059402228DF80220044A01920490059500
:10ADE0001A46684614F012FA07B030BD130A030081
:10ADF00008B5064921F00701C1F1005202F5802291
:10AE00000348FBF725FC002008BD00BF4F8400204D
:10AE1000D838002008B501230A4AC2F840354FF05F
:10AE20008042C2F8783515F0FFFD20B14FF0804325
:10AE30000122C3F838264FF080430122C3F8802551
:10AE4000002008BD00E0014030B108B5034B80018F
:10AE500043F00103984708BD704700BFE06303005B
:10AE600008B5044819F0FFFF08B1002008BD6FF0D5
:10AE70001200FBE768590300F0B58BB004460D469D
:10AE800016460378032B38D8DFE803F002212B3174
:10AE90001D4B93E803000790ADF82010090C8DF8C6
:10AEA000221063792279E178A07867780DF11C0C83
:10AEB000CDF814C004970390029101920093A379F6
:10AEC000124A3146284614F00FF90BB0F0BD104B72
:10AED00093E803000790ADF82010090C8DF82210BC
:10AEE000DFE70C4A07AB07CA03C31A80D9E70A4A4F
:10AEF00007AB07CA03C31A80D3E7084A0A2107A889
:10AF000014F0F2F8CDE700BF20800300308003008A
:10AF1000288003005480030060800300FC96030037
:10AF2000402928BF402100238B421CD230B410F8A6
:10AF300003C04FEA1C1C5A000D4D15F80CC00D4CF7
:10AF400004F813C010F803C00CF00F0C013215F810
:10AF50000C50A55401338B42E9D30648002200F877
:10AF6000132030BC70470348002200F813207047BC
:10AF70006C8003000439002010B5034C1E222146CA
:10AF8000FFF77AFF204610BDE43800202DE9F0419C
:10AF900082B01546BFF35B8F384A1268BFF35B8FF0
:10AFA00012F0010F62D004461F46F0B101A915F05E
:10AFB0007DFA06460246324920461AF065FB804675
:10AFC000D8B132462F4920461AF05EFB04460028CD
:10AFD00051D11C222C493846A847031E40DB2B4A7E
:10AFE0001A44002382F8243141E0294A01212948EA
:10AFF00015F0B6F86FF0010439E0BFF35B8F1F4B1B
:10B000001B68BFF35B8FC3F3C00413F0080F14D1A8
:10B0100007221E493846A847062815D91E49A1FB14
:10B020000031401A01EB50018908184BD9712346B1
:10B03000CAB29A421BDD0133FAE7184A02211548C9
:10B0400015F08EF8444612E0154A0121114815F01A
:10B0500087F80E4B00221A60C3F80320DA7106E06D
:10B06000104A01210B4815F085F800E00024204625
:10B0700002B0BDE8F0816FF00104F8E74004002061
:10B08000A4800300008A0300DC040020B803002031
:10B0900080800300DC5B030025499224A880030024
:10B0A000CC800300F48003002DE9F04188B00E9CB1
:10B0B000DCB19D795E791F7993F803C093F802E0C3
:10B0C00093F801801B7807940693CDF81480CDF88F
:10B0D00010E0CDF80CC002970196009513460E4A79
:10B0E00014F002F808B0BDE8F0819C795D791E7912
:10B0F000DF7893F802C093F801E01B780693CDF84F
:10B1000014E0CDF810C00397029601950094134601
:10B11000024A13F0E9FFE5E7288103004C810300B0
:10B1200070B58CB004461D46BAB1164671B90023FD
:10B13000009333462246242102A8FFF7B5FF109A58
:10B14000294602A8FEF7EAFA0CB070BD0A460421AF
:10B150000BA8FCF78FFB0BABEAE70346044A24215C
:10B1600002A813F0C1FF0028E9DA6FF01500EBE741
:10B170007081030000B583B00A4BDA79C2EBC202DA
:10B180000092002211460848FFF7CAFF10B903B029
:10B190005DF804FB0346054A0121054814F0EAFF67
:10B1A000F5E700BFB8030020A48003007881030006
:10B1B000DC5B030030B58DB00446AAB1154661B919
:10B1C000002300932B462246242102A8FFF76CFFA0
:10B1D00002A815F03BF90DB030BD0A4604210BA8BA
:10B1E000FCF748FB0BABECE70346054A242102A819
:10B1F00013F07AFF0028EBDA6FF01500EBE700BFE1
:10B200007081030000B583B0009313460A460146DF
:10B210000248FFF785FF03B05DF804FB948103004B
:10B2200008B50A4601460248FFF7C4FF08BD00BF43
:10B230009481030000B583B0009313460A4601468B
:10B240000248FFF76DFF03B05DF804FB988103002F
:10B2500000B583B0009313460A4601460248FFF743
:10B260005FFF03B05DF804FB9C81030000B583B071
:10B2700003460091002211460248FFF751FF03B038
:10B280005DF804FB249B030000B583B003460091E6
:10B29000002211460248FFF743FF03B05DF804FBAC
:10B2A000008A030008B502480DF0FEFE002008BD2C
:10B2B000D006002010B5BFF35B8F274B1B68BFF390
:10B2C0005B8F13F0010F45D0244B93F824312BB33F
:10B2D000224BDB7933B3214BDB791BB902F010FA37
:10B2E000044650BBBFF35B8F1B4B1B68BFF35B8FE8
:10B2F00013F0040F27D0184BBFF35B8F53E8002FD8
:10B3000022F4803143E800100028F7D1BFF35B8FAF
:10B3100012F4803F1AD10024204610BD104802F0DC
:10B3200035F8D5E702F0D8F904460028D3D00D4A05
:10B3300001210D4814F014FFEEE70A4A01210A48E2
:10B3400014F00EFFE8E701F0CBFFD4E7FFF7AAFF08
:10B350000024E1E70024DFE740040020B8030020D8
:10B36000A0810300A8810300DC5B030070B584B0FA
:10B3700002AE002402940394084B0293084D284621
:10B380000DF040FF00960A234FF4A86205492846B5
:10B390000DF052FF204604B070BD00BFDC810300F9
:10B3A000382300200056002008B5014601480EF061
:10B3B0003FF808BD3823002010B586468C46037838
:10B3C000012B18D0022B32D003B110BD224C0FCC70
:10B3D000CCF80000CCF80410CCF80820CCF80C30E5
:10B3E00023788CF81030BEF802308CF80D301B0A30
:10B3F0008CF80E30E9E7184C0FCCCCF80000CCF8F4
:10B400000410CCF80820CCF80C3023788CF81030DD
:10B41000DEF804308CF80D30C3F307228CF80E20D0
:10B420001A0C8CF80F201B0E8CF81030CDE700683A
:10B43000DEF80410DEF80820DEF80C30CCF800004E
:10B44000CCF80410CCF80820CCF80C309EF8103062
:10B450008CF81030B9E700BFE881030038B5052843
:10B4600011D804462A21C14011F0010F0BD00D481C
:10B4700017F0A7FB054620B101210C3007F02AF98F
:10B480002C76284638BD084C4223224607490848F6
:10B4900014F017FB074814F014FB4221204614F067
:10B4A00007FB00BF680B0020FC8103002C82030017
:10B4B000F06403007482030010B513280ED091B11C
:10B4C0000B4817F07EFB044634B1012104F10C0057
:10B4D00007F000F901232376204610BD054817F038
:10B4E00070FB0446F0E70120FFF7B8FF0446F3E7DE
:10B4F000CC0A00209C0B0020002383B170470C4A2B
:10B5000032F8132032B940F47042094C24F8132069
:10B51000084AD1540133002BF1D010BC7047044AC3
:10B5200032F813200AB10133E7E710B4EBE700BFAC
:10B530008C3900208839002040F4704000230BB182
:10B5400000207047064A32F81320824201D00133AE
:10B55000F5E7034A002122F81310024AD05C704735
:10B560008C39002088390020C2685178074B83F855
:10B5700024105188D984117983F82510B2F8071066
:10B580001985B2F805205A85704700BFB80300201E
:10B59000C268034BD2F80100D2F8051003C370470C
:10B5A0004804002030B5C46804F1010C094D413451
:10B5B000AE46DCF80000DCF80410DCF80820DCF80B
:10B5C0000C30AEE80F000CF1100C7546A445EFD11D
:10B5D00030BD00BFEC030020C268034BD2F801006D
:10B5E000D2F8051003C37047E403002008B5C06813
:10B5F000013015F0EAFA024BC3E9260108BD00BF8D
:10B60000B8030020C368B3F80120024BA3F8D82088
:10B61000704700BFB8030020032801D902487047D3
:10B62000024B53F820007047CC820300488B030084
:10B63000022807D1052901D903487047034B53F865
:10B640002100704700487047CC820300308B030014
:10B65000032801D902487047024B53F82000704775
:10B66000CC820300208B0300C3681B788BB9094B85
:10B67000BFF35B8F1A68BFF35B8F02F00902BFF361
:10B680005B8F53E8001F43E800200028F9D1BFF387
:10B690005B8F70474004002008B5C368B3F80120F1
:10B6A00091B209B1D97801B908BD0448A0F8BC200D
:10B6B000D9780A46C03019F0D0FCF5E7B80300206D
:10B6C00008B5C268074BB3F8BC3003B108BDB2F887
:10B6D00001300448A0F8BC3091880A46C03019F007
:10B6E000BCFCF3E7B803002008B5C3681B78034A25
:10B6F0000221034814F03EFD08BD00BFD4820300C0
:10B70000AC5B030030B583B0054608464FF0000C33
:10B7100063451AD902EBCC0112F83C40AC4208D187
:10B72000038A4A78934207D34B689847002003B0B6
:10B7300030BD0CF1010CEBE70095054A01210548ED
:10B7400014F023FD6FF01500F1E76FF05E00EEE7F7
:10B75000FC820300AC5B0300012801D0002070478D
:10B7600008B50622074B93F8230003F011F900B146
:10B7700008BD05220449034B93F8230003F008F9A0
:10B78000F6E700BFB80300200080030038B5C368A7
:10B79000B3F801501B7803B138BD0F21284602F0E1
:10B7A000FBFE044648B1002102F0B0FDA378012B56
:10B7B0000AD0204602F052FDEEE72B46044A012152
:10B7C000044814F0D7FCE7E7204602F047FDE3E722
:10B7D00020830300AC5B030010B5C368B3F80140DD
:10B7E0000121204602F0D8FE10B102F037FD10BD55
:10B7F0002346034A0121034814F0BCFCF7E700BFCD
:10B8000048830300AC5B030010B5C3681C880121AA
:10B81000204602F0C1FE10B102F020FD10BD23460B
:10B82000024A0121024814F0A5FCF7E7488303000F
:10B83000AC5B030038B5C468B4F801500121284658
:10B8400002F0AAFE98B103462278BAB11A1DBFF3DE
:10B850005B8F52E8000F40F4805042E8000100295D
:10B86000F7D1BFF35B8F184602F0F8FC38BD2B46CA
:10B87000074A0121074814F07DFCF7E7D4F80310CC
:10B88000D4F80720C0F8B510C0F8B920DEE700BF33
:10B8900048830300AC5B03002DE9F04383B000AFA5
:10B8A000D0F80C9099F80040A3000133018A8B4234
:10B8B00002D84FF0000899E06E468AB06D4615F147
:10B8C00010023BD0142092B18446042803DDDFF837
:10B8D00054E1C5F814E0BCF1080F00DDAC61BCF127
:10B8E0000C0F00DDEB61BCF1100F00DD29621328A5
:10B8F00027DD14233AB10521397100217971B9711D
:10B90000F9717868286100216FF300016FF341013C
:10B910006FF382016FF3C501012060F38811C3F357
:10B920000A0363F353216FF31F5100233E48FDF7D1
:10B9300009F8B5460C37BD46BDE8F0836FF000400E
:10B94000C1E76FF01B03D5E7013BE36182F3118888
:10B95000BFF36F8F204602F0E9FA0CF063FF24E09A
:10B96000A16182F31188BFF36F8F002B34D0EFF306
:10B970001181402282F31288BFF36F8FDA68E2618F
:10B980000022DA601A60626A002A47D0136063629C
:10B9900081F31188BFF36F8F04F128000DF084FB51
:10B9A000204602F0C3FA0CF03DFF2E46751EADB2E4
:10B9B000BEB1EFF31182402383F31288BFF36F8F80
:10B9C000E369002BC0D16369002BCAD0196861619B
:10B9D000A0698342C5D1C3E7144A0121124814F07B
:10B9E000BFFB204602F03AFC08F1010899F800304C
:10B9F00098459FDA09EB8803B3F80150B3F8036068
:10BA00000F21284602F0C8FD04460028CED12B465F
:10BA1000074A0121044814F0ADFBE5E763622362A5
:10BA2000B6E700BF6C830300AC5B0300B483030084
:10BA30009883030000B970472DE9F04182B00E46AB
:10BA4000154607464E4B0022BFF35B8F53E8004F6D
:10BA500043E800210029F9D1BFF35B8FA046002CF9
:10BA600045D0204617F08DF800EB4000454B03EB26
:10BA700080035B88BB4241D1AC420ED0204606F029
:10BA800049FB0121217604F10C07384606F022FE1D
:10BA90002A8AE968384617F0B3F8204617F071F89B
:10BAA00000EB4000374B03EB80035B680BB1002ECB
:10BAB00057D0204617F065F800EB4000314B03EB00
:10BAC00080039B68002B36D0204617F05AF82D4D86
:10BAD00000EB400005F82060204617F052F800EB1C
:10BAE000400005EB8005A8680CF09CFE23E03B4677
:10BAF000254A0121254814F03DFB1CE0204617F0A3
:10BB000040F800EB40001F4B03EB80035B88009381
:10BB10003B461F4A01211D4814F037FB184ABFF36A
:10BB20005B8F52E8003F42E800410029F9D1BFF3A2
:10BB30005B8F984643B9B8F1000F02D0404606F03B
:10BB400011FD02B0BDE8F081124C40F63D132246D3
:10BB50001149124813F0B5FF40F63D11204613F08D
:10BB6000A7FF204617F00DF800EB4000054B03EB54
:10BB700080035B681A7A5968186815F0E4F898E74A
:10BB8000B004002090390020CC830300AC5B03009C
:10BB9000F4830300288403005C840300F064030042
:10BBA00038B5044604210C3006F0D8FD457822460D
:10BBB00001784088FFF73EFF05B938BD01480CF019
:10BBC00031FEFAE79804002038B5044603210C3012
:10BBD00006F0C4FD0578B0F80100E368197840F676
:10BBE0003542904204D02246FFF724FF3DB938BDCC
:10BBF0000B46054A0221054814F0BCFAF7E7044851
:10BC00000CF010FEF3E700BF64840300AC5B03009C
:10BC10009804002008B501210C3006F09FFD037840
:10BC2000024A0121024814F0A5FA08BD9C840300D1
:10BC3000AC5B03002DE9F04182B000AF05460C4635
:10BC4000FFF760FD10F15F0F03D00837BD46BDE878
:10BC5000F081B4F810804146E068FFF761F96E4664
:10BC600002233B7104237B718AB06C4614F11002ED
:10BC70001CD04FF0160C62B16346BCF1040F01DD1D
:10BC800025496161082B00DDA5610C2B01DDC4F89D
:10BC90001C8002233B7004237B70A2B1BCF1100F07
:10BCA00000DD206204F1240300210AE06FF0004C63
:10BCB000E1E701F10800384410F8080C03F8010B23
:10BCC00001310129F5D9BCF1150F22DD162342B14E
:10BCD0000521397100217971B9710121F9717868F3
:10BCE000206100216FF300016FF341016FF38201C6
:10BCF0006FF3C501022060F38811C3F30A0363F3F5
:10BD000053216FF31F5100230448FCF71BFEB54677
:10BD10009BE76FF01B03DAE7C0840300AC5B030012
:10BD200038B50446038A012B14D902210C3006F0E1
:10BD300015FD0546007814F063FF10F0020F12D0D5
:10BD40000423114A21462878FFF774FF204606F0A5
:10BD500009FC38BD0D4A01210D4814F00BFA2046AC
:10BD600006F000FCF5E740F6FB230A4A0A490B48B7
:10BD700013F0A7FE002383F31188BFF36F8F032313
:10BD8000184602DFDCE700BF808B0300E484030079
:10BD9000AC5B03002884030000850300F06403000B
:10BDA00010B5044601210C3006F0D8FC0923034AE3
:10BDB00021460078FFF73EFF10BD00BFA08B0300B7
:10BDC000B0B582B000AF0C46FFF79CFC10F15F0FDE
:10BDD00002D00837BD46B0BD218AE068FFF7A0F861
:10BDE0006D4600233B7102237B7188B06C4614F1D1
:10BDF000100214D04FF00E0C22B1BCF1040F01DD83
:10BE0000224B636100233B7002237B70A2B1BCF123
:10BE1000080F00DDA06104F11C0300210AE06FF0AF
:10BE2000004CE9E701F10800384410F8080C03F869
:10BE3000010B01310129F5D9BCF10D0F22DD0E23D3
:10BE400042B10321397100217971B9710121F97170
:10BE50007868206100216FF300016FF341016FF3F7
:10BE600082016FF3C501022060F38811C3F30A0356
:10BE700063F353216FF31F5100230548FCF762FD64
:10BE8000AD46A6E76FF01B03DAE700BF308503007D
:10BE9000AC5B030010B5044601210C3006F05EFCDB
:10BEA0000023034A21460078FFF78AFF10BD00BF38
:10BEB000E88B030008B50146074806F053FA074926
:10BEC000074819F0ADF9031E00DB08BD054A012142
:10BED000054814F04FF9F8E7B4040020E00600200C
:10BEE0002024002054850300AC5B030070B582B0B1
:10BEF0000446038A032B18D904210C3006F02EFCCB
:10BF000042880088060BC0F30B006083FF23637632
:10BF1000238A934213D00092164A0121164814F046
:10BF200034F9204606F01EFB07E0144A01211248AE
:10BF300014F020F9204606F015FB02B070BD0F2169
:10BF400002F02AFB054658B102F046FB6076324605
:10BF50002146284615F095F9284602F07FF9ECE7CE
:10BF6000638B074A0121044814F004F9204606F0C7
:10BF7000F9FAE2E798850300AC5B030074850300DF
:10BF8000BC85030010B5144806F060FA88B1044679
:10BF9000037E012B0ED0032B0FD1FFF7A7FF0F4B12
:10BFA000D3F8FC302BB10E490E4819F039F9031EB5
:10BFB0000CDB10BDFFF7B4FEF1E70B4A01210B4883
:10BFC00014F0D8F8204606F0CDFAE8E7084A012137
:10BFD000064814F0CFF8ECE7B4040020B8030020C2
:10BFE000E006002020240020E0850300AC5B030075
:10BFF0005485030070B582B0C568B5F801600121B1
:10C00000304602F0C9FA38B304462B781A2B2AD0EE
:10C010002B78002B45D1B5F80330A4F8A630B5F83D
:10C020000530A4F8AC30B5F80730A4F8AE30231DC5
:10C03000BFF35B8F53E8001F21F4807143E80012C7
:10C04000002AF7D1BFF35B8F204602F035FB204674
:10C0500002F004F902B070BD3346244A012124489D
:10C0600014F088F8F6E7C378012BD1D10A21043007
:10C0700014F0E9FD0028CBD1B4F8A830ADF80030B9
:10C08000B4F8AA30ADF80230B4F8B030ADF80430EE
:10C09000B4F8B230ADF806306946204615F041FAE2
:10C0A000D5E7261D0821304614F0C0FD10B12B78CD
:10C0B000202B0CD0BFF35B8F56E8003F23F4807336
:10C0C00046E80032002AF7D1BFF35B8FBCE794F853
:10C0D000B430002BEED0013B84F8B4304FF4203262
:10C0E000002304F160000DF00FFAADE74883030070
:10C0F000AC5B030010B50C460A604B609DF808303D
:10C100000B7216F03EFD00EB4000024B03EB800388
:10C110005C6010BD903900202DE9F8430646884642
:10C120004FF0FF324FF0FF33194816F04AFD044636
:10C1300058B300F10C070121384606F0CBFA4FF056
:10C14000000984F81890204616F01BFD114D00EBF5
:10C15000400005EB80004680204616F012FD00EB03
:10C16000400005EB8003C3F80890204616F009FD57
:10C1700000EB400005EB8005C5F80490032138462C
:10C1800006F02CFB068080F802802046BDE8F8838C
:10C19000340B002090390020F0B589B007461546D1
:10C1A0000C4661B302AE01220021304618F055FF63
:10C1B000204616F0E6FC00EB4000334B03EB800317
:10C1C0009E60204606F0FCF90146304806F0A2F9D0
:10C1D0004FF4A022002330460CF06AFB0646B0B9AB
:10C1E000204616F0CEFC00EB4000274B13F82060F1
:10C1F00016BB002D40D02C60002009B0F0BDFFF729
:10C200008BFF04460028CDD16FF06800F5E740F2BF
:10C210004D131F4A1F49204813F053FC324639463C
:10C220001E4813F04EFC002383F31188BFF36F8F79
:10C230000323184602DFD3E700963B46184A022143
:10C24000184813F0A2FF204606F08CF9093E092E8B
:10C250000FD8DFE806F0050E0E0B160E0E0E0E08B8
:10C260006FF06E00C9E76FF01500C6E76FF00C00C5
:10C27000C3E76FF00400C0E7204606F073F9002022
:10C28000BBE76FF00B00B8E790390020BC0400203A
:10C2900028840300506F0300F0640300F48503005A
:10C2A00020860300AC5B030010B582B0224BD3F8AC
:10C2B00020319B6813F0010F0DD101AA002140F637
:10C2C0000340FFF769FF044668B90198FFF7CCF90E
:10C2D000019806F047F901AA002141F20300FFF797
:10C2E0005BFF044610B1204602B010BD0198FFF775
:10C2F00073F9019806F036F901AA002141F2010014
:10C30000FFF74AFF04460028EDD10198FFF72CF90A
:10C31000019806F027F901AA002141F20200FFF777
:10C320003BFF04460028DED10198FFF73BF9019856
:10C3300006F018F9D7E700BFB803002070B582B047
:10C3400005460C4601AA002142F22F00FFF724FF08
:10C350000646D0B90198C368B3F801202A80B3F823
:10C360000330238006F0FEF82B88A3F11B0292B263
:10C37000E02A10D82388A3F5A47292B244F248119F
:10C380008A420ED8304602B070BD094A01210948E0
:10C3900013F0E6FEF6E7084A0221064813F0EAFE2B
:10C3A000E8E7064A0221034813F0E4FEEAE700BF8B
:10C3B0003C860300AC5B03005C86030084860300BC
:10C3C00010B5082142F20100FFF7A6FE30B3044683
:10C3D00008210C3006F002FA0246124B93F8903016
:10C3E00013F0020F17D11048002113F0200F01D0D5
:10C3F00040F040000B4B93F8913013F0090F01D03F
:10C4000040F4006014F0D0FB0022214642F201000B
:10C41000FFF7C2FE10BD05480021E6E76FF0680097
:10C42000F8E700BFB80300200E1207002E12070025
:10C4300010B582B0584B93F8303013F0400F0AD04B
:10C4400001AA002142F20300FFF7A6FE034650B105
:10C45000184602B010BD514A0121514813F080FE28
:10C460006FF01203F4E70198FFF792F8019806F0D5
:10C4700079F801AA002142F20200FFF78DFE03467F
:10C480000028E5D10198FFF707F9019806F06AF84E
:10C4900001AA002142F23A00FFF77EFE034660B196
:10C4A00010F1050FD4D13F4A02213D4813F058FE48
:10C4B000394B1F22A3F8D82005E00198FFF7A2F816
:10C4C000019806F04FF8344B93F8303013F0200FFA
:10C4D00032D0314B93F8503013F0080F44D12E4B2B
:10C4E00093F8903013F0200F22D00DF1020168462E
:10C4F000FFF724FF03460028AAD1042142F22400BA
:10C50000FFF70AFE044600283FD004210C3006F055
:10C5100065F9BDF800300380BDF802304380002289
:10C52000214642F22400FFF737FE034600288FD150
:10C53000FFF746FF03468BE7022140F66D40FFF709
:10C54000EBFD044620B302210C3006F047F901232D
:10C55000037000224270214640F66D40FFF71CFE3A
:10C5600003460028B5D073E701AA002142F21C005F
:10C57000FFF712FE034600287FF46AAF0198FFF729
:10C5800035F8019805F0EEFFA9E76FF068035FE763
:10C590006FF068035CE700BFB8030020A8860300C3
:10C5A000AC5B0300CC86030010B582B00B4BB3F834
:10C5B000BC301BB10024204602B010BD01AA0021EE
:10C5C00041F20500FFF7E8FD04460028F3D1019889
:10C5D000FFF776F8019805F0C5FFECE7B8030020F7
:10C5E00010B5082140F60140FFF796FD88B10446DA
:10C5F00008210C3006F0F2F8024607484FF00051CF
:10C6000014F0D2FA0022214640F60140FFF7C4FDA3
:10C6100010BD6FF06800FBE7108800022DE9F041C3
:10C6200084B000AF07F10C0200214FF60140FFF784
:10C63000B3FD60BBFB68DC68B4F801603046FEF710
:10C64000EBFF6D4600233B7202237B728AB0EC46FF
:10C650001CF1100221D04FF0120E2AB1BEF1040FCE
:10C6600002DDAE4BCCF8143000233B7102237B710A
:10C6700002B37346BEF1080F01DDCCF818000C2B95
:10C6800001DDCCF81C600CF12003002110E0A44A6D
:10C690000221A44813F064FD1BE16FF0004EDCE7BB
:10C6A00001F11000384410F80C0C03F8010B0131B3
:10C6B0000129F5D9BEF1110F4FDD12234AB1042132
:10C6C000397200217972B9720121F972B868CCF817
:10C6D000100000216FF300016FF341016FF382013D
:10C6E0006FF3C501032060F38811C3F30A0363F3FA
:10C6F00053216FF31F5100238A48FCF723F9AD46FD
:10C70000B4F803603146B4F80100FEF791FF6D46BE
:10C7100000233B7202237B728AB0EC461CF11002AC
:10C720001ED04FF0120E2AB1BEF1040F02DD7E4B77
:10C73000CCF8143000233B7102237B71EAB17346BD
:10C74000BEF1080F01DDCCF818000C2B01DDCCF890
:10C750001C600CF1200300210DE06FF01B03ADE71E
:10C760006FF0004EDFE701F11000384410F80C0CB8
:10C7700003F8010B01310129F5D9BEF1110F5ADD82
:10C7800012234AB10421397200217972B972012150
:10C79000F972B868CCF8100000216FF300016FF354
:10C7A00041016FF382016FF3C501032060F388112B
:10C7B000C3F30A0363F353216FF31F510023594856
:10C7C000FCF7C0F8AD4666793046FEF741FF94F8B5
:10C7D00006E0B4F80710D4F809806D4600233B72D8
:10C7E00002237B728CB06C4614F1100226D04FF0FD
:10C7F0001E0C22B1BCF1040F01DD4C4B6361002320
:10C800003B7102237B7132B36346BCF1080F00DD3C
:10C81000A0610C2B00DDE661102B01DDC4F820E0E7
:10C82000142B00DD6162182B01DDC4F8288004F1AF
:10C830002C0300210DE06FF01B03A2E76FF0004C0A
:10C84000D7E701F11000384410F80C0C03F8010B85
:10C8500001310129F5D9BCF11D0F3EDD1E2342B186
:10C860000721397200217972B9720121F972B86811
:10C87000206100216FF300016FF341016FF382012A
:10C880006FF3C501032060F38811C3F30A0363F358
:10C8900053216FF31F5100232248FCF753F8AD4694
:10C8A000F86805F05FFE07F10C0200214FF6024028
:10C8B000FFF772FCA0B9F868C368B3F801301C4CEC
:10C8C000A4F8753005F04EFE94F8753013F0040F9F
:10C8D0000CD11037BD46BDE8F0816FF01B03BEE7F9
:10C8E000144A02210F4813F03BFCF2E707F10C0257
:10C8F00000214FF60340FFF74FFC40B9F868C368CA
:10C900005A780B4B83F8742005F02CFEE1E70A4AB5
:10C910000221044813F024FCDBE700BF508703002A
:10C920002C870300AC5B03006C8703008487030043
:10C93000B8030020B4870300E087030008B5FFF7C1
:10C94000B3FC034608B1184608BDFFF771FD034666
:10C950000028F8D1114B93F8303013F0200F0ED08F
:10C960000E4BB3F8BC3083B1FFF73AFE0346002804
:10C97000E9D1FFF753FE14F07AFB0346E3E7FFF734
:10C9800013FE03460028EFD0DDE7054A01210548E4
:10C9900013F0E6FB6FF00403D5E700BFB8030020F7
:10C9A0000C880300AC5B030070B582B006460C46F1
:10C9B000124B93F94F30002B1DDAC4B12546082CD9
:10C9C00028BF082501AA002142F21800FFF7E4FB66
:10C9D000034668B9019BD9682A460131304618F0F0
:10C9E000D8FE019805F0BEFD2E44641BE5E7002348
:10C9F000184602B070BD6FF08503F9E7B803002058
:10CA0000837A072B00D0704710B584B004460C2100
:10CA1000043014F00BF960B9E3782BB1284B93F88C
:10CA2000903013F0080F04D0204614F0B1F90346FB
:10CA3000C0B9234B93F8913013F0010F03D0204677
:10CA400014F0DCF8A0B11E4B93F8903013F0200FD7
:10CA500006D01B4BD3F820319B6813F0020F17D17F
:10CA600004B010BD174A0121174813F083FBE0E71B
:10CA70000021009102231A46204614F0D9F90346FA
:10CA80000028E0D0114A01210F4813F073FBDAE7C8
:10CA90000DF10E0103A8FFF751FC0028E0D1BDF80D
:10CAA0000E20BDF80C10204614F0A5F9034600280E
:10CAB000D6D0074A0121044813F05CFBD0E700BF41
:10CAC000B803002030880300AC5B030054880300E7
:10CAD0006C8803002DE9F04186B000AF0446B0F841
:10CAE00001804046FEF728FD23783BB13C2B2FD038
:10CAF000584A0221584813F03DFB29E00646E278E7
:10CB0000012A29D0224607F1080107F1100014F08C
:10CB1000D3F807F10801E078FEF71EFE0546F8B1EC
:10CB2000224607F1080114F0A7F8EB78012B6FD02B
:10CB30000721284601F0EAFB002E40F084802846B9
:10CB400014F0D6FB2846FFF75BFF284601F086FB72
:10CB50001837BD46BDE8F081404B93F82330D1E74C
:10CB6000201DFEF709FA6D4600233B7102237B71FD
:10CB700088B06C4614F1100211D00E261AB1042EA2
:10CB800001DD374B636100233B7002237B709AB158
:10CB9000082E00DDA06104F11C0300210AE06FF003
:10CBA0000046EBE701F11800384410F8180C03F8C0
:10CBB000010B01310129F5D90D2E26DD0E2342B1DD
:10CBC0000321397100217971B9710121F9717868F6
:10CBD000206100216FF300016FF341016FF38201C7
:10CBE0006FF3C501012060F38811C3F30A0363F3F7
:10CBF00053216FF31F5100231748FBF7A3FEAD46E7
:10CC00001321404614F0DDF8A2E76FF01B03D6E7CE
:10CC10003869C5F89700BA8ABB7DA5F89B2085F8CE
:10CC20009D30D4F80B30C5F89F30B4F80F30A5F81C
:10CC3000A3300A4BD3F89C3013F0400F3FF478AF89
:10CC400000F0AAFE74E76E720121284601F05EFB37
:10CC500075E700BF88880300AC5B0300B8030020C1
:10CC6000A488030000B589B0C3681A788DF8002045
:10CC7000B3F80120ADF80120DA788DF80320B3F87D
:10CC80000B20ADF81720B3F80D20ADF81920B3F83C
:10CC90000F20ADF81B205A7C8DF81D20586801909C
:10CCA0001A899B7AADF808208DF80A30084B1A686B
:10CCB000CDF80B209B88ADF80F30CDF81120ADF8E2
:10CCC0001530684614F0D9F809B05DF804FB00BFD0
:10CCD0001880030010B58EB08646EC460C4C0FCC85
:10CCE000ACE80F000FCCACE80F000FCCACE80F00A5
:10CCF00094E803008CE80300BEF10D0F02D905484B
:10CD00000EB010BD0EAB03EB8E0E5EF8380CF7E7DD
:10CD1000DC5D0300CC8203002DE9F04182B000AF5E
:10CD2000B44BDB79012B31D9DFF8CC82B148FEF767
:10CD300023F96D4600233B7102237B710123BB71F4
:10CD40000323FB718AB06E4616F1100221D04FF01A
:10CD5000140C22B1BCF1040F01DDA84B7361002358
:10CD60003B7002237B7022B1BCF1080F01DDC6F8D5
:10CD700018800123BB700323FB70BAB1BCF10C0F08
:10CD800000DDF06106F1200300210DE0DFF8708284
:10CD9000CCE76FF0004CDCE701F10800384410F8F4
:10CDA000080C03F8010B01310329F5D9BCF1130F6D
:10CDB00023DD142342B10421397100217971B97145
:10CDC0000221F9717868306100216FF300016FF37F
:10CDD00041016FF382016FF3C501032060F38811F5
:10CDE000C3F30A0363F353216FF31F5100238548F4
:10CDF000FBF7A8FDAD46012531E06FF01B03D9E735
:10CE00006FF0004C41E001233B7003237B70002A4C
:10CE100049D1BCF1110F59DD122342B10420387100
:10CE200000207871B8710120F871786808616FF39B
:10CE300000046FF341046FF382046FF3C504032110
:10CE400061F38814C3F30A0363F353246FF31F548D
:10CE5000002321466B48FBF775FDB5460135654B50
:10CE6000DB79AB4235DDC5EBC500624B1844FEF7FC
:10CE700083F86E4601233B7103237B718AB06946B8
:10CE800011F11002BCD04FF0120C002ABBD0634647
:10CE9000BCF1040F03DDDFF870E1C1F814E0082BEA
:10CEA000B1DD8D61AFE7BCF10C0F00DDC86101F1B0
:10CEB0002003002007E000F1080EBE441EF808EC35
:10CEC00003F801EB01300128F5D9A2E76FF01B034D
:10CED000A3E7484C94F824804046FFF7FBFEE18C22
:10CEE000B4F82AC06D4600233B7102237B718CB0DD
:10CEF0006C4614F110021DD01A261AB1042E01DD61
:10CF0000424B636100233B7002237B70FAB13346CE
:10CF1000082E00DDA0610C2B01DDC4F81C80102B55
:10CF200000DD2162142B01DDC4F824C004F12803C4
:10CF300000210AE06FF00046DFE701F10800384405
:10CF400010F8080C03F8010B01310129F5D9192E4D
:10CF50004ADD1A2342B10621397100217971B97174
:10CF60000121F9717868206100216FF300016FF3EE
:10CF700041016FF382016FF3C501032060F3881153
:10CF8000C3F30A0363F353216FF31F5100231D48BA
:10CF9000FBF7D8FCAD46174C94F825603046FFF7F8
:10CFA00099FE218D00233B7102237B718AB06C4670
:10CFB00014F110021BD016251AB1042D01DD144BFB
:10CFC000636100233B7002237B706AB32B46082DFC
:10CFD00000DDA0610C2B00DDE661102B00DD21627D
:10CFE00004F1240300211DE06FF01B03B2E76FF092
:10CFF0000045E1E7B8030020C0880300C4880300AF
:10D000005CBF0300AC5B0300D4880300E888030026
:10D010002889030001F10800384410F8080C03F8CF
:10D02000010B01310129F5D9152D24DD162342B15B
:10D030000521397100217971B9710121F97178687F
:10D04000206100216FF300016FF341016FF3820152
:10D050006FF3C501032060F38811C3F30A0363F380
:10D0600053216FF31F5100230448FBF76BFC083773
:10D07000BD46BDE8F0816FF01B03D8E7AC5B030051
:10D0800008B5034BD3F820315B69984708BD00BF52
:10D09000B803002038B504460D4651B140F635437B
:10D0A0009C420ED029460F4805F034FA0024204651
:10D0B00038BDFFF731F805460028EFD16FF068045E
:10D0C000F5E72846FFF7DCFF04460028EFD00346CB
:10D0D000054A0121054813F04DF8284605F042FAAB
:10D0E000E5E700BFBC04002050890300AC5B0300EF
:10D0F00070B505460C46032142F22100FFF70CF8FB
:10D1000060B1064603210C3005F068FB0580847091
:10D11000314642F22100FFF7BDFF70BD024A0121F6
:10D12000024813F01DF8F8E774890300AC5B0300B4
:10D1300030B583B0C3681C885A88ADF800209A883F
:10D14000ADF80220DA88ADF804201B89ADF806306E
:10D150000121204601F020FA68B10546694601F038
:10D1600015FB98B91E212046FFF7C2FF284601F0A3
:10D1700075F803B030BD2346074A0121074812F075
:10D18000F9FF02212046FFF7B3FFF2E76946204688
:10D1900013F0A4FEEAE700BF48830300AC5B030082
:10D1A00070B582B0044600F10C05284615F01BFD51
:10D1B000ADF80400238AADF80630012B1ED90221F8
:10D1C000284605F0CBFA0646007813F019FD05460F
:10D1D00010F0010F1BD00523174A21463078FEF7C7
:10D1E00029FD15F0020F22D06369BDF80420134415
:10D1F000E360BDF80630238202B070BD0F4A012102
:10D200000F4812F0B7FF204605F0ACF9F4E740F6FE
:10D2100056730C4A0C490D4812F053FC002383F35B
:10D220001188BFF36F8F0323184602DFD3E7204630
:10D2300005F098F9E0E700BF588B0300E484030091
:10D24000AC5B03002884030090890300F0640300B2
:10D2500038B50446037E012B05D0032B19D1FEF708
:10D2600029FE002038BDC368187813F0C9FC0546B4
:10D2700010F0010F04D115F0020F05D10020F1E7E5
:10D280002046FFF78DFFF6E72046FEF713FE00204D
:10D29000E8E7054A0121054812F06CFF204605F039
:10D2A00061F96FF01500DDE7AC890300AC5B0300AA
:10D2B0000A4BD3F8203143B9C3684BB1436953B12A
:10D2C000064BC3F82001002070476FF077007047CD
:10D2D0006FF0150070476FF015007047B80300201D
:10D2E00008B5084BBFF35B8F53E8001F41F0040102
:10D2F00043E80012002AF7D1BFF35B8FFFF70CFD64
:10D3000008BD00BF4004002010B5FFF717FB04461E
:10D31000A8B901F021FC044688B90D4BDB7983B133
:10D320000C4BBFF35B8F53E8001F41F0080143E84B
:10D330000012002AF7D1BFF35B8FFFF7D1FF204621
:10D3400010BD054A0321054812F00AFFF7E700BFA8
:10D35000B803002040040020C0890300AC5B030038
:10D3600008B5FFF7D1FF024B1B6803B1984708BD12
:10D37000A8390020BFF35B8F034B1868BFF35B8FA6
:10D38000C0F38000704700BF4004002070B5054620
:10D39000F8F7DFFC1C281FD8044629461048F8F788
:10D3A000CEFC00B970BD0E4E22462946304618F01C
:10D3B000F0F9A6F592732344002283F82421214634
:10D3C0003046FDF761FF0028ECD0064A02210648EE
:10D3D00012F0C6FE0020E5E76FF00B00E2E700BFA9
:10D3E000DC040020F0890300AC5B030000487047B8
:10D3F000DC04002070B50546002401E00134E4B2ED
:10D40000094BDB79A3420BD92646C4EBC4010722A2
:10D41000054B1944284618F027F90028EED101E001
:10D420006FF00106304670BDB803002030B583B000
:10D4300004460D4629B107222049284618F014F960
:10D44000E8B9684613F093FB034668BB6846FFF7EC
:10D45000D1FF0028F5DAC4EBC404194AA3180098D8
:10D460001051BDF804009DF806109880997185B19F
:10D4700012592A609A889B79AA80AB7109E0C4EBA3
:10D48000C4040F4AA31829681151A988AA79998060
:10D490009A71BFF35B8F0B4B1A68BFF35B8FC2F3BC
:10D4A000800312F0040F02D1184603B030BDFDF71F
:10D4B000F9FE13F0F3FA0023F6E700BF088003003B
:10D4C000B8030020400400202DE9F04383B0284B2E
:10D4D00093F8764014F0010412D005460E4601AAD6
:10D4E00000214FF60940FEF757FE844670B90198B7
:10D4F000D0F80C9099F80140B44228BF344628E097
:10D500001C4A02211C4812F02BFE27E01B4A022174
:10D51000194812F025FE002420E0162101FB0CF131
:10D520006A1809EB0103D3F802E0D3F80680D3F8B8
:10D530000A70D3F80E6045F801E0C2F804809760E5
:10D54000D660D3F812E0C2F810E0DB8A93820CF1C7
:10D55000010C6445E1DC05F005F81CB1204603B080
:10D56000BDE8F083064A0221034812F0F9FDF5E711
:10D57000B8030020F88B0300B45B0300248C030085
:10D58000448C030070B584B000294BD104460E468C
:10D5900020B10722284918F067F828BB274BDB7910
:10D5A000012B45D0BFF35B8F254B1B68BFF35B8F0F
:10D5B00013F0010F0BD10023009301930293039307
:10D5C0003CB307221C49204618F04EF808B31B4B09
:10D5D000D879421CDA71054632462146FFF726FF0C
:10D5E000D0B9284604B070BD2046FFF703FF0028DD
:10D5F0001BDA2378012B04D1A37903F0C003C02BDD
:10D60000CCD0104A0121104812F0AAFD6FF0150588
:10D61000E7E76FF01505E4E70849CB79013BCB71EB
:10D620000546DEE76FF01505DBE76FF07705D8E715
:10D630006FF00B05D5E700BF08800300B80300209A
:10D6400040040020708C0300B45B0300F0B583B08D
:10D65000E0B1054601AA002141F20900FEF79CFD58
:10D66000D8B9019EF7687C1C06221649204617F09F
:10D67000FBFF28B106221449204617F0F5FF98B9A0
:10D68000304604F06FFF002003B0F0BD0F4A0221C6
:10D690000F4812F065FD0020F6E70E4A02210C4803
:10D6A00012F05EFD0020EFE7D7F80130C5F8013039
:10D6B000A388A5F8053000232B70019804F052FFD1
:10D6C0000120E1E71880030010800300A08C030014
:10D6D000B45B0300BC8C030000B583B06846FFF761
:10D6E000B5FF064BD87118B9002003B05DF804FBF4
:10D6F000002269461046FFF799FEF6E7B8030020BE
:10D7000010B588B0184BDC7924BB012102A8FFF7C3
:10D71000DBFE154BD87101E00134E4B2124BDB792A
:10D720009C4216D202AA162304FB03F3D118D35845
:10D73000CDF801308B88ADF8053001238DF800302D
:10D74000002269462046FFF771FE03460028E3D019
:10D7500005E03BB900210846FFF714FF03461846D1
:10D7600008B010BD0023FAE7B8030020002865D0F8
:10D77000F8B50C4617461D460346002D61D00678C5
:10D7800011F4002F10D011F0040F05D113F051FC4B
:10D7900008B901232B70F8BD2F4A01212F4812F040
:10D7A000DFFC6FF01500F6E711F0010F29D042B150
:10D7B00011F0200F05D02A4A92F8902012F0400F65
:10D7C00042D0C6EBC60226498A5C012A0ED0C6EBBF
:10D7D000C606234B9B5D2B70002F38D014F0200F12
:10D7E00037D043F002032B700020D4E7C6EBC6010C
:10D7F0001B4A11440131184613F0C8FB0028E6D03B
:10D80000C9E711F0040F14D0C6EBC60214498A5CB4
:10D81000012A06D00020C6EBC606114B9B5D2B707B
:10D82000B9E7C6EBC6010E4A1144013113F0AEFB55
:10D83000F1E713F0FEFB01232B70ACE76FF015004E
:10D8400070476FF01500A6E76FF08500A3E7002092
:10D85000A1E700209FE700BFDC8C0300B45B03005E
:10D86000B803002080B910B50446582300FB03F329
:10D87000103300210648184413F0FBFB30B1582345
:10D88000034803FB040010BD002070470020FAE7A6
:10D89000082500202DE9F04105468846044614F885
:10D8A000096B194B83F8236007221849204617F0AB
:10D8B000DBFE70B907461649304613F021FD0446D9
:10D8C000C8B1052100F022FDC8F800403846BDE887
:10D8D000F0812146304600F0D3FF78B92146287800
:10D8E00013F00EFD044660B1062100F00FFDC8F8EC
:10D8F00000400027EAE76FF00B07E7E76FF0150736
:10D90000E4E76FF00B07E1E7B803002008800300AD
:10D910000080030070B504460D4600F10906072299
:10D920000D49304617F0A0FE78B905220B49207842
:10D9300001F02EF804463CB165720021204600F04B
:10D94000E5FC204600F08AFC70BD062231462078B6
:10D9500001F01EF80446EEE7088003000080030093
:10D96000094B9B697BB11033BFF35B8F53E8001FFA
:10D9700021F0010143E80012002AF7D1BFF35B8FC9
:10D98000014B00229A617047B8030020014B98694F
:10D99000704700BFB8030020F0B583B0FFF7F6FF73
:10D9A00038B1044600F110050E21284613F061FB42
:10D9B00008B903B0F0BD0721284613F05AFB06460C
:10D9C0000028F6D10A21284613F053FB0028F0D096
:10D9D00001A92046FFF75EFF0028EAD107221D4972
:10D9E00004F1090017F040FE071E18BF012720466A
:10D9F00013F04CFB01460DF103033A462046FFF7B6
:10DA0000B5FE0346B0B90121204613F0B9FBB8B901
:10DA1000019800F023FC002ECBD0BFF35B8F55E8BC
:10DA2000003F43F4804345E80032002AF7D1BFF3BA
:10DA30005B8FBEE7084A0121084812F09BFBB8E75C
:10DA40000021019800F062FC0E21284613F039FBFA
:10DA50000646DDE708800300048D0300845B0300B5
:10DA6000F0B583B0C5686878FFF7FCFE6F8800B337
:10DA7000044613F08AFB04F11006BFF35B8F56E8EF
:10DA8000003F23F0800346E80032002AF7D1BFF3BD
:10DA90005B8F2B789BB92B78E3B10621304613F0CE
:10DAA00010FB002846D1314B9B699C4252D003B0F9
:10DAB000F0BD2F4A01212F4812F052FBF7E70A214F
:10DAC000304613F0D6FA0028E5D029782046FFF733
:10DAD00021FFE0E70121384600F05EFD07460028FF
:10DAE000DBD0236D13F4002F15D0D4F80230C0F82A
:10DAF0009E30E288237AA0F8A22080F8A4306369DF
:10DB00002BB15B681BB1019701A9204698473846A5
:10DB100000F0A4FBC1E7037AC3EBC30313495A180F
:10DB2000CB58C0F89E3091889379A0F8A21080F865
:10DB3000A430E4E7204613F095FA6369002BB2D0D5
:10DB40001B68002BAFD02A798DF8042001A920464C
:10DB50009847A8E70E21304613F08BFA10B1FFF773
:10DB60001BFFA4E7FFF7FCFEA1E700BFB8030020FE
:10DB70003C8D0300845B030030B585B0C468207819
:10DB8000FFF770FEB0B1054643698BB19B687BB16E
:10DB90000134204613F004F890B1214602A812F097
:10DBA000F4FF02AB01936B699B6801A92846984773
:10DBB00005B030BD094A0121094812F0D1FAF7E752
:10DBC0002146287813F0DAF90346006802909A8813
:10DBD0009B79ADF80C208DF80E30E2E73C8D030008
:10DBE000845B0300082816D8DFE800F00517070952
:10DBF0000B0D0F1113000A4870470A4870470A4876
:10DC000070470A4870470A4870470A4870470A48F0
:10DC100070470A4870470A4870470A48704700BF73
:10DC2000548D0300848D0300788D0300908D0300D4
:10DC3000A88D0300B88D030090940300CC8D0300E1
:10DC4000DC8D0300648D030038B50546164B1C6857
:10DC500000E0646934B16368002BFAD0697A284621
:10DC60009847F6E7114C00E01834114B9C4209D854
:10DC70000F4B9C4216D26368002BF5D0697A284678
:10DC80009847F1E70B4C40F27F6322460A490B4864
:10DC900011F017FF0A4811F014FF40F27F6120468F
:10DCA00011F006FF38BD00BFDC3900206C5B0300BB
:10DCB0006C5B0300E88D0300188E0300F064030022
:10DCC000D071030038B50546164B1C6800E0646946
:10DCD00034B12368002BFAD0697A28469847F6E7D2
:10DCE000114C00E01834114B9C4209D80F4B9C4258
:10DCF00016D22368002BF5D0697A28469847F1E7B9
:10DD00000B4C4FF4CE6322460A490B4811F0D9FE62
:10DD10000A4811F0D6FE4FF4CE61204611F0C8FE3D
:10DD200038BD00BFDC3900206C5B03006C5B030076
:10DD3000E88D0300188E0300F0640300D071030027
:10DD400010B5144B1C6800E0646924B1A368002B73
:10DD5000FAD09847F8E7104C00E018340F4B9C427B
:10DD600007D80E4B9C4214D2A368002BF5D09847DD
:10DD7000F3E70B4C40F2116322460A490A4811F0BE
:10DD8000A0FE0A4811F09DFE40F21161204611F0FC
:10DD90008FFE10BDDC3900206C5B03006C5B030060
:10DDA000E88D0300188E0300F0640300D0710300B7
:10DDB00008B50146002343608360C360014817F043
:10DDC00035F908BD480A002070B5044617F01AFD61
:10DDD000174B1A58174B9A4217D0174CD823224684
:10DDE0001649174811F06DFED821204611F060FE4B
:10DDF00083F31188BFF36F8FC0B145688668FFF762
:10DE0000D7FF002231462046A847EFF31183402276
:10DE100082F31288BFF36F8F206A0028E8D002686F
:10DE20002262616A8842E3D16262E1E770BD00BFAD
:10DE30000800000050310020E88D0300348E0300FC
:10DE4000F064030070B559B1044608464D688E6809
:10DE5000FFF7AEFF6FF06D0231462046A84770BD58
:10DE6000054C482322460549054811F02AFE482161
:10DE7000204611F01DFE00BFE88D0300708E0300E8
:10DE8000F064030030B58BB0044617F0BBFC134BB5
:10DE90001A58134B9A420BD0283420460BF004F941
:10DEA000051E09DB694620460BF006F90BB030BDB4
:10DEB0002046FFF789FFF9E70A4C4FF4C573224665
:10DEC00009490A4811F0FDFD2946094811F0F9FDFC
:10DED0004FF4C571204611F0EBFD00BF08000000B3
:10DEE00050310020E88D030014740300F064030037
:10DEF000748E030008B517F085FC094B1A58094BBE
:10DF00009A4207D04FF0FF324FF0FF3306480AF035
:10DF1000FBFB08BD0022002303480AF0F5FBF8E7ED
:10DF20000800000050310020480A0020034BB3F8DD
:10DF3000BC300BB10248704700207047B803002086
:10DF40007804002038B500238B4228D2C82404FB73
:10DF5000030404F1C4024FF0010CBFF35B8F52E8DD
:10DF600000EFBEF1000F03D142E800C5002DF6D14D
:10DF7000BFF35B8F11D174B1C4220021204617F08A
:10DF800030FC084904F160000BF0D6F9064904F1B1
:10DF900028000AF0B3FF204638BD6344D4E70024CC
:10DFA000E9E700BF61EA01009511030008B501210E
:10DFB0000148FFF7C7FF08BD6025002070B582B09B
:10DFC00004460D46012A21D0022A52D103693BB1F1
:10DFD000344A0121344812F0C3F8204613F048F9BE
:10DFE000256121690B8A012B4FD9CA6850781278B4
:10DFF00042EA0022043292B29A4246D847D3002322
:10E0000023610122204600F023FF3EE0006980B139
:10E010000E8AD6B10C3014F0EAFD864219D8206978
:10E020002A8AE9680C3014F0EBFD284604F09AFACD
:10E03000D7E71E4A01211C4812F092F8204613F03F
:10E0400017F9284604F08EFA1FE0084604F08AFA11
:10E050001BE0174A0121144812F082F800222169BE
:10E06000204600F0F5FE00232361284604F07AFAEA
:10E070000BE013460F4A01210B4812F07BF82046B3
:10E0800013F0F6F8284604F06DFA02B070BD009265
:10E09000094A0121044812F078F8204613F0E8F804
:10E0A000F3E700BF908E0300945B0300B08E030083
:10E0B000D08E0300F88E0300188F03002DE9F04383
:10E0C00083B000AF16460A7A012A24D105460C46D1
:10E0D0009946CB7A072B26D9837A072B69D1002E54
:10E0E0007AD0FFF707FF8046002878D0AB7A072B5D
:10E0F00067D14660C0F808900023C360A061002685
:10E100002677214605F1380004F004FA30460C3732
:10E11000BD46BDE8F083334A0121334812F020F8B0
:10E120006FF01500F3E78E7A6C468AB0694611F1FC
:10E13000100238D0142082B10546042803DDDFF830
:10E14000ACC0C1F814C0082D00DD8B610C2D01DDC1
:10E150000823CB61102D00DD0E62132826DD142369
:10E160003AB10520387100207871B871F87178687B
:10E17000086100216FF300016FF341016FF3820129
:10E180006FF3C501012060F38811C3F30A0363F341
:10E1900053216FF31F5100231348FAF7D3FBA54611
:10E1A0006FF01500B3E76FF00040C4E76FF01B039A
:10E1B000D6E70F4A01210C4811F0D2FF6FF07F0023
:10E1C000A5E70C4A0221084811F0CAFF4046FFF7B4
:10E1D000EFFD6FF07F009AE700238B618FE76FF010
:10E1E000680094E7348F0300945B0300588F0300AA
:10E1F000888F0300988F030010B50346C0B103F168
:10E20000C401BFF35B8FD3F8C420BFF35B8FE2B1CF
:10E21000501CBFF35B8F51E800CF944503D141E818
:10E220000004002CF7D1BFF35B8FE8D1184610BD76
:10E23000074C40F25E5322460649074811F041FC64
:10E2400040F25E51204611F033FC0023EEE700BFA0
:10E25000E88D0300C08F0300F064030070B582B046
:10E26000E8B103468578C678C433BFF35B8F53E8C3
:10E27000002F511E43E800100028F8D1BFF35B8F38
:10E280000192BFF35B8F019CBFF35B8F019B002B5F
:10E2900015DD012C23D0012D24D002B070BD154C0A
:10E2A00040F27A5322461449144811F00AFC1448EB
:10E2B00011F007FC40F27A51204611F0F9FB0D4CA9
:10E2C00040F28A5322460F490C4811F0FAFB0E48DF
:10E2D00011F0F7FB40F28A51204611F0E9FBFFF7FD
:10E2E0002FFDD8E7012ED8D1012CD6D1FFF754FB52
:10E2F000D3E700BFE88D0300C08F0300F064030084
:10E30000C88F0300E88F0300F08F0300F0B583B0DF
:10E3100000AF0D46867A8E4210D00446817216B93F
:10E320008378082B60D1A37A082B00F22281DFE8E2
:10E3300003F07EDF55555555555E55000846FFF7ED
:10E3400051FC6D4600233B7102237B7188B06C4603
:10E3500014F1100211D00E261AB1042E01DD884BE3
:10E36000636100233B7002237B709AB1082E00DDAD
:10E37000A06104F11C0300210AE06FF00046EBE706
:10E3800001F10800384410F8080C03F8010B0131C2
:10E390000129F5D90D2E24DD0E2342B10321397157
:10E3A00000217971B9710121F9717868206100212A
:10E3B0006FF300016FF341016FF382016FF3C50149
:10E3C000022060F38811C3F30A0363F353216FF350
:10E3D0001F5100236B48FAF7B5FAAD460C37BD461E
:10E3E000F0BD6FF01B03D8E7FFF706FF9BE7A378AC
:10E3F000042BF3D004F1380016F00BFE0021624824
:10E400000DF004FD00236365A365E378012BE5D1DE
:10E41000A378012B07D04FF42032002304F16000D1
:10E420000BF072F8DAE7032384F8B430F3E7A3784B
:10E43000042B08D0082ED1D8DFE806F053092D3779
:10E440004B4F415353002046FFF708FFC6E72046D5
:10E45000FFF718FDA378012B11D00434BFF35B8FB5
:10E4600054E8003F43F0400344E80032002AF7D16B
:10E47000BFF35B8F002144480DF0C8FCAEE704F108
:10E48000600528460AF088FF10F00C0FE5D02846FA
:10E490000BF0B6F8E1E7637A1BB92046FFF7DEFE22
:10E4A0009CE72046FFF70EFCF7E7637A1BB920468E
:10E4B000FFF7D4FE92E72046FFF704FCF7E7637A04
:10E4C0001BB92046FFF7CAFE88E72046FFF7FAFB94
:10E4D000F7E72046FFF7C2FE80E72046FFF7BEFEC3
:10E4E0007CE72B46294A0221264811F043FE75E7B6
:10E4F000637A3E2B03D0204612F07AFE6EE76E461A
:10E5000088B06B4613F110022DD00C213AB10846A9
:10E51000042901DD1E4D5D61082800DD9C610B2989
:10E5200024DD0C253AB10321397100217971B971CB
:10E53000F9717868186100216FF300016FF34101F0
:10E540006FF382016FF3C501022363F38811C5F3F2
:10E550000A0363F353216FF31F5100230948FAF7AD
:10E56000F1F9B546C7E76FF00041CFE76FF01B0543
:10E57000D8E72B46074A0221024811F0FBFD2DE7A0
:10E5800010900300945B0300F00600202490030029
:10E590003C9003006490030070B504460D460246AB
:10E5A00001210A4812F079FE064610B183782B4209
:10E5B00001D0304670BD2346054A0221054811F0BE
:10E5C000D9FD3046FFF74AFE0026F2E7602500201D
:10E5D00080900300945B03000D4A831ADB100D4901
:10E5E00001FB03F3904201D1D8B2704710B50A4C39
:10E5F00040F2AF5322460949094811F062FA09482E
:10E6000011F05FFA40F2AF51204611F051FA00BF0D
:10E6100060250020295C8FC2E88D030098900300DC
:10E62000F064030064910300F8B504460F461646F3
:10E630001D4616F0FFFDB8B955EA060306D017F0DF
:10E64000E1F8154B1A58154B9A421AD0E4B13246EC
:10E650002B46204614F0B5FA0446B8B1791D0C30AB
:10E6600004F038F82046F8BD0D4C40F2CB5322465A
:10E670000C490D4811F025FA40F2CB51204611F01B
:10E6800017FA00263546E1E7084CE0E7084A022180
:10E69000084811F065FDE5E7080000005031002052
:10E6A000E88D030080910300F0640300640A0020F9
:10E6B00090910300945B030070B50546041D092189
:10E6C000204612F088FD78B1B5F8A630B5F8A8203C
:10E6D000934209D3B5F8AA20934205D8D5F8AC20C7
:10E6E000D5F8B0309A4202D0214B1C680DE0BFF340
:10E6F0005B8F54E8003F23F4007344E80032002AA3
:10E70000F7D1BFF35B8FEFE764695CB12669002E38
:10E71000FAD0B5F8AE30B5F8AC20B5F8A61028465A
:10E72000B047F1E7134C00E01834134B9C420ED86D
:10E73000114B9C421BD22669002EF5D0B5F8AE30A5
:10E74000B5F8AC20B5F8A6102846B047ECE70B4C5E
:10E7500040F2B56322460A490A4811F0B2F90A4864
:10E7600011F0AFF940F2B561204611F0A1F970BD8A
:10E77000DC3900206C5B03006C5B0300E88D030058
:10E78000188E0300F0640300D0710300F8B506464C
:10E790000D46084612F07AFB074600283AD01F4B78
:10E7A0001C6800E064696CB1E368002BFAD029466C
:10E7B0003046984768B3284612F068FB0028F1D12C
:10E7C000074627E0164C00E01834164B9C4210D840
:10E7D000144B9C421ED2E368002BF5D029463046EC
:10E7E0009847C8B1284612F051FB0028ECD10746E3
:10E7F00010E00D4C40F2F76322460C490C4811F032
:10E8000060F90C4811F05DF940F2F761204611F013
:10E810004FF907463846F8BD0746FBE7DC390020CC
:10E820006C5B03006C5B0300E88D0300188E030033
:10E83000F0640300D0710300F8B507460E460024CB
:10E8400014B100252846F8BDC8200C4B00FB04304D
:10E85000FFF7D2FC054670B18378012B09D132460F
:10E86000394612F068FD0028ECD12846FFF7F6FC87
:10E8700001E0FFF7F3FC0134E2E700BF6025002070
:10E88000F0B583B000AF0C46FFF7D6FF18B90020F3
:10E890000C37BD46F0BD05462046FCF76DFB06462D
:10E8A000A87AFFF79FF903466C4601223A710322CA
:10E8B0007A710222BA710422FA718AB0EC461CF114
:10E8C000100225D04FF0180E52B17146BEF1040F60
:10E8D00002DD2D48CCF81400082901DDCCF81850D1
:10E8E000012139700321797022B1BEF10C0F01DDD5
:10E8F000CCF81C600221B9700421F970AAB1BEF1F4
:10E90000100F01DDCCF820300CF1240300210AE0C7
:10E910006FF0004ED8E701F10800384410F8080CF9
:10E9200003F8010B01310329F5D9BEF1170F27DDDB
:10E9300018234AB10521397100217971B971022179
:10E94000F9717868CCF8100000216FF300016FF3C3
:10E9500041016FF382016FF3C501022060F388115A
:10E96000C3F30A0363F353216FF31F5100230748D6
:10E97000F9F7E8FFA5462846FFF770FC012087E776
:10E980006FF01B03D5E700BFBC910300945B03004D
:10E990002DE9F04180460F46164600251DB10024A2
:10E9A0002046BDE8F081C820104B00FB0530FFF782
:10E9B00023FC044688B18378012B10D127B13A4655
:10E9C000414612F0B8FC68B1A37AB34202D1237A6F
:10E9D0004345E5D02046FFF741FC0135DEE7FFF770
:10E9E0003DFCFAE72046FFF739FCF6E760250020FA
:10E9F00038B504460D46084612F048FA50B3174B96
:10EA000093F8903013F0020F04D094F8B53013F05F
:10EA1000020F13D1E378C3B92946204612F0B4FCA3
:10EA2000B8B92B88A4F8A8306B88A4F8AA30AB88B2
:10EA3000A4F8B030EB88A4F8B2300AE00A21201D17
:10EA400012F0C9FB0028E5D1E6E72946204612F07E
:10EA500068FD38BD6FF01500FBE700BFB80300206C
:10EA600070B584B0A0F1600510F8563CE3B30446DD
:10EA700010F85E3C012B35D1A0F15C06092130462F
:10EA800012F08DFB00283FD0B4F84830ADF80030CC
:10EA9000B4F84A30ADF80230B4F85030ADF8043074
:10EAA000B4F85230ADF8063069462846FFF7A0FFAB
:10EAB000034618BBBFF35B8F56E8003F23F4807317
:10EAC00046E80032002AF7D1BFF35B8FBFF35B8FBC
:10EAD00056E8003F43F0800346E80032002AF7D1B1
:10EAE000BFF35B8F04B070BD284612F0A1FC28462E
:10EAF000FFF7AAF82846FFF7B1FBF3E7124A022115
:10EB0000124811F037FBE1E7114A02AB92E803002B
:10EB100083E8030019462846FFF76AFF034660B9F9
:10EB2000BFF35B8F56E8003F43F4807346E8003242
:10EB3000002AF7D1BFF35B8FC8E7064A02210348DA
:10EB400011F018FBC2E700BFF8910300945B0300CB
:10EB5000145E03002092030010B50C4816F059FA19
:10EB6000002406E00A4901EB0411084816F05EFA99
:10EB70000134022CF6D913F09FFA13F0BFFF0446BC
:10EB800008B1204610BD12F0ECFCFAE7480A00205C
:10EB9000AC39002005490A78531CDBB20B700BB965
:10EBA00002320A70014B1878704700BFB14D002047
:10EBB00008B50B8A012B00D908BD034A012103487F
:10EBC00011F0CEFAF8E700BF74920300BC5B0300BB
:10EBD000F0B583B000AF05460020C0B36C4688B0E6
:10EBE0006B4613F1100243D00C213AB108460429B8
:10EBF00001DD224E5E61082800DD9D610B293ADDB2
:10EC00004FF00C0C3AB10321397100217971B971BF
:10EC1000F9717868186100216FF300016FF3410109
:10EC20006FF382016FF3C501012363F38811CCF305
:10EC30000A0C6CF353216FF31F5100231048F9F7AE
:10EC400081FEA5466FF00B000C37BD46F0BD00EB12
:10EC500040031B010B4AD3580BB10130BDE700EB59
:10EC60004002084B03EB0213074A5A600B60EBE7C4
:10EC70006FF00041B9E76FF01B0CC3E790920300FF
:10EC8000BC5B0300E03900203C94030010B591B157
:10EC90000B4610314FF0000CBFF35B8F51E800EFD3
:10ECA00041E800C4002CF9D1BFF35B8F194612F084
:10ECB000AFFB012010BD034A0121034811F050FAB7
:10ECC0000020F7E7B8920300BC5B030030B583B0C7
:10ECD0000546234C15E0019B1033BFF35B8F53E8CF
:10ECE000001F41F0010143E80012002AF7D1BFF3F1
:10ECF0005B8F01984368DB6913B100F110019847FD
:10ED00000C34184B9C4218D8164B9C4225D2636891
:10ED100001A9284698470028F2DB019923888B82B5
:10ED20008B84A2682846FFF7B1FFB0B10198436811
:10ED30001B68002BCFD09847CDE70B4C40F26F13E8
:10ED400022460A490A4810F0BCFE0A4810F0B9FEF3
:10ED500040F26F11204610F0ABFE03B030BD00BF93
:10ED6000485B03006C5B0300DC920300109303001C
:10ED7000F0640300D0710300F8B504460E46154652
:10ED80004FF4803200230021084612F06CFB074646
:10ED900040B104210C3003F021FD04704670458021
:10EDA0003846F8BD2346034A0121034811F0E2F931
:10EDB000F6E700BF38930300BC5B030070B582B078
:10EDC0000B8A032B17D906460C46042104F10C00CC
:10EDD00003F0C4FC05464288238A934213D143784A
:10EDE000C3B10378012B0BD0132B19D12146304628
:10EDF000FFF7DEFE04E0114A0121114811F0B0F9DD
:10EE0000002002B070BD00920E4A01210C4811F0A2
:10EE1000BCF9F5E70C4A0121094811F0A1F9EFE727
:10EE20000A4A0221064811F0A5F9697800220092E9
:10EE30001346306812F043FBE2E700BF6093030023
:10EE4000BC5B030080930300A4930300C8930300FA
:10EE5000F8B50C460B8A032B11D90546164604213A
:10EE600004F10C0003F07AFC47883946284612F07A
:10EE700046FB68B13246214612F0AEFAF8BD094AA7
:10EE80000121094811F06CF9204603F06BFBF5E70E
:10EE90003B46064A0221044811F06CF9204603F073
:10EEA00061FBEBE7F0930300BC5B030010940300ED
:10EEB000522833D81B2821D3A0F11B03372B2FD87E
:10EEC000DFE803F0372E393B2E2A352E372E2E2E33
:10EED0002E2E2E2E2E2E2E2E2E2E2E2E2E2E2E2E52
:10EEE0002E2E2E2E2E2E2E2E2E2E2E2E2E2E2E2E42
:10EEF0002E2E2E2E2E2E2E2E2E2E2E3319280FD8BD
:10EF000043B26BB101238340104A1A40BAB9104A88
:10EF10001A402AB10120704701207047D22810D032
:10EF200010F0400F0FD106207047002070470220DC
:10EF30007047032070470520704704207047022067
:10EF40007047002070470020704700BFAAAA8A02BD
:10EF5000545545012DE9F0410346806850F8342BA3
:10EF6000D2F80080DD68DE881F69002112F091FB75
:10EF700010B175B100240AE0074A0121074811F0D9
:10EF8000EFF806E039464046A8470134A4B2A6424D
:10EF9000F8D8BDE8F08100BF709403008C5B0300DB
:10EFA00010B58468002104F1340012F072FB48B1FE
:10EFB000A36B33B14FF47022002304F158000AF020
:10EFC00017FB10BD024A0121024811F0C9F8F8E709
:10EFD000709403008C5B030010B5837A072B0DD16E
:10EFE000042112F08CFA044678B10021303012F07E
:10EFF00050FB80B154F8044C204610BD094A022150
:10F00000094811F0ADF80024F6E7084A0121064846
:10F0100011F0A6F8F0E7064A0121034811F0A0F824
:10F020000024E9E78C9403008C5B03009C940300AC
:10F0300070940300F0B583B000AF05460E46836AB6
:10F0400003B1883B7B60002202E0013205E07B6077
:10F050007C686CB12368AB42F7D0012A77D014F1F9
:10F060008803F4D0D4F88830002BF0D0883BEEE74A
:10F0700000220023391D384808F00EFF30BB7C68A1
:10F0800090220021204616F0ACFB344BA36004F123
:10F090003C0015F0BEFF7B683433BFF35B8F53E851
:10F0A000002F43E800610029F9D1BFF35B8F7B6833
:10F0B0001D607968284612F0FFFA7C68204612F03D
:10F0C00074FA00283FD01523638341E02D686E4613
:10F0D00088B06B4613F110022FD00C214AB10846BC
:10F0E000042903DDDFF878C0C3F814C0082800DD68
:10F0F0009D610B2924DD0C253AB1032139700021D3
:10F100007970B970F9703868186100216FF30001E7
:10F110006FF341016FF382016FF3C501022363F3C3
:10F120008811C5F30A0565F353216FF31F510023BE
:10F130000C48F9F707FCB5460AE06FF00041CDE74F
:10F140006FF01B05D8E717236385638300E0002475
:10F1500020460C37BD46F0BD78090020000700208E
:10F16000B89403008C5B03002DE9F04182B000AF3E
:10F1700080460C4600220023391D324808F08CFEE0
:10F1800000BB054616F03EFB2F4B1A582F4B1A605A
:10F190007E6830220021304616F023FBC6F800803E
:10F1A00078680021416081608162C162FFF742FF9F
:10F1B0000346002843D00433236028460837BD4661
:10F1C000BDE8F0816D4688B06B4613F1100230D077
:10F1D0000C2142B10846042901DD1D4C5C61082860
:10F1E00001DDC3F818800B2926DD0C243AB1032178
:10F1F000397000217970B970F97038681861002190
:10F200006FF300016FF341016FF382016FF3C501EA
:10F21000012363F38811C4F30A0464F353216FF3E9
:10F220001F5100230B48F9F78DFBAD466FF00B051E
:10F23000C3E76FF00041CCE76FF01B04D6E76FF037
:10F240000B05BAE75809002008000000583A0020D2
:10F25000E09403008C5B030008B5011F014808F02F
:10F260008DFE08BD780900202DE9F04184B00546E7
:10F270000E461446176800238DF808304FF42053CB
:10F28000ADF80A3002A9006811F01DFC58B1002346
:10F290008DF80C3042F60103ADF80E3003A9286852
:10F2A00011F011FC50BB6168286811F00CFC68BBC0
:10F2B000E36893F80080B8F1000F07D0384612F0E9
:10F2C00076F9A3681B8AC01A404525DBA068042193
:10F2D0000C3003F083FA2061068023695E8001947C
:10F2E000104B00930023A2682946384612F04DFACD
:10F2F000002813DB23699BB101200AE023691BB1BD
:10F300005A88B24200D25E80012002E000232361CD
:10F31000012004B0BDE8F0810020FAE70020F8E702
:10F320000020F6E72D1603002DE9F04383B00546D3
:10F3300088461446D2F80090D9F8047051680068E5
:10F3400011F0C1FB20B10126304603B0BDE8F083C7
:10F3500095222946384613F0F3FA0646207538B947
:10F360002946384612F04CF948B908232375EBE7D3
:10F37000E3681B780BB1002323750026E4E7002720
:10F380002775A06803F036F902210C3003F026FA45
:10F390002061A0F800800194114B00933B46A268C5
:10F3A0002946484612F0F1F9002808DB2369002BB2
:10F3B000CAD0484612F0FBF8A368002206E012F01B
:10F3C00017F92075C0E7198A0A445B68002BFAD147
:10F3D000861AE3681B789E4294BF00260126B3E795
:10F3E000051603002DE9F04F93B005460E4614466E
:10F3F0001768D7F8048000238DF8403042F60103E7
:10F40000ADF8423010A9006811F05DFB28B9002367
:10F41000A360012013B0BDE8F08F00238DF84430C5
:10F420004FF42053ADF8463011A9286811F04BFB7A
:10F4300040B9384612F0BBF80146606803464FF009
:10F44000000C0AE0A3681BB15A88B24200D25E8069
:10F450000120DFE71A8A94445B68002BFAD1A1EB04
:10F460000C03032B01D80020D4E703F0C3F8814636
:10F47000384612F09CF86368002202E0198A0A44B8
:10F480005B68002BFAD1A0EB020A09F10C0B58467D
:10F4900013F0ADFB82452DD2384612F088F8636830
:10F4A000002202E0198A0A445B68002BFAD1801A14
:10F4B00020B36F680023009310230CAA294640460E
:10F4C000B847051EA3DB227CAA4227D12A460CA9F5
:10F4D000E06816F0C9F8002899D10023637404216C
:10F4E00009F10C0003F07AF9A0600680A3685E8041
:10F4F00001208FE7584613F07AFBD9E76368987AC2
:10F5000002F000FE0022002313F05BFB814600287E
:10F5100080D00146606803F0B9F8CAE7E16807A83F
:10F5200011F0EFFA60B1EAB20CA902A811F0E9FA01
:10F5300068B102A907A811F0C6FA0028CDD066E785
:10F54000237C064A0221064810F014FE5FE72B4692
:10F55000044A0221024810F00DFE58E70895030006
:10F560008C5B03002895030010B50446043804F1B1
:10F570003003BFF35B8F53E8001F41F0010143E804
:10F580000012002AF7D1BFF35B8F12F089FA044909
:10F5900004F1540009F0D0FE206802F081FC10BD97
:10F5A00041010200F0B58BB004460D4616460378C3
:10F5B000032B38D8DFE803F002212B311D4B93E8F1
:10F5C00003000790ADF82010090C8DF82210637924
:10F5D0002279E178A07867780DF11C0CCDF814C081
:10F5E00004970390029101920093A379124A314645
:10F5F00028460FF079FD0BB0F0BD104B93E80300E7
:10F600000790ADF82010090C8DF82210DFE70C4AA6
:10F6100007AB07CA03C31A80D9E70A4A07AB07CA70
:10F6200003C31A80D3E7084A0A2107A80FF05CFD3C
:10F63000CDE700BF20800300308003002880030056
:10F640005480030060800300FC96030010B504465C
:10F65000807A02F057FD0B4B834208D1204613F00D
:10F6600090FA00EB4000084B03EBC00010BD074CC4
:10F67000E22322460649074810F023FAE2212046F9
:10F6800010F016FA980A0020103A0020489503005E
:10F6900078950300F06403002DE9F04184B007463B
:10F6A0000C460846FFF7D2FF0546D0F80880E6680A
:10F6B000002107F1340011F0ECFF002830D0238A3C
:10F6C000002B35D0E3681B782B7100232B60337837
:10F6D000D22B3AD004F10C0013F085FAADF80C00EF
:10F6E000238AADF80E30AF603B68186800230093A2
:10F6F0002246042111F0BCFE064668B110F1690FE4
:10F7000034D06369BDF80C201344E360BDF80E30BB
:10F710002382C5F808802E60304604B0BDE8F08131
:10F72000154A0121154810F01BFD6FF01506F3E78F
:10F73000134C40F2271322461249134810F0C1F926
:10F7400040F22711204610F0B3F93B6821461868B3
:10F7500013F0D1F906460028BCD00C4A0121074815
:10F7600010F0FEFC204602F0FDFED5E7084A01211C
:10F77000024810F0F5FCC4E7709403008C5B0300B2
:10F7800048950300A4950300F0640300CC950300A2
:10F79000E095030010B538B199B14A68F2B1826BB7
:10F7A0004ABB12F0B9F910BD194C40F2333322466E
:10F7B0001849194810F085F940F23331204610F00D
:10F7C00077F9134C4FF44D7322461449124810F048
:10F7D00078F94FF44D71204610F06AF90C4C40F264
:10F7E000353322460E490C4810F06BF940F23531A2
:10F7F000204610F05DF9064C40F2363322460949A6
:10F80000054810F05EF940F23631204610F050F90C
:10F810004895030004960300F06403000C9603006F
:10F82000109603001C96030010B58068041D11F0AB
:10F83000BCFE18B9204612F027FA10BD054CFA2379
:10F8400022460549054810F03CF9FA21204610F0FF
:10F850002FF900BF4895030028960300F0640300C9
:10F8600038B504460079FFF723FB0546A068C0B110
:10F870000368B3B11B68A3B123689BB911F095FE6F
:10F88000B0B1052D1CD80123AB4013F0140F08D1E3
:10F8900013F0090F10D113F0220F11D02046FFF7FB
:10F8A0007FFB38BD0F4A01210F4810F063FCF8E7D9
:10F8B0002046FFF7B9FFE4E72046FFF74BFBF0E7F0
:10F8C0000A4C40F27523224609490A4810F0F9F81B
:10F8D0002946094810F0F5F840F27521204610F04D
:10F8E000E7F800BF489603008C5B030048950300CF
:10F8F00040670300F06403006896030070B582B0AF
:10F9000006460C46551C11F052FE85420BD8204687
:10F91000FFF7CEFA02280FD004280DD04FF0FF32A7
:10F920004FF0FF330BE000950346114A02211148C6
:10F9300010F02BFC002511E04FF470220023002171
:10F940000D4811F090FD054658B1FFF77FFE866027
:10F95000012105F10C0002F041FF0470284602B0BD
:10F9600070BD2346054A0121024810F003FCF5E76B
:10F97000849603008C5B0300980A002038930300F0
:10F980002DE9F04182B006460C46071F384611F0BB
:10F9900066FE238AC3B18046012104F10C0002F007
:10F9A000DDFE054698F80A30072B12D156F8043CC4
:10F9B0007BB100230D2B27D82978224A12F8332057
:10F9C00091420AD00133F5E71F4A01211F4810F088
:10F9D000C7FB002002B0BDE8F0811A4E06EBC3065B
:10F9E000238A7278934224D3736821463846984715
:10F9F000B378012BEDD10028EBD003460022297803
:10FA0000384612F0E7F9E4E72B78114A02210F4853
:10FA100010F0B0FB2C782046FFF74AFA0028D8D027
:10FA20000528D6D0062300222146384612F0D2F906
:10FA3000CFE72A780092074A0121044810F0A5FB7D
:10FA40000420D5E754970300AC9603008C5B0300B9
:10FA5000C8960300E49603002DE9F0418AB00446FD
:10FA600016461D4603688846003918BF01211868EC
:10FA700012F089FF28B175B9012738460AB0BDE8F0
:10FA8000F081032104F1340011F066FE08B1002773
:10FA9000F3E71227F1E700230493059306930793F6
:10FAA000089309933EB11A4631462046FFF726FFD8
:10FAB000059000283AD023681B6804938DF81880BD
:10FAC000BDF84030ADF82230119B0793BDF84830A7
:10FAD000ADF8203001238DF8243004AB0293144B91
:10FAE00001930022009213462946284601F014FB98
:10FAF0009DF8247037B905990029BED0204612F030
:10FB000034F9BAE726B9B8F1180F0CD00027B4E7DA
:10FB1000059802F027FD9DF824302A4641462046EC
:10FB200012F058F9EFE79DF82470A6E71127A4E733
:10FB3000E11603002DE9F04188461746FFF74CFA1D
:10FB4000044610B3846A1CB3883C14F1880607D0BD
:10FB5000D4F8886026B1883E02E0334634461E461B
:10FB6000C4B17D1C204611F022FD854207D9002E2C
:10FB7000F3D0D6F88830002BF0D0883BEEE73A4639
:10FB800041462046FFF7BAFE04462046BDE8F08114
:10FB90002646E5E77B1C034A0221034810F0EAFAF7
:10FBA000F3E700BF049703008C5B0300F8B504463D
:10FBB0000F464FF470220023114813F002F8064656
:10FBC000A0B1204611F0F1FCB8B9092106F10C05ED
:10FBD000284602F07FFD3046FFF738FD84600121A2
:10FBE000284602F0FBFD07703046F8BD3B46054A4B
:10FBF0000121054810F0BEFAF6E70B21E6E700BF49
:10FC0000980A0020389303008C5B03002DE9F04133
:10FC10008AB00546884616461F4600240594069479
:10FC20000794089409941121FFF7C0FF079050B37F
:10FC30000595CDF8188001210C3002F0CFFD089019
:10FC400022460470099405AB0293104B0193009473
:10FC500023463946304601F05FFA089B1C7844B1D0
:10FC60000799284612F081F8002420460AB0BDE822
:10FC7000F081079802F076FC0A23324610212846CC
:10FC800012F0A8F8F1E71124EFE700BF69F20100D4
:10FC900070B588B006460D4603680121186812F059
:10FCA00072FE50B9032106F1340011F055FD10B178
:10FCB000002008B070BD1220FBE7002304930593D9
:10FCC0000693079321213046FFF770FF069058B343
:10FCD00004962B8A012B21D905F10C0012F07BFF31
:10FCE000044601238DF81C3004AB02930F4B0193A3
:10FCF000002200921346014601F00EFA9DF81C30D6
:10FD0000002BE6D0069802F02DFC9DF81C30224610
:10FD10002021304612F05EF80020CAE706993046EE
:10FD200012F023F80020C4E71120C2E7ED18030009
:10FD300070B588B006460D4603680121186812F0B8
:10FD400022FE50B9032106F1340011F005FD10B177
:10FD5000002008B070BD1220FBE700230493059338
:10FD6000069307930F213046FFF720FF069058B304
:10FD700004962B8A012B21D905F10C0012F02BFFE0
:10FD8000044601238DF81C3004AB02930F4B019302
:10FD9000002200921346014601F0BEF99DF81C3086
:10FDA000002BE6D0069802F0DDFB9DF81C302246C1
:10FDB0000E21304612F00EF80020CAE706993046B0
:10FDC00011F0D3FF0020C4E71120C2E76D19030032
:10FDD000F0B589B004460F4616461D46036801215A
:10FDE000186812F0D0FD20B16DB90126304609B077
:10FDF000F0BD032104F1340011F0AEFC08B100267F
:10FE0000F4E71226F2E70023049305930693079381
:10FE100031462046FFF7CAFE069030B30494BDF881
:10FE20003830ADF8143001238DF81C3004AB029348
:10FE30000F4B01930022009213462946284601F0F9
:10FE40006BF99DF81C6026B90699204611F08DFFCC
:10FE5000CCE7069802F086FB9DF81C302A4639460E
:10FE6000204611F0B7FF0026C0E71126BEE700BF0D
:10FE70006D1903002DE9F0418AB005468846164603
:10FE80001F4600240494059406940794089409944A
:10FE90000921FFF78BFE069068B30495CDF8148016
:10FEA00001210C3002F09AFC0790224604700A23CC
:10FEB0008DF8243004AB0293104B01930094234639
:10FEC0003946304601F028F99DF824403CB906999E
:10FED000284611F04AFF20460AB0BDE8F081069896
:10FEE00002F040FB9DF8243032460821284611F0EC
:10FEF00071FF0024EFE71124EDE700BF29F30100B3
:10FF00002DE9F0418AB005460E4617469846002472
:10FF1000059406940794089409940721FFF746FE78
:10FF2000069060B3059522460794CDF820809DF891
:10FF300040308DF824300A238DF8253005AB02932C
:10FF4000104B0193009423463946304601F0E4F803
:10FF50009DF825403CB90699284611F006FF204639
:10FF60000AB0BDE8F081069802F0FCFA9DF8253051
:10FF700032460621284611F02DFF0024EFE7112418
:10FF8000EDE700BFE5F3010070B588B004460E460A
:10FF90001546002304930593069307930521FFF765
:10FFA00005FE0590F8B1049404AB02930F4B019346
:10FFB0000022009213462946304601F0ADF8069B18
:10FFC00033B10599204611F0D0FE002008B070BD75
:10FFD000059802F0C7FA0A2332460421204611F0A0
:10FFE000F9FE0020F2E71120F0E700BFCF1903006F
:10FFF00000B583B002460B460021019115F002FCCA
:020000022000DC
:100000000C4909580C48006888420DD001A90B48DA
:1000100007F042FF58B901980023036043608360F2
:10002000C36003B05DF804FB00221346EEE7002036
:10003000F7E700BF08000000583A002098090020A8
:1000400010B50446806818B102F08CFA0023A36052
:100050002146024807F092FF10BD00BF980900201A
:100060002DE9F04782B004460F4691461E465830AF
:1000700009F0C6FAA06BF0B1144B984222D0456843
:100080004FF0000AC0F804A0A06BD0F80C80FFF776
:10009000D7FFC4F838A0206811F093FD3DB1236864
:1000A0001868CDF800804B463A463146A8470020F4
:1000B00002B0BDE8F087064A0221064810F050F869
:1000C0000025E8E70025A563E5E700BF5C3A0020CE
:1000D000209703008C5B030070B582B0054602E0F8
:1000E000184602F03FFA0022002305F10C0012F03E
:1000F0006EFD03460028F3D10CE0AB6011E0E3682D
:10010000009300231A466FF067012868B047204625
:10011000FFF796FF6C6844B123686B60AA68A2423F
:10012000EBD06668002EEAD1F1E700232B60294668
:10013000024807F023FF02B070BD00BF580900203D
:10014000B0B58AB000AF044650F8583C186811F0BA
:1001500019F91E2207F10801FFF724FA6D46002362
:100160003B7102237B7188B0EC461CF1100215D064
:100170000E2022B1042802DD264BCCF814300023D7
:100180003B7002237B70B2B1082803DD07F108033E
:10019000CCF818300CF11C0300210AE06FF000408D
:1001A000E7E701F1280EBE441EF828EC03F801EB46
:1001B00001310129F5D90D2829DD0E234AB103218A
:1001C000397100217971B9710121F9717868CCF820
:1001D000100000216FF300016FF341016FF3820102
:1001E0006FF3C501012060F38811C3F30A0363F3C1
:1001F00053216FF31F5100230748F8F7A3FBAD46C7
:10020000A4F1540011F091FF2837BD46B0BD6FF046
:100210001B03D3E7389703008C5B030038B570B13C
:100220000C46C9B1FEF7D8FE054610B321460C3086
:1002300002F070F9284611F062FD002038BD104C24
:1002400040F6047322460F490F480FF03AFC40F67F
:10025000047120460FF02CFC094C40F60573224631
:100260000A4909480FF02DFC40F6057120460FF0B1
:100270001FFC204602F076F96FF07F00DEE700BF3A
:1002800048950300C08F0300F0640300989F0300AB
:1002900038B5B0B10C46054601B30AF009FB284653
:1002A000FEF79AFE034630B30022226082683AB31A
:1002B00014608460184611F084FC0AF045FB0020AD
:1002C00038BD114C40F619732246104910480FF002
:1002D000F8FB40F6197120460FF0EAFB0A4C40F695
:1002E0001A7322460B490A480FF0EBFB40F61A71CD
:1002F00020460FF0DDFB0AF027FB6FF07F00DFE701
:1003000084604460D6E700BF48950300C08F0300B7
:10031000F06403000C9603008068034B984214BFFE
:1003200000200120704700BF05080200064B1A6834
:10033000C0F801209A889B79A0F80520C37100239A
:1003400003700381704700BF0880030070B5064644
:100350000D4600240CB1002070BD2301094AD35C76
:10036000B34201D00134F5E702EB04110722013159
:10037000284615F079F90028F4D1024800EB041062
:10038000EAE700BF883A0020F8B507460E46002489
:1003900014B100252846F8BD04EB4403084A02EBDB
:1003A000830512F82330BB4201D00134F0E729461F
:1003B00007220131304615F057F90028F5D1E9E759
:1003C0002826002070B506460D4600240CB10020FA
:1003D00070BD04EB44030C4A12F823309E4201D056
:1003E0000134F3E704EB440302EB830007222946C0
:1003F000013015F039F90028F2D104EB4404024829
:1004000000EB8400E4E700BF983A002070B5054691
:100410000E461446FFF780FF00283AD0ED68A36827
:1004200043B1E268002A36D01B88B34209D013D307
:1004300001202FE022792168284612F01DF80120C2
:1004400028E0266822793146284611F0F5FF034658
:1004500060B1A26852881A81A3680433A360E0687F
:100460000138E060003818BF012013E000220B497A
:10047000284611F0E1FF03460028EDD03268C0F8AD
:100480000120B188B279A0F80510C27122790270FA
:10049000DFE7012070BD0020FCE700BF08800300FB
:1004A000174BBFF35B8F53E8002F42F0020143E884
:1004B00000100028F7D1BFF35B8F12F0020F1ED19E
:1004C000104B114A934209D80F4A934217D25A68E7
:1004D0000E49088802440A800833F2E710B50C4C34
:1004E0004FF4B66322460B490B480FF0EAFA0B486B
:1004F0000FF0E7FA4FF4B66120460FF0D9FA7047D3
:10050000A43A00206C5B03007C5B0300AC4D002030
:10051000DC9703000C980300F0640300D071030023
:1005200010B51446102207491846A047041E02DBE6
:100530000024204610BD2346034A012103480FF042
:1005400019FEF6E77826002034980300A45B030028
:1005500008B510210548FAF789FE00B908BD034621
:10056000034A012103480FF005FEF7E76826002043
:1005700058980300A45B030070B50646002414B12C
:100580000025284670BD0D4D05EB041566B123010D
:100590000A4901EB04120132C95C304610F0CBFE6F
:1005A0000028EED10134EAE7284607220449013049
:1005B00015F05AF80028F5D1E3E700BF883A00208B
:1005C00008800300F8B507460D46002414B1002644
:1005D0003046F8BD04EB840605EB460667B104EB34
:1005E00084033246013215F81310384610F0A3FE8A
:1005F0000028EDD10134E9E704EB840005EB40006D
:1006000007220349013015F02FF80028F2D1DFE767
:100610000880030030B583B004460D46FFF796FE10
:100620000246D0B1037A8DF8043000210C3011F06D
:100630009CFF00238DF8053068B101238DF805304B
:10064000022301AA29462046FAF7F4FD044630B9F0
:10065000204603B030BD0023F0E70023F2E7034655
:10066000024A012102480FF085FDF1E7809803005E
:10067000A45B030070B5002404B170BD0B4D05EB05
:1006800004156E1C07220A49304614F0EDFF08B924
:100690000134F1E70021284611F058FF23013146CB
:1006A000024AD05CFFF7B6FFF2E700BF883A0020AD
:1006B000088003008446002383B100207047D1F8EE
:1006C00000E0C0F801E0B1F804E08979A0F805E0A5
:1006D000C17103EB430304F823C012E010B503EB30
:1006E0004302084C04EB820092000832BFF35B8F98
:1006F000A258BFF35B8F002AE1D00133002BEED06C
:10070000002010BD28260020F8B504460D461746E7
:1007100010F017FC064629462046FFF735FE56B175
:1007200050B13946083011F0E2FE4FF40042002388
:100730000C4808F05DFFF8BD29462046FFF7BAFFD8
:100740000028EED1084C40F27A5322460749084867
:100750000FF0B7F907480FF0B4F940F27A5120468C
:100760000FF0A6F938260020DC970300AC980300B0
:10077000F0640300C09803002DE9F0411E46BDF867
:100780001830012B30D804461746B0463344012BAD
:100790002DD8FFF7F1FE0546C8B132463946284646
:1007A00011F044FD30B3D4F89030C5F80130B4F8FE
:1007B000942094F89630A5F80520EB71237A2B70DD
:1007C0000121284611F0DEFE4046BDE8F081FFF72A
:1007D000D3FE05460028E0D1084A022108480FF060
:1007E000BFFC6FF01008EFE76FF00608ECE76FF062
:1007F0000C08E9E76FF01208E6E700BFE098030095
:10080000A45B03002DE9F0471C46BDF82030D1F869
:100810000C80002B5CD105460F46631E9BB2012B5A
:1008200059D8012C23D95378167846EA0326414635
:100830002846FFF7C7FE8146D8B1D8F8103043B13B
:10084000324639462846984700280EDB01380128F1
:1008500044D8B9F808A0A9F80860B8F80A309E4250
:1008600026D1B24529D17EB32046BDE8F08716785F
:10087000DDE70EB92046F8E741460020FFF7A2FE6B
:10088000814668B1D5F89030C0F80130B5F89420B1
:1008900095F89630A0F80520C3712B7A0370CCE749
:1008A000104A022110480FF05BFC6FF01000DCE7EB
:1008B0004146384611F0F4FCD3E7002205F19001DF
:1008C000287AFFF721FFCEE74846FFF72FFDCBE759
:1008D0006FF00600C9E76FF00C00C6E76FF00D007F
:1008E000C3E700BF0C990300A45B030010B50246E8
:1008F0000B46164CBFF35B8F54E8001F41F001001C
:1009000044E8000CBCF1000FF6D1BFF35B8F11F08F
:10091000010F0DD1A4F150010A834B83BFF35B8F0C
:100920000A4B1B68BFF35B8F13F0020F07D010BD9B
:100930000749881E11F058FC0028EFD1F7E74FF463
:10094000A4720023034808F053FEF0E7302700208C
:10095000FA2600200027002008B5154BBFF35B8F57
:1009600053E8002F42F0040243E800210029F7D1A8
:10097000BFF35B8FBFF35B8F53E8002F22F00202BF
:1009800043E800210029F7D1BFF35B8FBFF35B8FF2
:100990001B68BFF35B8F13F0010F01D1002008BD6E
:1009A0004FF4A4720023034808F022FEF6E700BFCC
:1009B000302700200027002008B50146024612F823
:1009C000080B04230131FAF71DFC00B908BD0346EA
:1009D000024A012102480FF0CDFBF7E728990300F6
:1009E000A45B03002DE9F0410746884616461D46E4
:1009F000FFF7E8FC0446A0B123890BB963894BB328
:100A00002B46324604F10A0104F1080011F0ECFB18
:100A100028B1214611F8010B10F093FAE8B9BDE8AE
:100A2000F0811049FFF7CEFC044668B1034603F895
:100A3000017BD8F80020C0F80120B8F8041098F81D
:100A4000062099809A71D7E7074A012107480FF0DD
:100A500087FBE4E726816581DBE72046FFF7ACFFF3
:100A6000DDE700BF0880030044990300A45B030096
:100A700010B5FFF7A7FC50B10446014611F8010B71
:100A8000FAF7CEFB034620B9204611F088FD00207E
:100A900010BD034A012103480FF06CFBF4E700BFCF
:100AA00064990300A45B030038B5044600F1900587
:100AB0002946007A10F045FA38B92946207AFFF71E
:100AC00081FC08B111F06BFD38BD2946207AFFF793
:100AD000CFFF03460028F7D0024A012102480FF059
:100AE00049FBF1E784990300A45B03000B4B1A68F0
:100AF000C0F801209A889B79A0F80520C3710023D3
:100B000003720C30BFF35B8F50E8002F40E80031D8
:100B10000029F9D1BFF35B8F704700BF0880030045
:100B200010B50446164BBFF35B8F53E8002F22F03D
:100B3000020243E800210029F7D1BFF35B8FBFF326
:100B40005B8F1B68BFF35B8F13F0010F04D120464E
:100B500011F0FDFA30B910BD00220023094808F059
:100B600047FDF4E72046FFF707FD0028F3D0027A9F
:100B700012F0010FEFD0012111F004FDEBE700BFEF
:100B800030270020002700202DE9F04F83B00546D4
:100B90001646FFF7C1FB009078B1EF687B8963B11F
:100BA0000024A1466CB1B9F1000F06D100237B816E
:100BB000FB6813B1002128469847012003B0BDE827
:100BC000F08F04EB840807EB4808B8F80830CBB185
:100BD00004EB840308F1010A524617F8131030465B
:100BE00010F0A9FB98B904EB8403514617F81300E1
:100BF000FDF722FE034628B1827A072A04D0184660
:100C0000FDF72CFB0134CDE7DDF80090F7E706F1A6
:100C1000900301931946307A10F093F950B90B4BB9
:100C20009F4203D04046FFF781FBEBE73046FFF7DA
:100C30003BFFF7E7D6F89030C8F80130019B9A885F
:100C40009B79AAF804208AF80630DBE740070020E9
:100C50002DE9F04387B000AF88B30C4615461E4619
:100C6000804607F110010FF0EFFE814678BB07F1D7
:100C70000C0140460FF01AFCF868002800F0848050
:100C80000A2200210EF05CFA002874D15FFA80F885
:100C900007F110014046FFF795FB0146002876D08A
:100CA000002C00F09580042208313046A847041E2D
:100CB000C0F2868048461C37BD46BDE8F083484AEE
:100CC000012148480FF04CFA6FF01509F2E76D4624
:100CD00000233B7202237B7288B06C4614F1100231
:100CE00012D00E201AB1042801DD3F4B63610023AE
:100CF0003B7102237B71A2B1082801DDC4F8188082
:100D000004F11C0300210AE06FF00040EAE701F162
:100D100018063E4416F8146C03F8016B01310129E2
:100D2000F5D90D2824DD0E2342B1032139720021AB
:100D30007972B9720121F972B868206100216FF3EC
:100D400000016FF341016FF382016FF3C5010120D0
:100D500060F38811C3F30A0363F353216FF31F5148
:100D600000232048F7F7EEFDAD466FF01509A1E727
:100D70006FF01B03D8E703461C4A012119480FF006
:100D8000F9F96FF0150995E74FF0000880E7FCB11D
:100D90001749FFF717FB014650B1034603F8018BD3
:100DA0003869C1F80100B88ABA7D98809A7177E7EE
:100DB000104A01210B480FF0D3F96FF00B0979E7C6
:100DC00023460D4A012107480FF0D4F9A14671E7E7
:100DD00000293FF46FAF00230B604B608B6069E725
:100DE00080800300A45B03009C990300B899030072
:100DF00008800300D4990300349803002DE9F047DC
:100E000086B000AF002844D00C4615461E468046EA
:100E100007F110010FF018FE8146002841D107F1BB
:100E20000C0140460FF042FBF868002800F0968065
:100E30000A2200210EF084F9002840F086805FFA33
:100E400080FA07F110015046FFF780FA804600282B
:100E500000F08780002C00F0B480022207F1080126
:100E60003046A847041EC0F293803B7A88F80830C9
:100E7000022C40F095807B7A012B40F29B80554AF2
:100E8000022155480FF076F90021404611F07AFB17
:100E90009AE0524A012150480FF062F96FF01509AB
:100EA00092E06D4600233B7202237B7288B06C4651
:100EB00014F1100212D00E201AB1042801DD484BA3
:100EC000636100233B7102237B71A2B1082801DD1D
:100ED000C4F8188004F11C0300210AE06FF0004000
:100EE000EAE701F118063E4416F8146C03F8016BAA
:100EF00001310129F5D90D2824DD0E2342B103214A
:100F0000397200217972B9720121F972B8682061D1
:100F100000216FF300016FF341016FF382016FF362
:100F2000C501012060F38811C3F30A0363F3532161
:100F30006FF31F5100232848F7F704FDAD466FF00B
:100F4000150941E06FF01B03D8E70346254A01214C
:100F500021480FF00FF96FF0150935E04FF0000A46
:100F60006FE7FFF709FB804650B1034603F801AB7A
:100F70003869C8F80100B98ABA7D99809A7169E721
:100F8000194A012114480FF0EBF86FF00B091BE030
:100F90002346164A012110480FF0ECF8A14613E051
:100FA000134A02210C480FF0DBF80021404611F0F3
:100FB000E9FA09E0191E18BF0121404611F0C6FAEE
:100FC00002E04046FFF792FD48461837BD46BDE8AF
:100FD000F08700BF709A0300A45B030080800300C9
:100FE0009C990300B8990300F89903003498030012
:100FF0001C9A03001A4BBFF35B8F53E8002F42F09B
:10100000010143E800100028F7D1BFF35B8F12F015
:10101000010F00D0704710B5FFF742FA114C12498A
:10102000204608F089F94FF4A47200232046FAF70D
:10103000BBF90E4C0E49204608F07EF93034BFF360
:101040005B8F54E8003F43F0020344E80032002A7B
:10105000F7D1BFF35B8F0749074808F06DF910BD62
:10106000A43A002088260020392903000027002008
:10107000411A02007D2A03003826002000283BD0B8
:1010800070B58446068A002E38D11D4C012003E03D
:101090006368034498B208341A4B9C421AD8194B1F
:1010A0009C4227D221686145F2D8656805EB85032B
:1010B0009B00143B0B446345EAD300239D42EAD9CD
:1010C00003EB830201EB8202624518D00133013049
:1010D00080B2F3E70C4C40F2147322460B490C48E3
:1010E0000EF0EFFC0B480EF0ECFC40F214712046C1
:1010F0000EF0DEFC304602E000207047304670BD46
:101100006C5B03007C5B0300DC970300C49A030064
:10111000F0640300D07103002DE9F04F89B08246DE
:10112000079190469946139FDDF850B0BDF84830BE
:101130001BB94FF6FF73ADF84830254B1B8853455C
:101140002ED209B0BDE8F08F00257368AB421AD9E2
:1011500005EB8500CDF810B0CDF80CA012AB0293D2
:10116000CDF80490CDF80080079B3A462146D6F88A
:1011700000C00CEB800011F08CFA0028E1D00135A2
:101180000134A4B2E1E70836124B9E420FD8114B4E
:101190009E42D6D27368E118B942D5D28CB2F2E73A
:1011A0000D4E012413975746DDF84CA0ECE70B4C8D
:1011B0004FF4FB6322460A490A480EF082FC0A48B3
:1011C0000EF07FFC4FF4FB6120460EF071FC00BF77
:1011D000AC4D00207C5B03006C5B0300DC970300DC
:1011E000C49A0300F0640300D071030010B5CCB0C2
:1011F0000023489349934A934B931CAA48A904A8F7
:101200000FF09DFA18B304AC0294174B019300221F
:10121000009213464FF6FF710120FFF77DFF214634
:1012200012480FF029FBC0B11021104810F0C6FF82
:101230000F4BBFF35B8F53E8001F41F0080143E8F9
:101240000012002AF7D1BFF35B8F4CB010BD094AE2
:10125000012109480EF084FFF7E7084A01210648FA
:101260000EF07EFFF1E700BF5B230300682600203D
:1012700030270020F49A0300A45B0300109B0300B6
:101280002DE9F04184B004460D4616461F4621491B
:10129000A1F1300008F014FABFF35B8F1E4B1B68FE
:1012A000BFF35B8F13F0080F17D02046FFF764F9E8
:1012B00018B1027A12F0010F16D110230293174BC6
:1012C0000193BDF8283000933B463246294620461C
:1012D00011F018FA04B0BDE8F081FFF787FFFFF7BF
:1012E000C9F9FFF735F9E0E700F10C0800214046A5
:1012F00011F03BF90028E0D1BFF35B8F58E8003FC5
:1013000043F0020348E80032002AF7D1BFF35B8FB5
:10131000D3E700BFB8260020302700206826002031
:1013200010B5BFF35B8F294B1B68BFF35B8FC3F313
:10133000C00413F0080F12D0244BBFF35B8F1A6860
:10134000BFF35B8FBFF35B8F1B68BFF35B8FC3F390
:10135000401312F0100F01D04BB11CB110BDFFF7BC
:1013600045FFE9E7FFF786F9FFF7F2F8F6E7174BD5
:10137000BFF35B8F53E8001F41F0200143E80012E8
:10138000002AF7D1BFF35B8F11491022881814F09F
:101390006BF948B14FF6FF710120FFF7A7FAFFF78D
:1013A00069F9FFF7D5F8D9E70A4C204608F028F983
:1013B0003034BFF35B8F54E8003F23F0010344E86F
:1013C0000032002AF7D1BFF35B8FC7E73027002038
:1013D000682600200027002008B5084BBFF35B8F6C
:1013E00053E8001F41F0100143E80012002AF7D132
:1013F000BFF35B8FFFF794FF002008BD302700206C
:101400002DE9F043BDB004AF04460D469046994621
:1014100039460FF04BF84CB1386878B10A220021F8
:101420000DF08EFE034628BB387509E0524A0121B3
:1014300052480EF095FE6FF0150698E000233B75BC
:1014400007F1080120460FF0FFFA0646D0B907F170
:1014500008033B61002D7AD0C02207F120014846E5
:10146000C047041E67DB07F12003BB61A408FC61D1
:10147000002369E0424A012140480EF07BFE6FF0F4
:10148000150674E06E46002387F82030022387F8A3
:10149000213088B004AD15F1100211D00E201AB120
:1014A000042801DD374B6B6100233B7102237B7104
:1014B0009AB1082800DDAC6105F11C0300210AE0A7
:1014C0006FF00040EBE701F1E0043C4414F8DC4C21
:1014D00003F8014B01310129F5D90D2828DD0E2330
:1014E00062B1032187F82010002187F8211087F8C6
:1014F0002210012187F82310386A286100216FF338
:1015000000016FF341016FF382016FF3C501012008
:1015100060F38811C3F30A0363F353216FF31F5180
:1015200000231648F7F70EFAB5466FF015061EE0D1
:101530006FF01B03D4E72346134A01210F480EF036
:1015400019FE264613E001339C42FCD802E000233A
:10155000BB61FB6107F1100302930C4B0193002266
:10156000009213464FF6FF710120FFF7D5FD30467C
:10157000E437BD46BDE8F08380800300A45B030030
:10158000B89903009C990300349803000D040200ED
:1015900070B582B00C4615461E4601AA0A49069847
:1015A0000EF05AFF38B133462A4621460198FFF71C
:1015B00027FF02B070BD054A012105480EF0D0FD9D
:1015C0006FF01500F5E700BF2C9B0300349B030070
:1015D000A45B030010B584B004460A4600230360F0
:1015E000029007490191012100914FF6FF71808817
:1015F000FFF792FD2068003818BF012004B010BD2D
:101600000923030010B586B000240594FFF736FDCA
:10161000013080B205AB0293054B01930094234641
:1016200022460146FFF778FD059806B010BD00BFC1
:101630009B220300F0B589B048B10C46154606461A
:10164000A9B1837A072B22D0002009B0F0BD664CE7
:1016500040F625532246654965480EF032FA654842
:101660000EF02FFA40F6255120460EF021FA5E4C7E
:1016700040F62653224660495D480EF022FA5D4846
:101680000EF01FFA40F6265120460EF011FA0868B7
:1016900000238DF8043042F60303ADF8063001A9AB
:1016A0000FF011FA50B9E3689B7913F0300FCCD0EA
:1016B0002046FFF7A7FF0446002846D020680023F5
:1016C0008DF8083042F60213ADF80A3002A90FF087
:1016D000FAF9002849D1206800238DF80C3042F631
:1016E0000213ADF80E3003A90FF0EDF9002852D027
:1016F000206800238DF8103042F60303ADF8123055
:1017000004A90FF0E0F9002845D0206800238DF8E7
:1017100014304FF42053ADF8163005A90FF0D3F96B
:10172000002838D0206800238DF8183042F60103D5
:10173000ADF81A3006A90FF0C6F960B32046FFF7DE
:1017400061FF04460028C6D17FE7274C40F6375397
:101750002246294926480EF0B4F928480EF0B1F97E
:1017600040F6375120460EF0A3F92046FFF74AFF16
:1017700004460028AFD11C4C40F63D5322461E497A
:101780001B480EF09EF91D480EF09BF940F63D51A6
:1017900020460EF08DF9206800238DF81C3042F6AB
:1017A0000213ADF81E3007A90FF08DF920B9E768D4
:1017B00000241CB1002048E7002046E704EB840326
:1017C00007EB4302013217F8131030460FF0B3FD58
:1017D00038B104EB840307EB43031B892B427FF4EE
:1017E00034AF0134E5E700BFDC970300C08F03008E
:1017F000F0640300409B0300589B0300609B0300C0
:101800002DE9F04782B005460F46144656689422EB
:10181000314611F095F800283CD102223146284685
:10182000FFF708FF00283DD0A68A023600961D2348
:1018300000222146284810F057FF8146002848D052
:1018400032461D212846FEF775F9804690B30123E4
:101850000022114610F0A6FC08F10C0A02215046A5
:1018600000F0BCFF064626F8027BA18A504600F035
:10187000B5FFA28A2169304613F08BFFC9F80880B2
:1018800049462846FEF704FD0446F0B9204602B05A
:10189000BDE8F087114A022111480EF061FC4FF0BB
:1018A000FF34F3E70F4A02210D480EF059FC6FF0A8
:1018B0001504EBE70C4A022109480EF051FC48469A
:1018C000FEF7BEFB6FF00B04E0E74846FEF7B8FBFF
:1018D000DCE76FF00B04D9E7DD220300789B0300FF
:1018E000A45B0300909B0300BC9B030030B58DB04C
:1018F000002944D005460C464B68002B4FD0BFF35F
:101900005B8F484B1B68BFF35B8F13F0040F7FD0D6
:1019100015B1AB7A072B7ED160680590FFF7AEFB5F
:10192000ADF81800216800294CD005A8FFF752FE39
:10193000002873D0059B6360059B186800238DF811
:101940002C3042F60303ADF82E300BA90FF0BBF894
:1019500048B90598C3689B7913F0200F37D010F071
:1019600092FFADF81800002D34D00123A375224654
:10197000BDF818102846FFF743FF0DB030BD2A4CC4
:1019800040F6D1332246294929480EF09AF82948D1
:101990000EF097F840F6D13120460EF089F80B682A
:1019A000002BACD1204C40F6D233224622492048AD
:1019B0000EF087F81F480EF084F840F6D23120462A
:1019C0000EF076F80028B7D16FF00100D5E76FF080
:1019D0001500D2E76FF07F0307930223ADF82030A4
:1019E00009940023A3758DF8283042F60212ADF851
:1019F0002A2005AA0292114A0192012200920AAA03
:101A00004FF6FF71BDF81800FFF786FB0798B4E7A3
:101A10006FF00A00B1E76FF07F00AEE76FF00100F2
:101A2000ABE700BF40040020DC970300E49B030009
:101A3000F0640300EC9B0300049C0300251D0200DE
:101A400030B583B0044600F130050121284610F07E
:101A50008CFD58BB34F8083CADF8043034F8063C33
:101A6000ADF80630BFF35B8F55E8003F23F001036C
:101A700045E80032002AF7D1BFF35B8F002024F83D
:101A8000080C24F8060C184B44F81C3C174B44F87F
:101A9000183C01AB44F8103C042324F80C3CA4F19E
:101AA0002001FFF723FF88B103B030BD104C40F296
:101AB0000A5322460F4910480EF003F80F480EF063
:101AC00000F840F20A5120460DF0F2FFBFF35B8FA1
:101AD00055E8003F43F0020345E80032002AF7D101
:101AE000BFF35B8FE0E700BF3C9D0300210B0200CA
:101AF000DC970300249C0300F0640300589C03005F
:101B000038B5044600F19001007AFEF75BFC00B3A3
:101B1000054603890BB94389DBB12046FCF75CFD20
:101B20002B890F4A22F820306B8902EB8002538008
:101B30000C4D00EB400305EBC3030B4959600B4907
:101B400099601A6104229A8219462046FFF7CEFE58
:101B500000B938BD064A012106480EF001FBF8E73E
:101B60006C3A0020703A00203C9D03005926030087
:101B7000749C0300A45B03002DE9F04782B000AF22
:101B80000646D2F80080FEF7C7FB18B1D6F80C90D5
:101B9000002424B101200837BD46BDE8F08704EBDE
:101BA000840309EB43031B89002B54D004EB84030B
:101BB00009EB4302013219F8131040460FF0BBFB4A
:101BC000002848D04FF495723146404610F0B8FED8
:101BD00008B103280AD04946304610F061FB224B79
:101BE0009945D7D14046FFF78BFFD3E7EA4688B047
:101BF0006B4613F1100230D00C214AB1084604297B
:101C000003DDDFF868C0C3F814C0082800DD9E615A
:101C10000B2925DD0C213AB10320387100207871A1
:101C2000B871F871786818616FF300056FF34105BA
:101C30006FF382056FF3C505022363F38815C1F3C3
:101C40000A0161F353256FF31F5500232946084805
:101C5000F6F778FED54601349BE76FF00041CCE7FC
:101C60006FF01B01D7E700BF40070020949C0300E2
:101C7000A45B03002DE9F84305460F461446566859
:101C80009422314610F05CFE58BB012231462846B2
:101C9000FFF7D0FC68B3A28902321B212846FDF76A
:101CA00049FF804668B300F10C090221484600F064
:101CB00095FD064626F8027BA189484600F08EFD78
:101CC000A289A168304613F064FD0123626921698D
:101CD000404610F067FA41462846FEF79FFABDE8F5
:101CE000F8830C4A02210C480EF03AFA4FF0FF300C
:101CF000F5E70A4A022108480EF032FA6FF01500A3
:101D0000EDE7074A022104480EF02AFA6FF00B00B3
:101D1000E5E700BF789B0300A45B0300909B0300F2
:101D2000A89C03002DE9F04707461646FEF7F4FA93
:101D3000002800F0A780FD68544B9D422DD0002460
:101D400064E033691A6904EB440053881288414601
:101D5000DFF83CC11CF82000FEF744FE0134002CE3
:101D6000EDD104EB44024A4B03EB820808F1010871
:101D700007224849404613F077FC0028EED004EBD8
:101D8000440307224146424810F82300FCF700FEB6
:101D90000028D6D0FCF762FAE0E70024DFE7FCF782
:101DA0005DFA32E04046FCF759FA2EE03A4A022149
:101DB0003A480EF0D5F94046FCF750FA25E004EB1E
:101DC000840205EB4202128912F0020F49D03269F7
:101DD000B1884046FFF714FD814670B93269937DA2
:101DE0000133937509E004EB840305EB43031B897E
:101DF00013F0010F3AD14FF000094046FCF72EFADC
:101E0000C6F80890B9F1000F39DB0134002C34D149
:101E100004EB840305EB4303B3F808C0B3899C4586
:101E2000F3D104EB840305EB4301013115F81300F2
:101E3000FCF702FD80460028E7D0837A072BAED15D
:101E40006B691BB1394698470028ABD094223946BC
:101E5000404610F075FD82460028A7D1B389022BB9
:101E6000ADD0012BBFD04FF00009C6E73269B18871
:101E70004046FFF7FFFE8146BFE74FF0010A50469C
:101E8000BDE8F0874FF0010AF9E700BF40070020E6
:101E9000983A002008800300789B0300A45B0300AD
:101EA00030B591B004460E9001238DF83C3000F11E
:101EB00090052946007A0FF044F890B1227AF2B1E9
:101EC00004AC04212046F5F7D5FC00942B46104ABB
:101ED000242105A8F9F7E8F805AA0E491046F7F7F6
:101EE00043FC0EAB02930C4B01930022009213466D
:101EF0004FF6FF710120FFF70FF911B030BD00233D
:101F000000932B46024A242105A8F9F7CDF8E3E710
:101F10009C81030091150200791B0200F8B505466B
:101F20000E4617460A4B1C6804B1043C74B1236882
:101F300043B13A463146284698476468002CF5D0AC
:101F4000043CF3E7231DF8D11C46EFE7F8BD00BFC2
:101F5000A83A002070B5B8B004460D4605918DF83A
:101F600018000022379205AB0293144B01930092A4
:101F700013464FF6FF710120FFF7CEF8379E66B18A
:101F8000B60007AA334629462046F9F761F9044608
:101F900028B986B9204638B070BD0022F2E7034662
:101FA000074A012107480EF0E5F8F3E70133379AB5
:101FB0009A42FBD8EEE70023F9E700BF872403002D
:101FC000D49C0300A45B030030B587B004460290A4
:101FD000154B01930022009213464FF6FF7101202A
:101FE000FFF79AF804F190052946207A10F018FDC1
:101FF0002946207A0EF0A5FF20B9204610F011FBEB
:1020000007B030BD0495237A8DF8143004AB0293E9
:10201000064B01930022009213464FF6FF710120F8
:10202000FFF77AF8E9E700BF890B0200D325030028
:10203000F0B583B000AF05460020C0B36C4688B051
:102040006B4613F1100243D00C213AB10846042923
:1020500001DD224E5E61082800DD9D610B293ADD1D
:102060004FF00C0C3AB10321397100217971B9712B
:10207000F9717868186100216FF300016FF3410175
:102080006FF382016FF3C501012363F38811CCF371
:102090000A0C6CF353216FF31F5100231048F6F71D
:1020A00051FCA5466FF00B000C37BD46F0BD00EBB0
:1020B00040031B010B4AD3580BB10130BDE700EBC5
:1020C0004002084B03EB0213074A5A600B60EBE730
:1020D0006FF00041B9E76FF01B0CC3E79C9E030053
:1020E000E45B0300B03A0020C49E0300034BC01A17
:1020F0008010034B03FB00F0704700BF640A002010
:10210000C54EECC43422024B02FB0030704700BFC6
:10211000640A002010B5437A33B943687BB90023C1
:1021200003824369C36010BD0A4C5A2322460A4900
:102130000A480DF0C6FC5A2120460DF0B9FC054CAA
:102140005B232246064905480DF0BBFC5B21204677
:102150000DF0AEFCF49E0300189F0300F064030032
:102160002C9F03002DE9F04784B0054603911446E7
:102170009A46684613F06CF9DDE900892DB305F144
:102180001C06EFF31187402383F31288BFF36F8F90
:10219000304609F0EBF818B3304609F011F9698CB4
:1021A000002971D02B8C99423AD200220023284674
:1021B00006F0AAFA044698B3304609F0E7F8F0B101
:1021C00087F31188BFF36F8F3AE05A4CEE23224613
:1021D00059495A480DF075FCEE2120460DF068FC77
:1021E000574C88232246574954480DF06AFC314623
:1021F00055480DF066FC882120460DF059FC504CE6
:1022000040F23113224651494C480DF05AFC3146F8
:102210004F480DF056FC40F2311120460DF048FCBD
:102220006C8C631E6B84304609F0B0F8D8B187F32C
:102230001188BFF36F8F2146284610F061FC0446D9
:10224000039D002D4FD100236361012323720023DE
:1022500063726360039B63822046FFF75BFF204647
:1022600004B0BDE8F087364C40F2311322463749BE
:1022700032480DF026FC314635480DF022FC40F284
:10228000311120460DF014FC304609F07FF8B0B152
:1022900087F31188BFF36F8F5AEA040306D013F057
:1022A000B1FA2C4B1A582C4B9A4219D0224653465D
:1022B000284606F029FA04460028C1D1CFE7204C71
:1022C00040F23113224621491C480DF0FAFB3146F9
:1022D0001F480DF0F6FB40F2311120460DF0E8FBEF
:1022E0000024A246E2E742464B46684613F0E6F871
:1022F000DDE9002303A9204610F017FC06466061C3
:1023000090B1039B9D42A0D90A4C40F24B13224648
:1023100012490A480DF0D5FB11480DF0D2FB40F2EE
:102320004B1120460DF0C4FB204610F012FC344641
:1023300095E700BFF49E0300489F0300F06403008C
:102340005C6F03008C6F0300A46F0300BC6F03007D
:10235000D46F03000800000050310020509F03009C
:10236000649F030070B500B30C46054651B3EFF30C
:102370001186402383F31288BFF36F8F294808F03A
:10238000F5FF60B3274809F01BF8002323606B6852
:10239000002B33D01C606C60224808F0F7FF80B33C
:1023A00086F31188BFF36F8F70BD1F4C40F2A513E9
:1023B00022461E491E480DF084FB40F2A51120461E
:1023C0000DF076FB184C4FF4D37322461949184888
:1023D0000DF077FB4FF4D37120460DF069FB164CDE
:1023E00088232246154912480DF06BFB0D4914480D
:1023F0000DF067FB882120460DF05AFB6C602C60C5
:10240000CAE70D4C40F2311322460E4908480DF040
:1024100058FB04490C480DF054FB40F231112046A2
:102420000DF046FBE03A0020F49E0300689F030095
:10243000F0640300989F03005C6F03008C6F03003F
:10244000A46F0300BC6F0300D46F030070B5F8B134
:102450000646EFF31185402383F31288BFF36F8F95
:10246000234808F083FF00B3214808F0A9FF34682F
:1024700024B1236833607268944225D01C4808F068
:1024800085FF18B385F31188BFF36F8F204670BDA9
:10249000184C4FF4D9732246174918480DF011FB18
:1024A0004FF4D97120460DF003FB154C88232246CA
:1024B000144912480DF005FB0D4913480DF001FBBE
:1024C000882120460DF0F4FA7360D7E70C4C40F2F7
:1024D000311322460D4909480DF0F3FA04490C481E
:1024E0000DF0EFFA40F2311120460DF0E1FA00BF95
:1024F000E03A0020F49E0300689F0300F0640300AC
:102500005C6F03008C6F0300A46F0300BC6F0300BB
:10251000D46F030010B518B179B112F087FD10BD6A
:102520000C4C40F2BF1322460B490C480DF0C9FA7F
:1025300040F2BF1120460DF0BBFA064C4FF4E07399
:102540002246074905480DF0BCFA4FF4E0712046D9
:102550000DF0AEFAF49E0300709F0300F0640300D8
:10256000989F030038B5044680B9124C40F2CB1353
:102570002246114911480DF0A4FA40F2CB11204631
:102580000DF096FA204610F0E4FA2C4684B1656806
:10259000237A013BDBB2237253B9E3606360A07A14
:1025A000FFF7B0FD836A002BECD020469847ECE79C
:1025B00038BD00BFF49E0300989F0300F064030041
:1025C00018B1027A01320272704710B5064C40F21F
:1025D000F5132246054906480DF073FA40F2F5114D
:1025E00020460DF065FA00BFF49E0300989F03009B
:1025F000F0640300034620B118465B68002BFBD152
:10260000704710B5064C4FF4107322460549064832
:102610000DF057FA4FF4107120460DF049FA00BF43
:10262000F49E0300989F0300F064030038B558B18E
:102630000C460546A9B1436823B10846FFF7DAFF07
:102640006B6843606C6038BD0C4C40F24B232246F3
:102650000B490C480DF035FA40F24B2120460DF0A5
:1026600027FA064C4FF413732246074905480DF02C
:1026700028FA4FF4137120460DF01AFAF49E030065
:10268000789F0300F0640300809F030038B549B1D0
:1026900004460D4698B1FFF7ADFF2946FFF7C6FF88
:1026A000204638BD084C40F25723224607490848C7
:1026B0000DF007FA40F2572120460DF0F9F90846CF
:1026C000FFF77EFFEDE700BFF49E0300809F03004D
:1026D000F064030010B528B1828872B982680A4498
:1026E000026010BD0A4C2B2322460A490A480DF00D
:1026F000E8F92B2120460DF0DBF9054C2C2322466E
:10270000064905480DF0DDF92C2120460DF0D0F9E1
:102710009C9F0300989F0300F0640300C89F030080
:1027200082888A4206D30346521A8280006808448F
:102730001860704710B5064C40F2C3132246054995
:1027400005480DF0BEF940F2C31120460DF0B0F976
:102750009C9F0300D89F0300F064030003460068B9
:102760009A888A4204D3521A9A80014419607047A9
:1027700010B5064C40F2CF132246054905480DF02E
:10278000A0F940F2CF1120460DF092F99C9F030072
:10279000D89F0300F064030038B504460D4610F0DE
:1027A00022FAA84206D32068401B2060A3882B444D
:1027B000A38038BD064C40F2551322460549064811
:1027C0000DF07FF940F2551120460DF071F900BF70
:1027D0009C9F0300E89F0300F0640300F8B50446E3
:1027E0000D46036886889F1910F001FAA84203D3AA
:1027F0002E44A6803846F8BD054C3E2322460549A6
:1028000005480DF05EF93E2120460DF051F900BF5C
:102810009C9F03000CA00300F064030010B5294B3B
:1028200000210AE010690180106941801146106999
:10283000B0F90220013242800833234A934213D870
:10284000214A93421ED21A689142F0D00029E9D061
:102850000C691069B4F90240048008691169B0F983
:10286000020048801146E2E7184C3E2322461849F0
:1028700018480DF026F918480DF023F93E2120469E
:102880000DF016F9154C06E02069043001221146BE
:1028900012F0E3FB1434124B9C4204D8104B9C42C0
:1028A000F2D3002010BD094C4E2322460D490948A1
:1028B0000DF007F908480DF004F94E2120460DF0FF
:1028C000F7F800BF945D0300A45D030040A003007F
:1028D00068A00300F0640300D0710300545D03009E
:1028E0007C5D03009CA003002DE9F04F83B00446FB
:1028F000904601930C9D12F09DFC002852D1824617
:1029000012F080FF344B185812F0C0FC28600027EA
:10291000EFF31186402383F31288BFF36F8F2F48A4
:1029200008F024FD814618B12C4808F049FD17E055
:102930002B4C882322462B492B480DF0C2F82749FF
:102940002A480DF0BEF8882120460DF0B1F8234842
:1029500008F01CFDA8B186F31188BFF36F8F012723
:1029600017BB2B682269D1698B42F0DD013921EA5E
:10297000E17112F047FF184B185808F073F8CA4677
:10298000E5E7174C40F231132246194916480DF07D
:1029900098F8124917480DF094F840F2311120468A
:1029A0000DF086F84FF0000A206904304246019B82
:1029B00005F07EFF044618B9204603B0BDE8F08F4D
:1029C000BAF1000FF8D012F01DFF034B1858296818
:1029D00008F048F8F0E700BF08000000E43A0020E3
:1029E0005C6F03008C6F0300F0640300A46F0300AE
:1029F000BC6F0300D46F030010B584B00390087857
:102A000060B1012810D18C68684612F057FDDDE9ED
:102A1000002303A9204605F07DFB03E08B680398A3
:102A20009847002004B010BD064C75232246064985
:102A300006480DF046F806480DF043F8752120468B
:102A40000DF036F840A0030040670300F064030077
:102A5000BCA003002DE9F04F87B002AF804692463C
:102A600099460369B3F90040B3F902604FF0000BD7
:102A700035E06FF0004C56E000233B7202237B727E
:102A8000002A58D1BCF1110F70DD122342B104208D
:102A9000387300207873B8730120F873F868086100
:102AA0006FF300056FF341056FF382056FF3C50502
:102AB000012161F38815C3F30A0363F353256FF310
:102AC0001F55002329462E48F5F73CFFD7F800D0C4
:102AD000D7F804B01BF10C0F4BD0013424B2A6423E
:102AE00049DD284B03EBC40359684B681B78002B66
:102AF000F3D0254B1B5D002BEFD1009352464B4684
:102B00004046FFF779FF78600028E6D0C7F800D08C
:102B100000233B7302237B738AB002A911F11002D8
:102B2000A7D04FF0120C002AA6D0BCF1040FA3DDF1
:102B3000164B4B61A0E76346BCF1080F01DD14485A
:102B400088610C2B01DD7B68CB6101F12003002043
:102B500009E000F1080E07F1080BDE441EF808EC4E
:102B600003F801EB01300128F3D98BE76FF01B0369
:102B70008CE7D7F804B058461437BD46BDE8F08F4F
:102B8000945C0300945D0300D00B0020CCA00300F4
:102B90005CBF030010B50C460069043005F042FE2E
:102BA0000D2C00DD10BD12F02DFE034B18582146F0
:102BB00007F058FFF6E700BF080000002DE9F043DA
:102BC00087B038B30F4616461D460446002931D05B
:102BD00012F030FB08B10026354632462B4602A8DB
:102BE00012F036FCDDE90289E36823B161683846FA
:102BF000984700283ED00E23059305AB009332463C
:102C00002B462046FFF770FE054618B3284607B04E
:102C1000BDE8F083194C4FF4AF73224618491948A8
:102C20000CF04FFF18480CF04CFF4FF4AF712046EA
:102C30000CF03EFF114C40F25F132246134911483D
:102C40000CF03FFF12480CF03CFF40F25F112046B1
:102C50000CF02EFF62683946206812F09AFD424659
:102C60004B462046FFF7F6FE054605992046FFF73E
:102C700091FFCBE76FF02205C8E700BF40A003003B
:102C80000CA10300F064030020A10300687103009D
:102C900034A10300F8B598B10E4615461C46074608
:102CA000F1B112F0C7FA08B100252C46386904309A
:102CB0002A46234605F0FCFD044608B32046F8BD2D
:102CC000144C40F27D132246134914480CF0F9FECF
:102CD00013480CF0F6FE40F27D1120460CF0E8FEA1
:102CE0000C4C4FF4BF7322460E490C480CF0E9FE21
:102CF0000D480CF0E6FE4FF4BF7120460CF0D8FEF4
:102D00007A683968304612F044FD3869043005F0BD
:102D100089FDD3E740A003000CA10300F064030089
:102D200020A103006871030034A10300004870472C
:102D3000443B0020014BC01A40117047FC3A002070
:102D400030B583B005460C46FFF7F4FF014640233B
:102D500000932346054A06480FF0D7FF011E01DB0A
:102D600003B030BD2846A047FAE700BF532D03004B
:102D7000F058030010B5EFF31184402383F3128859
:102D8000BFF36F8F074A136823F00201116013F03D
:102D9000010F04D084F31188BFF36F8F10BD0FF0C3
:102DA000EAFFF7E7543B002030B1002202604260A6
:102DB000826001224260704710B5064C4FF4857363
:102DC0002246054905480CF07CFE4FF485712046EB
:102DD0000CF06EFE50A1030080A10300F06403001C
:102DE0000346D1B101290AD1D3F80C04C0F3004045
:102DF000F2B1D3F80C3403F001031370704710B52F
:102E00000C4C4FF4747322460B490C480CF059FEDD
:102E10004FF4747120460CF04BFED0F81804C0F348
:102E200000402AB1D3F8183403F00303136070474D
:102E3000704700BF98A1030040670300F0640300DF
:102E400010B582B0EFF31184402383F31288BFF3EF
:102E50006F8F154A136843F00201116013F0010FE0
:102E600009D1002384F31188BFF36F8FB3B90FF03A
:102E700078FF02B010BD0DF1070201214FF0804034
:102E8000FFF7AEFF9DF80730012B01D00023E9E7E3
:102E9000FFF74CFF0FF015FF0123E3E70021034884
:102EA0000FF021FFE5E700BF543B0020F05803007E
:102EB00010B5C9B2012905D80FF0BDFE806800F039
:102EC000070010BD054C7A232246054905480CF041
:102ED000F8FD7A2120460CF0EBFD00BFCCA10300E9
:102EE0000CA20300F064030070B505461646CCB290
:102EF00021460FF0A0FE012C0DD8314608300FF00E
:102F0000ABFE002806DB214628460FF09BFE4368F7
:102F10009847002070BD064C40F25D1322460549DB
:102F200005480CF0CEFD40F25D1120460CF0C0FDCE
:102F3000CCA103000CA20300F064030038B50546E1
:102F40000C46FFF7F7FE014640220348FFF7CCFF8F
:102F500001462846A04738BDF058030010B50128A7
:102F60000FD0042812D0F0B9002115480FF063FEED
:102F7000836813F0070F08D1002111480FF0B3FE4A
:102F800003E001210E480FF0AEFE10BD0D4C40F2E3
:102F90006E2322460C490D480CF093FD40F26E2141
:102FA00020460CF085FD074C40F27223224606496C
:102FB00006480CF086FD40F2722120460CF078FDA8
:102FC000F0580300CCA1030040670300F064030045
:102FD00070B582B00546012807D14FF08043D3F881
:102FE0001C3403F00303012B4BD012F023F90446E9
:102FF00018B9284B1B78002B38D1EFF311864023EA
:1030000083F31288BFF36F8F012424B94FF08043FC
:103010000222C3F8082301AA00214FF08040FFF7E5
:10302000DFFE20B1019B012B26D0012D24D0FCB165
:1030300030460DF0AFFC4FF08043D3F81835002B2D
:10304000E9D14FF08043D3F80431002BE3D04FF0A7
:1030500080430022C3F80421D3F804210122C3F8DD
:1030600018250D49C1F880219A60D4E70026CCE7E5
:1030700001200FF08FFEDEE72CB186F31188BFF33D
:103080006F8F02B070BD4FF080430222C3F804235B
:10309000F7E700BFB64D002000E100E000B587B0C3
:1030A000CDF800D0CDF804D0002302930123039380
:1030B00004AB049305936B46064A0FF042FE0028CA
:1030C00005DB4FF480420023684605F0F1FB07B0B2
:1030D0005DF804FBC12D030070B5064600220121F6
:1030E0001046F7F7F3FA114802F004FE104B98422D
:1030F00019D111F092F90024012C12D82146304642
:103100000FF099FD0546214630460FF0A1FD094913
:103110000CF030FF002805DB0123AB601C44E4B257
:10312000EAE7002070BD6FF00400FBE75D2F0200AE
:103130000000AD0B30A2030070B504461E4B012108
:10314000BFF35B8F53E8002F43E800100028F9D14C
:10315000BFF35B8F42B134B1631EDBB2012B1ED8CB
:103160002046FFF735FF70BD14480FF071FD05468E
:10317000134E3046FFF718FE311F2846F4F71AFEAB
:103180000028E8DA0F4C4FF40C7322460E490F4822
:103190000CF097FC4FF40C7120460CF089FC094CA4
:1031A00040F2422322460A4908480CF08AFC40F2C9
:1031B000422120460CF07CFCF83A0020F058030035
:1031C000EC3A0020CCA1030014740300F064030067
:1031D0004067030010B5044C2046F7F7E3FD204696
:1031E000F4F75CF810BD00BF0932020008B50548CD
:1031F00011F039FE18B1FFF7EDFF002008BD6FF0A8
:103200001200FBE78059030038B504460C48F6F776
:1032100087F800280CDB0A2C0CD0E1B2084DAB6813
:103220005B6828469847212200232846F6F7B8F91C
:10323000204638BD024883685B680D219847ECE75B
:1032400080590300EFF31182402383F31288BFF308
:103250006F8F0A4BD3F800316BB1084BD3F80805D8
:10326000C0B20021C3F80011D3F8003182F31188F5
:10327000BFF36F8F70476FF00A00F7E700D0004090
:10328000F0B586468578C478EFF3118C402383F33C
:103290001288BFF36F8F067833464778AD1B254001
:1032A000AA4200D9AAB2B01820408EF800008CF3D0
:1032B0001188BFF36F8F084607E00EEB03025279C7
:1032C00000F8012B01332340624602F1FF3C1FFA54
:1032D0008CFC002AF1D1BE420ED1EFF311834022C3
:1032E00082F31288BFF36F8F9EF800208EF80120C2
:1032F00083F31188BFF36F8F401A80B22D1A9EF8A6
:103300000430AB4202D3024B01221A60F0BD00BF71
:1033100000D00040F8B514460069304A904208D108
:103320000D4613F0010F11D122462D48FFF7A8FFDB
:10333000F8BD2C4C4FF4817322462B492B480CF0DE
:10334000C0FB4FF4817120460CF0B2FB0CB9204653
:10335000EEE7EFF31186402383F31288BFF36F8FFC
:103360000D20F7F7A5F907460D200DF0F4FA86F3C6
:103370001188BFF36F8F1E4B0022C3F80021D3F8D2
:10338000002101221A601B4B4FF40052C3F8802128
:1033900026460AE0EFF31180402383F31288BFF33F
:1033A0006F8F0DF0F7FA00E08EB1114BD3F80031BA
:1033B000002BEFD0FFF746FF0E4B4FF40052C3F83F
:1033C00080210028F0DB013EB6B2A855ECE7002FC3
:1033D000BDD00D200DF0BAFAB9E700BF583B002070
:1033E000883B0020A0A20300D4A20300F0640300E5
:1033F00000D0004000E100E010B5FFF723FF0028F7
:1034000006DBC4B221460A480FF0DFFC002800DBCF
:1034100010BD214607480FF0D8FC002803DB064802
:1034200005F000FAF4E7054B01225A60F7E700BF08
:10343000883B00209D3B0020703B002000D00040D6
:10344000F8B50F4614460269184B9A4212D0184C30
:10345000E4232246174918480CF033FBE4212046A8
:103460000CF026FB4FF0FF324FF0FF3306F118004F
:1034700005F01EFABCB10D4E4FF0FF324FF0FF3396
:10348000304605F015FA2246394606F14500FFF7A9
:10349000F7FE0546304605F0C5F9002DE2D0641B65
:1034A000A4B22F44E6E70020F8BD00BF583B00203F
:1034B000A0A20300D4A20300F064030010B50269C7
:1034C000204B9A4230D11F4C01221146204611F068
:1034D000C4FD0122002104F1180011F0BEFD0422F8
:1034E000082104F145000FF083FC0C22102104F1A7
:1034F00030000FF07DFC144BD3F8042522F00102BC
:10350000C3F804250024C3F80041D3F800210121A9
:10351000C3F80413196022460D20F7F7D7F80D20E1
:103520000DF014FA204610BD084C4FF4A373224648
:10353000074908480CF0C5FA4FF4A37120460CF077
:10354000B7FA00BF583B002000D00040A0A2030003
:10355000D4A20300F0640300F0B583B030B10F468D
:10356000164671B14FF48065002420E01A4C1823F0
:1035700022461A491A480CF0A4FA182120460CF0E9
:1035800097FA154C19232246164915480CF099FA5A
:10359000192120460CF08CFA01AB2A46391900207B
:1035A00009F0D8F970B9019BAB420FD12C44A64267
:1035B00005D9331BB3F5806FEED21D46ECE708D07A
:1035C000162001E06FF0150003B0F0BD6FF015009C
:1035D000FAE70020F8E700BF24A3030054A3030088
:1035E000F064030068A30300024B0B600123136027
:1035F000704700BFBCA603000048704700A6030048
:1036000038B504460569F5F78BFE031E06DB204638
:103610000FF074FC95F8303033B138BD044A012105
:1036200004480CF0A7FDF2E720460CF08AFEF4E710
:1036300098A30300745C030008B50069054B994228
:1036400000D008BD18304FF0FF324FF0FF3305F0C7
:103650002FF9F6E70000AD0B10B50446036993F8A7
:10366000303043B1206905F0DDF82046F5F7ECFD78
:10367000031E03DB10BD0CF073FEF3E7024A0121C9
:1036800002480CF077FDF5E7BCA30300745C03006F
:1036900000293DD010B584B013468C464A6862B10B
:1036A00011685468DCF8080050B10268406848B1FD
:1036B00044B1A0422FD1601C06E011460024F1E77E
:1036C0000246002020440130092816D89CF800400A
:1036D0008DF808408DF8090001208DF80A008DF85A
:1036E0000B0000208DF80C008DF80D3002A803F0BF
:1036F0003DFD0FF0EAFB04B010BD9CF800300090D7
:10370000064A022106480CF040FD6FF01500F2E772
:103710006FF0150070476FF01500ECE7E0A30300B1
:10372000745C030070B590B006460DF1280C194C7E
:103730000FCCACE80F0094E803008CE803000023F2
:10374000019302930393AB238DF80430124D04A927
:1037500028460FF0A1FB0AA928460FF06CFB0120B8
:1037600003F0E6FD044604A928460FF064FB0B4B6A
:103770009C4203D06FF0040010B070BD002201A97C
:103780003046FFF785FF0028F6DB232011F065FBAC
:103790000020F1E71C5E0300009002400000AD0B2A
:1037A00038B50446456803F057FD094B98420BD1E4
:1037B00020460FF015FC002805DB03F08DFD0121EC
:1037C000686B0FF022FC38BD6FF00F00FBE700BF05
:1037D0000000AD0B38B5044645680021686B0FF05A
:1037E00014FC00280ADB22690649284603F08AFCFB
:1037F000054B984203D12046FFF794FF38BD6FF088
:103800000400FBE70F2F03000000AD0B2DE9F0478C
:1038100082B007460D461446D0F8048000210FF010
:103820007EFB814610B3484602B0BDE8F08703F046
:1038300043FE0646A2460FE0B4F5805F02D3C5F30F
:103840000B0333B300942B46204A012120480CF08F
:103850009CFC4FF0000A1F4E31463846FFF7ECFE45
:103860001D4B9E421DD15544A4EB0A0424B3D8F845
:103870002C30A342DBD0B4F5803FDDD3ABB2002BBC
:10388000DAD12946012003F0A9FD06464FF4803A1B
:10389000E2E72946002003F0A1FD06464FF4805AD6
:1038A000DAE700942B460D4A012109480CF06DFC23
:1038B00030460FF00AFB8146012138460FF02FFBFE
:1038C000B9F1000FAFD18146ADE700BF04A40300FA
:1038D000745C03000400AD0B0000AD0B24A40300D6
:1038E00070B582B015464268C1F30B031BBB064698
:1038F0000C461DB3C5F30B031BBB002911DB4B1991
:10390000D26A93420DD8FFF77BFE2A462146304605
:10391000FFF77CFF04463046FFF79EFE204602B0CC
:1039200070BD00952346084A012108480CF02DFC83
:103930006FF01504F2E76FF01504EFE76FF0150470
:10394000ECE76FF01504E9E744A40300745C03009E
:103950002DE9F04182B005460E46174698460A46C4
:1039600004210DEB010011F067FA044601462846D8
:10397000FFF762FE0B4B9C4203D0204602B0BDE82D
:10398000F0814246394601A811F003FF3246042176
:103990000DEB010011F04BFA044601462846FFF7F3
:1039A0004BFEEAE70000AD0B2DE9F04383B0814602
:1039B000884617461E46114CE6B1104B9C4219D161
:1039C0003546042E28BF04252A46394601A811F0A1
:1039D000E0FE4246294601A811F029FA04460146B4
:1039E0004846FFF729FE054B9C42E5D1761B2F4444
:1039F000A844E1E7204603B0BDE8F0830000AD0B2A
:103A00002DE9F04182B00E464168002A5BD00446A1
:103A10001D469046002B59D0042B02D913F0030FFA
:103A200057D116F0030F57D1002E2FDB7319CA6A36
:103A300093422BD82046FFF7E3FD002120460FF0EC
:103A40006EFA0746A0B9032D2AD908F06043B3F1F6
:103A5000005F02D118F0030F2AD02B4642463146B0
:103A60002046FFF7A1FF054628460FF02EFA07462D
:103A7000012120460FF053FA05462046FFF7ECFDE2
:103A800007B13D46284602B0BDE8F08100953346B7
:103A9000134A012113480CF078FB6FF01505F1E78C
:103AA0002B46424631462046FFF752FF0546DBE7EC
:103AB00032462946404611F0BAF9054601462046ED
:103AC000FFF7BAFDD0E76FF01505DBE76FF01505DE
:103AD000D8E76FF01505D5E76FF01505D2E700BF01
:103AE00090A40300745C03002DE9F04F87B0824678
:103AF0000E4617464A4201F0030402F0030258BF83
:103B00005442C4F10404624204F0030402F00302CC
:103B100058BF54429C4200D91C467A4207F0030524
:103B200002F0030258BF5542C5F104056A4205F090
:103B3000030502F0030258BF55429D4200D91D46BD
:103B400001941A1B02F0030B22F0030929465B1BA8
:103B500023F00303994502DDA2EB030B9946B9F16B
:103B6000000F09D1DFF8A08004BBBBF1000F35D1F5
:103B7000404607B0BDE8F08F7B18CDF80C90A21935
:103B800049460293184611F057F9804601465046BF
:103B9000FFF752FD1C4B9845EAD1AC42E4D0039AA2
:103BA0000299019BF81811F002FEDDE7C4F104024E
:103BB000B21A042104A811F03FF98046014650468C
:103BC000FFF73AFD104B9845D2D1019AC2F104019A
:103BD00004AB1944384611F0DCFDC6E7A2194A448B
:103BE000082104A811F028F9804601465046FFF745
:103BF00023FD054B9845BBD1019848445A4604A97A
:103C0000384411F0C6FDB3E70000AD0BF0B583B04A
:103C10001D46436822B304460E4617461DB30029CD
:103C200014DB4A19DB6A9A4210D8FFF7E9FC2B46ED
:103C30003A4631462046FFF757FF05462046FFF734
:103C40000BFD28460FF041F903B0F0BD0095334657
:103C5000064A012106480CF098FA6FF01500F3E7C8
:103C60006FF01500F0E70020EEE700BFDCA40300D2
:103C7000745C030010B586B00023ADF81430531EF9
:103C8000DBB2012B21D80446012A12D18DF8141081
:103C900005AB0393049200230093019302938DF8E4
:103CA000002003AB01936946FFF7F2FC48B106B070
:103CB00010BD074A012107480CF052FA6FF01500B9
:103CC000F5E720460FF07EF9F1E76FF01500EEE71B
:103CD00028A50300745C0300F0B583B000AF05466F
:103CE0004268537F023BDBB2012B0AD9137F042BBE
:103CF00019D0032B19D0022B01D0002302E001239D
:103D000000E001231E46012128460FF033F9041E6E
:103D10000DDBE1B2C4F38014B4420FD1002420467D
:103D20000C37BD46F0BD0123ECE70123EAE723464B
:103D3000334A012133480CF01DFAF0E7012281F0EB
:103D400040012846FFF796FF041EE8DA06B32E4925
:103D50006E4600233B7102237B718AB06D4615F1DC
:103D6000100217D012201AB1042801DD274B6B6115
:103D700000233B7002237B70CAB10346082800DD94
:103D8000A9610C2B00DDEC6105F1200300210CE0A2
:103D90001F49DDE76FF00040E5E701F1080CBC4486
:103DA0001CF808CC03F801CB01310129F5D9112801
:103DB00022DD122342B10421397100217971B971D8
:103DC0000121F9717868286100216FF300016FF318
:103DD00041016FF382016FF3C501012060F3881187
:103DE000C3F30A0363F353216FF31F510023054804
:103DF000F4F7A8FDB54692E76FF01B03DAE700BFC2
:103E000078A50300745C03007C90030088A5030080
:103E100070A503002DE9F04782B000AF0446456865
:103E200002693E49284603F06DF90FF04EF800286C
:103E300014DB2046FFF776FC00280FDB391D2046F7
:103E40000FF084F8002809DB0322391D05F130004A
:103E500011F00AFC30B92046FFF73EFF0837BD4697
:103E6000BDE8F08797F8049097F80580BE7995F83B
:103E700030E095F831C095F832406D468CB06B4615
:103E800013F1100244D02020E2B10146042803DDE2
:103E9000DFF88CA0C3F814A0082901DDC3F818903E
:103EA0000C2901DDC3F81C80102900DD1E621429D5
:103EB00001DDC3F824E0182901DDC3F828C01C295E
:103EC00000DDDC621F2826DD20243AB1082139708C
:103ED00000217970B970F9703868186100216FF3AA
:103EE00000016FF341016FF382016FF3C5010123FC
:103EF00063F38811C4F30A0363F353216FF31F5173
:103F000000230848F4F71EFDAD466FF01200A5E748
:103F10006FF00040B8E76FF01B04D6E70F2F0300E7
:103F20009CA50300745C030038B505464368002176
:103F3000586B0FF06AF8041E10DB002201212920C3
:103F4000F6F7C4FB2846FFF765FF044603F03CFA8A
:103F500030B92846F5F784FB031E04DB204638BD44
:103F600003F00CFAF5E7034A012103480CF002F9CB
:103F7000F4E700BFD0A50300745C0300034BD3F843
:103F8000003413F0010FF9D0704700BF00E001408A
:103F9000024B0B6001231360704700BFAC3B002055
:103FA00000487047C0A703000F2A0BD8D0F810357F
:103FB00023F01F03520099B101210A431A43C0F8AC
:103FC0001025704710B5074C40F249532246064968
:103FD00006480BF076FD40F2495120460BF068FD93
:103FE0000021EAE7C4A60300F8A60300F06403007A
:103FF00038B50FF03AF818B34FF08043D3F81045B6
:1040000014F00103DDB2C4F3430401D1002038BD34
:10401000224600214FF08040FFF7C6FF4FF080435B
:10402000D3F808311BB9074B1D700020EFE722467B
:1040300001214FF08040FFF7B7FF6FF08B00E6E7FC
:104040000020E4E7B24D002008B5084B1B7803B907
:1040500008BD4FF08040D0F81025C2F34302012183
:10406000FFF7A2FF014B00221A70F1E7B24D0020CA
:1040700000B587B002AB002202920392049205922F
:104080000390049101228DF81420064A00920193B6
:10409000054801F0DDFE684601F0E0FE07B05DF87E
:1040A00004FB00BFBB300300645E010000B587B0B5
:1040B00002910390049201238DF81430064B009373
:1040C00002AB019341F64C5001F0C2FE684601F08C
:1040D000C5FE07B05DF804FB3331030070B582B054
:1040E0000E46154610F0A8FD0446294630460EF04F
:1040F000D0FF48B3B6FBF4F304FB136353B9B5FB2D
:10410000F4F304FB13532BB9AC420DD90024204621
:1041100002B070BD00953346154A012115480CF0D8
:1041200034F86FF01504F2E74FF0FF324FF0FF3331
:10413000114804F0BDFB10F07DF978B929463046EE
:104140000EF0E8FF04460EE0009533460B4A0121CD
:1041500008480CF01AF86FF01504D8E729463046E5
:10416000FFF786FF0446044804F05CFBCFE700BF7E
:1041700024A70300FC5B0300B43B002044A703001A
:10418000F0B583B00C4616461D46194620460EF083
:1041900080FF48B114F0030710D115F0030F0DD1C3
:1041A000B5B9384603B0F0BD00952346164A012143
:1041B00016480BF0EAFF6FF01507F2E7009523466B
:1041C000134A012111480BF0E0FF6FF01507E8E7F3
:1041D0004FF0FF324FF0FF330E4804F069FB10F050
:1041E00029F948B12A4631462046FFF75FFF0746C6
:1041F000084804F017FBD4E72A46314620460EF063
:10420000C5FF0746F4E700BF44A70300FC5B0300BB
:1042100064A70300B43B002070B582B00D4616467B
:104220001C46194628460EF034FF18B164B9002028
:1042300002B070BD00942B46074A012107480BF0DD
:10424000A4FF6FF01500F3E722462946304611F02F
:10425000A0FA0020ECE700BF44A70300FC5B0300CA
:1042600010B501221146074810F0F7FE01F0E6FDF7
:1042700010F0E6FC044C206010F0DEFC60600020D2
:1042800010BD00BFB43B0020AC3B002028B101288A
:1042900001D103487047002070470248704700BFB3
:1042A000085903002059030070B569B10446164649
:1042B0000D464B68B3B1036813B30EF088FF50BBD3
:1042C000FEB96FF0150022E0164C3A23224616493B
:1042D00016480BF0F6FB16480BF0F3FB3A2120468C
:1042E0000BF0E6FB0F4C3B23224612490F480BF024
:1042F000E8FB11480BF0E5FB3B2120460BF0D8FB17
:1043000032B123682B602560636843B1002070BD23
:104310006FF01500FBE7002EF3D10020F7E7656092
:104320000020F4E7C8A7030004A80300F06403001A
:1043300010A8030020A8030034A8030038B50546E0
:10434000046820460EF053FF40B104F01F032B60B9
:1043500064091DD0012C0ED10F4838BD0F4C40F21E
:10436000693322460E490F480BF0ABFB40F269312E
:1043700020460BF09DFB094C40F2723322460A495D
:1043800008480BF09EFB40F2723120460BF090FB88
:104390004FF0A040E1E700BF000300504CA803002D
:1043A00080A80300F06403004067030070B50E4668
:1043B0001546016821B10C68ACB1A1B90C4612E0F8
:1043C0000C4610E0114C5D232246114911480BF0B8
:1043D00078FB11480BF075FB5D2120460BF068FB64
:1043E000234621461C4681B18A682A4004D04B6886
:1043F000002BE7D030469847002CF1D02368002BE3
:10440000EFD0002CEDD12346EBE770BDC8A7030029
:10441000A4A80300F064030034A803002DE9F047CA
:1044200086B0884615469946446801F01F07237BED
:1044300047EA431720460EF0ECFE002853D0B5F5AE
:10444000001F2AD00DF10C0A002603960496494657
:1044500028460EF01BFF8DF80C0000960196029680
:10446000CDF804A0A36823FA08F313F0010F02D1DA
:10447000B5F1A07F18D010346A463946204610F0B6
:104480008EFB1C4B984231D101223946204610F058
:10449000AAFB002006B0BDE8F087394604F1100001
:1044A00010F0A5FB0020F5E738460EF00BFF0028C2
:1044B000E1D104F110050DF117023946284610F03C
:1044C0007AFB0D4B984203D00DF117030493D2E70A
:1044D0000DF11701284610F082FB064B9842F3D0ED
:1044E0006FF00B00D6E76FF08500D3E76FF0150093
:1044F000D0E700BF0000AD0B0400AD0BF0B589B0F4
:104500000F461446456801F01F062B7B46EA43160A
:1045100010460EF083FE8DF81E0040F20633234055
:10452000B3F5837F54D016D8062B4DD006D9B3F5FA
:10453000807F0DD101238DF81D3024E003B3022BC1
:1045400003D104238DF81D301DE06FF0150039E014
:104550006FF0150036E040F2022293423CD0B3F5F2
:10456000407F03D103238DF81D300CE0B3F5007FAD
:1045700003D102238DF81D3005E06FF0150021E016
:1045800000238DF81D3014F4002F29D06A68012310
:10459000BB40C2F8083528460EF03BFE48B3103544
:1045A0000DF11F023146284610F005FB074614F4B2
:1045B000403F37D13146284610F009FB434B9F421C
:1045C0006ED0002009B0F0BD06238DF81D30DAE76B
:1045D00007238DF81D30D6E705238DF81D30D2E76F
:1045E00014F4802FD7D06A680123BB40C2F80C3581
:1045F000D1E7C4F340438DF8083014F4803F0CBF7A
:10460000012300238DF81030002401940DF11D03C7
:1046100000930DF11E0304AA02A930460EF062FEBB
:104620002046CFE702AA0023029303930493059345
:104630000693059204AA3146284610F0B0FA234B9F
:1046400098421DD114F4003F1DD09DF81D308DF807
:10465000103014F4803F0CBF012300238DF811307B
:104660009DF81E308DF81230002304AA31462846EA
:1046700010F099FA154B9842A0D06FF01500A1E701
:104680006FF015009EE700230493059306930DF148
:104690001E03049304AA3146284610F080FAE9E785
:1046A0009DF81F10284610F096FA084B984201D149
:1046B000002087E7064CAB232246064906480BF04C
:1046C00000FAAB2120460BF0F3F900BF0000AD0B60
:1046D000B0A80300DCA80300F064030010B5446830
:1046E00020460EF096FD08B9002010BD103420467B
:1046F00010F069FA08B10020F7E70021204610F019
:104700005EFA094B98420BD100220849204610F06E
:104710004EFA002205210620F5F7D8FF0020E4E735
:104720006FF00400E1E700BF0000AD0B9D33030014
:1047300038B50546046820460EF058FE40B104F036
:104740001F032B6064091DD0012C0ED10F4838BD0A
:104750000F4C40F2693322460E490F480BF0B1F975
:1047600040F2693120460BF0A3F9094C40F2723354
:1047700022460A4908480BF0A4F940F2723120465B
:104780000BF096F94FF0A040E1E700BF00030050A6
:104790004CA8030080A80300F064030040670300F6
:1047A000F0B583B001900C4617461E4601A8FFF7EE
:1047B000BFFF019901F5E07150F82130094D1D400E
:1047C00044EA470444EA86039DF8202043EA022392
:1047D0009DF8242043EA02432B4340F8213003B0E4
:1047E000F0BD00BFF0F8FCFF2DE9F04F85B080462A
:1047F00089460392002421E04FF0FF3634E0039B0A
:10480000C3F80C65012702973946B6F1FF3F13D074
:10481000B1F1FF3F6AD158F80A3013F4004F69D163
:10482000029D00220192CDF800B0C3F341233A4625
:1048300029463046FFF7B4FF0134E4B24C455BD261
:104840004FEA840A58F82430C3F3C725C3F3C322C0
:10485000C3F3080615F0080552D12C4911F802B02F
:1048600040F2FF129642C7D05B0C062B4BD801A238
:1048700052F823F0FF47020091480200A1480200CD
:10488000AF480200BF480200CF480200DD480200E6
:10489000039BC3F814652F4602954FF0FF31B4E730
:1048A000039BC3F80865012702973946ADE7039BD0
:1048B000C3F810652F4602954FF0FF31A5E7039B23
:1048C000C3F808652F460123029300219DE7039B4F
:1048D000C3F80C6501270297002196E7039BC3F8F4
:1048E00010652F4602954FF0FF318EE730460EF0EF
:1048F000ABFD90E7012794E7002005B0BDE8F08FFD
:104900006FF01500F9E76FF08500F6E764A9030082
:1049100043681A68B1F5164F6FD03AD8B1F5165FF3
:104920006ED00AD9B1F5E14F75D024D947F61223DC
:1049300099422BD14FF4000313E0B1F5966F61D08B
:1049400007D9B1F5166F63D0B1F5965F10D13C4B26
:1049500007E0B1F5967F58D0B1F5167F05D14FF439
:104960001C33C2F82435002070476FF015007047E3
:104970006FF015007047B1F5615F4ED0B1F5964FFD
:1049800001D1304BEDE76FF0150070476FF0150067
:104990007047B1F5613F42D009D9B1F5612F46D0DA
:1049A0001FD9294B994248D14FF08053D9E7B1F52F
:1049B000963F37D005D9B1F5E13F0FD14FF0EB73FA
:1049C000CFE74DF6C02399422ED0B1F5614F02D109
:1049D0004FF46B03C5E76FF0150070476FF01500DB
:1049E00070471A4B994225D0B1F5E12F02D14FF013
:1049F000E863B6E76FF0150070474FF41D03B0E7AA
:104A0000134BAEE74FF49E23ABE74FF4A033A8E778
:104A10004FF41D23A5E70F4BA3E70F4BA1E74FF082
:104A20006C739EE70D4B9CE74FF4650399E74FF0DD
:104A3000706396E74FF0806393E76FF0150070475F
:104A400000B0130000A04E0040420F0090D00300C1
:104A50000050270000C0750000F03A0000903A01B5
:104A6000F8B505460E46076910F0E4FB10B9114B86
:104A70001B787BB9EFF31184402383F31288BFF3D3
:104A80006F8F28460EF082FD40B984F31188BFF382
:104A90006F8FEFE728460EF057FE04463B691E7005
:104AA0000122396928460EF074FE84F31188BFF3A1
:104AB0006F8FF8BDB64D002038B505460C4601F1A4
:104AC000180002F037F80C4B98420DD105F10C029A
:104AD00005F59071207E01F0DBFB237E01209840DC
:104AE00001F0D0FB002038BD044A012104480BF03E
:104AF00037FB6FF00400F6E70000AD0B6CA9030074
:104B00008C5C030021F07F4100F5A870014B43F855
:104B100020107047001001404FF480338340024A58
:104B2000C2F84433704700BF001001404FF4803397
:104B30008340024AC2F84833704700BF001001406A
:104B4000014BD3F804057047001001402DE9F843EC
:104B5000054689469046FFF7E9FF28460EF00EFF0E
:104B60004E46032710E0FFF7EBFF044649460EF0E0
:104B7000F4FEB0F5000F26D928460EF0FFFEB8F17E
:104B8000000F22D13E19013731462846FFF7BAFF00
:104B90002846FFF7C1FFFFF7D3FF0446C11C30468C
:104BA0000EF0DBFE0A4B98420AD928460EF0D9FED9
:104BB0000028D8D1B8F1000FE4D06FF0150000E064
:104BC0000020BDE8F8830020FBE76FF01500F8E750
:104BD000FDFF7F00034B044AC3F80823C3F84823B2
:104BE000704700BF0010014003000F00B1F5805F67
:104BF00002D2C0F80815704710B5064C4FF4CD73BB
:104C00002246054905480AF05CFF4FF4CD71204665
:104C10000AF04EFF04AA030038AA0300F064030060
:104C20004FF480338340144AD2F80423134201D155
:104C30000020704710B5044601238340DB430F4931
:104C4000BFF35B8F51E8002F02EA030041E8000C3C
:104C5000BCF1000FF6D1BFF35B8F22FA04F313F01F
:104C6000010F03D120460EF07CFE18B120460EF055
:104C700085FE012010BD00BF00100140E43B002074
:104C800010B5012383406FEA030C0E4ABFF35B8F1C
:104C900052E8001F01EA0C0E42E800E4002CF7D1B4
:104CA000BFF35B8F4FF4803282400748C0F808237F
:104CB000BFF35F8FBFF36F8F0B4214BF0120002043
:104CC00010BD00BFE83B00200010014038B514467D
:104CD000104619460EF05EFE02460D490B68E01ABA
:104CE0001B184C6844F100040B604C60A2F50013E3
:104CF000B3F5400F09D2074B1B68190A1B06D418DD
:104D000041F10005044BC3E9004506F029FD38BD1B
:104D100048270020EC3B00205027002001B97047B5
:104D200001238340114ABFF35B8F52E800CF4CEA66
:104D3000030C42E800C10029F7D1BFF35B8F4FF4A9
:104D4000803383400A4AC2F80433BFF35B8F094BB8
:104D50001B68BFF35B8FC34013F0010FDFD0064B1E
:104D60004FF40032C3F80021D9E700BFE83B002030
:104D700000100140E43B002000E100E038B50D4B9D
:104D80001C68250A2406BFF35F8FFFF7D9FE034690
:104D9000001945F10001B3F5801F0AD2064BD3E993
:104DA0000023904271EB030303D210F1807041F1B4
:104DB000000138BDEC3B0020502700202DE9F047D2
:104DC00082B00446FFF72CFF10B902B0BDE8F087AF
:104DD000FFF7D4FF82460D460EF0DFFD0646154B69
:104DE00003EB0413D3E90289C24575EB09050BD225
:104DF000002530460EF0D5FD002DE6D00097424646
:104E00004B462046A847E0E70A4A230102EB04117B
:104E1000D5584F680020D0504FF0FF324FF0FF338D
:104E2000C1E902232046FFF781FE20460EF0A6FDD1
:104E3000DFE700BF3827002010B50D4BD3F804334F
:104E400013F0020F03D10024002C0BDD10BD022152
:104E500007480EF04CFD0028F5D0064A13680133D0
:104E60001360F0E72046FFF7A9FF0134ECE700BF2D
:104E700000100140EC3B00202DE9F04106461446AD
:104E80001D469DF82080104619460EF083FD07460A
:104E9000FFF774FFA04271EB050319D2201A65EBEE
:104EA00001011D4B984271F100012FD21B4B03EB06
:104EB0000613D3E90223AB4208BFA24201D100206E
:104EC00018E0424639463046FFF740FE90B11BE0FD
:104ED000B8F1000F1DD10123B340114ABFF35B8F1E
:104EE00052E8000F184342E800010029F8D1BFF34F
:104EF0005B8F0020094B320103EB0616C6E9024521
:104F000006999950079B7360BDE8F0816FF015001A
:104F1000FAE76FF01500F7E701008000382700205E
:104F2000E43B002030B585B0FFF754FE00211E4859
:104F3000FFF75CFE0023002B25DD1B4C0225C4F887
:104F400004531A4B4FF40032C3F880210022012190
:104F50001120F5F7BBFB11200BF0F8FC0123A36037
:104F60002360134A1360002402940194114B0093B0
:104F7000114A002320460EF017FD2846FEF7DCF804
:104F8000204605B030BD0D4A02EB03124FF0FF3052
:104F90004FF0FF31C2E902014FF480329A400249DA
:104FA000C1F804230133C6E70010014000E100E02E
:104FB000E83B0020CD4C0200FFFF7F003827002097
:104FC00010B584B0B0F1FF3F18D001281BDD154BA0
:104FD0009842A8BF18460446134B01221A70FFF7E7
:104FE000CDFE124B1A685B68801AB0F5000F0CD228
:104FF0000444B4F5000F09D30A4C07E00A4B002221
:105000001A70084CEBE70124E6E7064C0020121961
:10501000029001900649009143F100030EF0C4FC98
:1050200004B010BDFFFF7F00B54D002048270020D1
:10503000CD4C020008B5FFF7A1FE024B1B68C01A59
:1050400008BD00BF4827002008B502460B460248AD
:1050500003F024F908BD00BFCC09002008B50248C0
:1050600003F034FA08BD00BFCC09002008B504469F
:105070000D46094E4FF48B733246084908480AF032
:1050800020FD2A46214607480AF01BFD4FF48B718C
:1050900030460AF00DFD00BF60AA03004067030020
:1050A000F06403009CAA030010B583681B680BB171
:1050B000984710BD064C5B232246064906480AF075
:1050C00000FD06480AF0FDFC5B2120460AF0F0FCDA
:1050D000C4AA0300F8AA0300F064030018AB03009D
:1050E00010B50A4601460A48FFF7DEFF00B910BDB9
:1050F000084C4FF412732246074908480AF0E1FCB5
:1051000007480AF0DEFC4FF4127120460AF0D0FC8A
:105110006859030060AA0300506F0300F0640300A5
:1051200040AB030070B504460EF05EFC03462078E9
:105130001D4683B1002200232946F6F7BDF9064635
:1051400070B16278023221460C300DF059FD3046C4
:105150000BF0E9FE70BD4FF0FF324FF0FF33EBE78D
:10516000002DF7D1024A012102480AF0F9FFF1E7C8
:105170007CAB0300D45B030038B504464FF0FF322C
:105180004FF0FF330320F6F769F950B10546628806
:10519000043221460C300DF033FD28460BF0C3FEDF
:1051A00038BD034A012103480AF0DAFFF8E700BFDF
:1051B00098AB0300D45B030030B583B004464FF0D6
:1051C000FF304FF0FF31FFF73FFF10B1002003B079
:1051D00030BD0DF10701204600F0C8FA0546FFF783
:1051E0003DFF002DF2D19DF80730042B0AD0022B91
:1051F0000DD0082B10D00B4A01210B480AF0BAFF42
:105200000120E4E72046FFF78DFF0120DFE720467D
:10521000FFF7B2FF0120DAE720460EF009FC01207B
:10522000D5E700BFB4AB0300D45B030010B5014663
:1052300009480FF0F5FF002800DB10BD074C3023B4
:105240002246074907480AF03CFC07480AF039FCA7
:10525000302120460AF02CFCD82E0020F0AB0300B1
:1052600040670300F06403001CAC030008B502486B
:10527000FFF7DCFF08BD00BF383C002038B504460E
:105280004FF0FF304FF0FF31FFF7DEFE054608B16B
:10529000284638BDE068ECF78AF80546FFF7DEFEE1
:1052A000002DF5D00148FFF7C1FFF1E7383C0020A1
:1052B00038B505464FF0FF304FF0FF31FFF7C4FE21
:1052C000044608B1204638BDE86800F031FA0446CB
:1052D000FFF7C4FE002CF5D10148FFF7A7FFF1E767
:1052E000383C002090B589B000AF5449544803F0D1
:1052F00005FE00F0B7FB07F10C00DBF7D1FE6C46B2
:1053000000233B7102237B7188B0EC461CF1100234
:1053100014D00E2022B1042802DD4A4BCCF8143000
:1053200000233B7002237B70AAB1082802DD464BA4
:10533000CCF818300CF11C0300210AE06FF000409B
:10534000E8E701F1200EBE441EF820EC03F801EB63
:1053500001310129F5D90D283CDD0E234AB1032185
:10536000397100217971B9710121F9717868CCF82E
:10537000100000216FF300016FF341016FF3820110
:105380006FF3C501032060F38811C3F30A0363F3CD
:105390005321142363F31F5107F10C032B48F3F738
:1053A000D1FAA5462A480FF05EFDB0B1294BBB608B
:1053B00007F10800DBF7E6FE0346B0B94FF0FF3017
:1053C0004FF0FF31FFF740FE0446B0B120462437CE
:1053D000BD4690BD6FF01B03C0E71F4A01211B486B
:1053E0000AF0BEFE6FF01204F0E71C4A01211748D4
:1053F0000AF0C0FE6FF01504E8E719491948DBF719
:1054000013FE044678B941F64C537B60381DECF727
:1054100009F958B901233B703846ECF7FBF850B94D
:10542000FFF71CFED2E7FFF719FECFE7FFF716FEE6
:105430006FF08504CAE7FFF711FEF9E7153B03009B
:10544000383C0020D088030040AC0300D45B03004C
:1054500068590300E150020068AC030088AC030007
:10546000582700206D52020000B587B000208DF84B
:105470000C0003AA0121DBF721FD00283DDB0123FD
:105480008DF80C3003AA02210020DBF717FD00285D
:1054900033DB0823ADF80C3003AA07210020DBF72B
:1054A0000DFD002829DB1B238DF80D308DF80C3005
:1054B00002238DF80F3003218DF80E1003AA00206F
:1054C000DBF7FCFC002818DB01238DF80C3003AA65
:1054D00004210020DBF7F2FC00280EDB1F23ADF8CF
:1054E0000C3003AA06210020DBF7E8FC002804DBCF
:1054F00040F27973984203D8002007B05DF804FBAE
:105500000090084A012108480AF03FFE002383F377
:105510001188BFF36F8F0423184602DF6FF00B0072
:10552000EBE700BFACAC0300D45B030008B5064852
:10553000F7F7BEFE0548DBF771FC0EF0BFFA00B1CD
:1055400008BDFFF791FFFBE7FCAC03006D500200C4
:1055500008B50448FFF730FE00B908BD0248FFF760
:1055600065FEFAE7F03B0020383C002042F244039D
:10557000984239D842F24303984255D242F2260368
:10558000984229D842F20D03984218D240F20643BD
:1055900098424BD040F21D43984201D00120704701
:1055A00000207047A0F50150283880B2224BC3403C
:1055B00013F0010F01D10120704700207047A0F5C2
:1055C00000500D3880B21D4BC34013F0010F01D1C4
:1055D000012070470020704742F23203984201D008
:1055E000012070470020704742F2850398420FD88F
:1055F00042F268039842D5D242F26403984217D02F
:1056000042F26603984201D00120704700207047A3
:105610004FF6025398420DD04FF60A53984201D0EC
:10562000012070470020704700207047002070471D
:1056300000207047002070472F8000204112000397
:10564000F0B583B007460E464378057845EA032552
:1056500004238DF80630354B1C683CB10DF107036F
:105660000DF10602A0470446012821D1AB0AB5F589
:10567000105F0BD21AB2002A4BD0013B072B4AD83D
:10568000DFE803F02249272F3749493F3F2B07D155
:105690000DF10602314638460EF001FB044600E0EB
:1056A00001242846FFF762FF80F001008DF8070013
:1056B0009DF807300BB9012C2FD1224629463046E0
:1056C0000EF02CFA03B0F0BD38460EF08EFA044608
:1056D000E7E70DF10602314638460EF09DFA044622
:1056E000DFE70DF10602314638460EF08BFC04462A
:1056F000D7E70DF10602314638460EF02AFA044685
:10570000CFE70DF10602314638460EF0D4FC0446D0
:10571000C7E70124C5E70124C3E723469DF8062017
:10572000294630460EF003FACCE700BF483C002083
:105730004378017841EA03210A4B1B7873B910B50D
:1057400004460EF0FFF920B1064B01221A7000202A
:1057500010BD05492046FFF773FFF5E74FF0FF3016
:10576000704700BF4C3C00204D3C002038B50C4633
:10577000084B1B7813B9EBF724FE38BD054DAA780A
:105780000232691C10F005F80020287004232370F1
:10579000F3E700BF4C3C002010B583681B680BB1D9
:1057A000984710BD064C5B232246064906480AF07E
:1057B00088F906480AF085F95B2120460AF078F955
:1057C000C4AA0300F8AA0300F064030018AB0300A6
:1057D00038B505460C4608480FF045FB80F001033C
:1057E00013F0FF0F05D1A2B229460348FFF7D4FFFB
:1057F00038BD6FF01200FBE768590300884202D9F8
:105800008B18834204D9884205D283188B4202D870
:10581000531E194415E010B50B4C40F2B12322463B
:105820000A490B480AF04DF90A480AF04AF940F2D1
:10583000B12120460AF03CF911F8013900F8013B8A
:10584000013A002AF8D1704724AD030058AD030097
:10585000F0640300B0AD030008B502E04FF0FF3084
:1058600090B120210948FFF7B3FF60B92022084911
:1058700006480FF0F9FE0028F0D0044901F120009D
:1058800006F07CFCECE71F2008BD00BFA83C002010
:1058900018AE030070B5FFF7DFFF06464FF0FF328A
:1058A0004FF0FF330120F5F7D9FD054600F10C0458
:1058B00002212046FCF792FF3E23037042234370EF
:1058C00001212046FCF78AFF08230370412120466E
:1058D000FCF784FF0446067036B1402200210130F7
:1058E0000FF07FFF284670BD064E20223146013062
:1058F000FFF784FF2022B11804F12100FFF77EFF9B
:10590000F0E700BFC83C002008B540B1084909488D
:10591000024606F047FC034618B9002008BD0649B8
:10592000F5E7064A012106480AF024FC1220F5E7B3
:1059300018AE0300C83C0020A83C0020E4AD0300E2
:10594000CC5B030070B5FFF7DFFF05464FF0FF3279
:105950004FF0FF330120F5F781FD044600F10C06FE
:1059600002213046FCF73AFF3E23037022234370A6
:1059700001213046FCF732FF092303702121304614
:10598000FCF72CFF057035B12022FF2101300FF00C
:1059900028FF204670BD202202490130FFF72EFF6C
:1059A000F7E700BFC83C002010B5014609480FF0DA
:1059B00037FC002800DB10BD074C30232246074986
:1059C00007480AF07EF807480AF07BF830212046A5
:1059D0000AF06EF8D82E0020F0AB030040670300F9
:1059E000F06403001CAC030008B50248FFF7DCFFBD
:1059F00008BD00BF943C002008B5BFF35B8F164B79
:105A00001B68BFF35B8F022B1DD0042B1FD0012B13
:105A100006D0124A022112480AF0A2FB002001E03F
:105A2000FFF738FF0C4B0022BFF35B8F53E8001FDA
:105A300043E8002CBCF1000FF8D1BFF35B8F08B135
:105A40000BF071FA08BD0020FFF77CFFEAE70120A8
:105A5000FFF778FFE6E700BFA43C002008AE030094
:105A6000CC5B030008B50249024803F047FA08BDC1
:105A70006D430300943C002008B50A4B0122BFF39C
:105A80005B8F53E8001F002903D143E80020002862
:105A9000F7D1BFF35B8F03D1FFF7A6FF002008BD4E
:105AA0000C20FCE7A43C002038B50446E9B10422F0
:105AB000104BBFF35B8F53E8001F002903D143E86D
:105AC00000200028F7D1BFF35B8F10D10A4D2022B0
:105AD00021462846FFF792FE2022A118A818FFF7BA
:105AE0008DFEFFF781FF002038BD0222E0E70C2089
:105AF000FAE700BFA43C0020C83C002000B583B0FA
:105B00000EF048FC8DF800003223ADF8043000237D
:105B10008DF806308DF801308DF80230064A1921D3
:105B20006846EAF7ADFA10B103B05DF804FB012155
:105B30000248EFF74EFFF7E7415B0200083D002007
:105B400008B504460D46094E40F22D133246084969
:105B5000084809F0B6FF2A462146074809F0B1FF78
:105B600040F22D11304609F0A3FF00BF44AE030000
:105B700040670300F064030074AE030010B54FF0FB
:105B8000FF304FF0FF31FFF75FFA20B9F0F73AF836
:105B9000FFF764FA10BD054CB623224604490548B8
:105BA00009F08FFFB621204609F082FF44AE0300C2
:105BB0008CAE0300F064030030B583B00D4D0024BB
:105BC00000946FF009034FF480620B49284603F0FC
:105BD00033FB0A49284603F013FE0949094803F03C
:105BE0008DF9224604211920F4F770FD204603B0F8
:105BF00030BD00BFD82E0020805B00209CAE03008B
:105C00007D5B0200383D002010B5014609480FF0C9
:105C100007FB002800DB10BD074C30232246074954
:105C2000074809F04EFF074809F04BFF3021204696
:105C300009F03EFFD82E0020F0AB030040670300C0
:105C4000F06403001CAC030008B50248FFF7DCFF5A
:105C500008BD00BF383D002008B5024B1B6800207E
:105C6000984708BD483D002010B528B1012808D14B
:105C70000B48E7F7AFF810BD0A4B1B6801209847A7
:105C8000F9E7094C1C2322460849094809F019FF85
:105C9000084809F016FF1C21204609F009FF00BF43
:105CA000595C0200483D0020B4AE03004067030089
:105CB000F0640300F4AE030098B110B5012802D1DE
:105CC000E7F7DAF810BD074C2A23224606490748B1
:105CD00009F0F7FE064809F0F4FE2A21204609F0F3
:105CE000E7FE7047B4AE030040670300F0640300B2
:105CF000F4AE0300014B186001487047483D002096
:105D00000000AD0B024B01221A64D3F84005704726
:105D10000080004038B50E4B002283F829200D4A40
:105D20001A6303F12401187EEFF794FE00B938BD21
:105D30000446094D4D232A460849094809F0C1FE89
:105D40002146084809F0BDFE4D21284609F0B0FE65
:105D50004C3D0020FF3F420F04AF0300907503004D
:105D6000F064030040AF030038B52D4B1B7E834227
:105D700011D10C46BFF35B8F2A4B1B68BFF35B8FBF
:105D8000002B48D1092937D8DFE801F01036363624
:105D90003632322D3647244C552322462349244897
:105DA00009F08FFE5521204609F082FE1C4B1B6A2C
:105DB0001A68586890470346012805D01848C363FD
:105DC000022300F8343F12E01548012380F82930FF
:105DD00047F230530363032380F8343000F1240387
:105DE0008363343003E00E4802F01CFD002038BD10
:105DF000FFF790FF0020FAE70B4D81232A460D495B
:105E00000B4809F05EFE21460B4809F05AFE81213D
:105E1000284609F04DFE0020E9E70020E7E700BF33
:105E20004C3D00208C3D002004AF030064AF030014
:105E3000F06403004067030088AF030008B5012247
:105E4000002102480FF009F908BD00BF4C3D0020B9
:105E5000014BD861704700BF4C3D002038B5054666
:105E60004FF0FF304FF0FF31FFF7EEF800286CD114
:105E70005A495B48E6F7B6FD0446FFF7EFF8002CF9
:105E80006EDB584B002183F82410012283F8282070
:105E900083F82920DA696432DA6247F230521A63F1
:105EA0001D626FF07302DA6303F14002BFF35B8F90
:105EB00052E8000F42E80014002CF9D1BFF35B8FC9
:105EC0009B68002B55D14FF0FF304FF0FF31FFF7AB
:105ED000BBF8002858D1444911F80C0CEFF7BAFD73
:105EE000044600285BD1FFF7B9F8404A00233D483B
:105EF00002F0DEFC002810DA3D4A01213D480AF09C
:105F00002FF93D4B0122BFF35B8F53E8001F43E89D
:105F100000200028F9D1BFF35B8F4FF0FF304FF026
:105F2000FF31FFF791F8002848D12E4C207EEFF783
:105F300073FDFFF793F8BFF35B8F236CBFF35B8FA9
:105F4000002B46D1274BD86B38BD2C4CAE232246B4
:105F50002B492C4809F0B5FDAE21204609F0A8FDDB
:105F60002346294A012123480AF004F96FF00B0067
:105F7000EAE7224CC42322462449224809F0A1FD25
:105F8000C421204609F094FD1C4CC72322461C491D
:105F90001C4809F096FDC721204609F089FD174DE0
:105FA000C9232A461A49174809F08BFD214619488A
:105FB00009F087FDC921284609F07AFD0F4CD4234A
:105FC00022460F490F4809F07CFDD421204609F0F4
:105FD0006FFD204602F0FEFCB4E700BF643D0020E8
:105FE000695D02004C3D0020703D0020447B0B00A9
:105FF000F4AF0300045C03008C3D002004AF0300F9
:106000008CAE0300F0640300A0AF0300C8AF030030
:106010009075030040AF030010B50446FFF772FE11
:10602000B0FBF4F42044034BDB69984234BF0020FA
:10603000012010BD4C3D0020BFF34F8F0549CA68B9
:1060400002F4E062044B1343CB60BFF34F8F00BFF9
:10605000FDE700BF00ED00E00400FA05024BD3F8B5
:106060000034002BFAD0704700E0014008B5034B24
:10607000C3F80405FFF7F2FF08BD00BF00E00140D0
:1060800038B50EF0F1F940B14FF080430022C3F86B
:106090000C21C3F81021C3F838250EF0EFF90028C1
:1060A00046D04FF08052D2F804144E4BC3F820155E
:1060B000D2F80814C3F82415D2F80C14C3F8281524
:1060C000D2F81014C3F82C15D2F81414C3F83015F4
:1060D000D2F81814C3F83415D2F81C14C3F84015BC
:1060E000D2F82014C3F84415D2F82414C3F8481584
:1060F000D2F82814C3F84C15D2F82C14C3F8501554
:10610000D2F83014C3F85415D2F83414C3F860151B
:10611000D2F83814C3F86415D2F83C14C3F86815E3
:10612000D2F84014C3F86C15D2F84424C3F8702593
:106130000EF0AEF918B12C4B2C4AC3F88C260EF099
:10614000BAF918B12A4BFB22C3F818250EF0C6F98C
:1061500070B14FF08041D1F8E43E23F00F034FF0CF
:106160008052D2F8582202F00F021343C1F8E43EE5
:106170000EF0C7F920B11F4B4FF40072C3F8402650
:106180000EF0D2F960B14FF08043D3F8003413F031
:10619000010F05D04FF080436FF00102C3F80024D7
:1061A0000EF0DCF94FF01023D3F80032002B06DBA1
:1061B0004FF01023D3F80432002B00DB38BD012050
:1061C000FFF754FF4FF010241225C4F80052FFF7D8
:1061D00045FFC4F80452FFF741FF0020FFF746FFD8
:1061E000FFF72AFF00C00040005000404881030034
:1061F00000F000400090024010B50468CCB1B4FA41
:1062000084F3C3F11F03DBB201229A4024EA0202A5
:10621000BFF35B8F50E800CFA44504D140E8002EC7
:10622000BEF1000FF6D1BFF35B8FE6D10B700248D1
:1062300010BD0248FCE700BF0000AD0B0200AD0B33
:106240000368CB4013F0010F15D100B5026801239C
:106250008B401343BFF35B8F50E800CF944504D1CC
:1062600040E8003EBEF1000FF6D1BFF35B8FEDD1E9
:1062700002485DF804FB0248704700BF0000AD0B08
:106280000400AD0B014BC3F80405704700F001405A
:10629000034BA23043F8301003EBC0035A60704741
:1062A00000F0014000B583B084468E460D4B93E864
:1062B000030002AB03E9030063460BE002A901EB14
:1062C000830151F8081CD1F8200542F8040BC1F8ED
:1062D000200501330CEB0E009842EFD803B05DF8B7
:1062E00004FB00BF345E03004309034AD35C00F0A3
:1062F0001F001844C0B27047CCB00300004870477C
:10630000C007002030B583B005460191002400E0AD
:106310000134012C18D80E4B1B5D03F0070202A9B3
:1063200001EBD30313F8043CD34013F0010FEFD07B
:1063300005EB840201212046FFF7B4FF55F8243015
:10634000002BE5D0012000E0002003B030BD00BFED
:10635000DCB0030038B50546046820460EF067F946
:1063600040B104F01F032B6064091DD0012C0ED135
:106370000F4838BD0F4C40F2693322460E490F4892
:1063800009F09FFB40F26931204609F091FB094C6E
:1063900040F2723322460A49084809F092FB40F263
:1063A0007231204609F084FB4FF0A040E1E700BFC6
:1063B000000300504CA8030080A80300F064030011
:1063C000406703002DE9F04184B005460C461646AF
:1063D0001F460846FFF788FF804656B321462846E9
:1063E0000EF086F928B1214628460EF041F9002822
:1063F00041D1214628460EF04AF910B17378012B9D
:1064000039D001238DF80F30002301930096B31C7F
:10641000721C0DF10F0120460EF026FA2879FFF7C5
:106420006DFF08F1080230F8123043F0030320F842
:106430001230002F39D0214628460EF059F9002895
:1064400035D13E782B6806F5A272002143F8221060
:106450002879FFF753FF08F1080230F8123023F0D3
:106460002003DB04DB0C20F812307B782BB91148B9
:1064700004B0BDE8F0811048FAE7BA7800922246ED
:10648000314628680EF097F82879FFF737FF024663
:1064900008F1080032F810307603B6B2334343F007
:1064A000200322F810300348E2E70248E0E7024800
:1064B000DEE700BF0000AD0B0400AD0B00B583B0FC
:1064C000019001A8FFF746FF019A02F5E07250F82B
:1064D0002210044B0B4043F0020340F8223003B07B
:1064E0005DF804FBF0F8FCFF70B59AB105460C4668
:1064F00016460EF0BDF8D0B12879FFF7FFFE05462D
:106500002046FFF7F1FE083035F810305B0B337092
:1065100008480DE0084C40F20D3322460749084870
:1065200009F0CFFA40F20D31204609F0C1FA0548D2
:1065300070BD00BF0000AD0B0CB003004CB00300F9
:10654000F06403000400AD0B072803D8800000F5B9
:106550008070704710B5064C40F2AA3322460549B8
:10656000054809F0AEFA40F2AA31204609F0A0FA37
:1065700058B0030090B00300F0640300F8B504467F
:106580000D4616460EF083F8E0B12368D3F80423D5
:10659000002A03DB4FF00042C3F8042329462046BB
:1065A0000EF066F820B1294620460EF0A1F8B0B9E9
:1065B0008EB3294620460EF039F9014628460EF0E2
:1065C000AFF9F8BD1A4C40F2FA33224619491A487D
:1065D00009F077FA40F2FA31204609F069FA2946C3
:1065E00020460EF08EF805462768FFF7ADFF002322
:1065F0003B503B58226805F5A27152F8213043F018
:10660000010342F82130002EDBD022680123AB4089
:10661000C2F80433D5E7064C40F20E432246074940
:10662000054809F04EFA40F20E41204609F040FAC2
:106630000CB003009CB00300F0640300C0B0030082
:1066400070B505460846FFF74FFE04462879FFF768
:1066500055FE04F1080330F8133013F4807F0BD09B
:10666000C3F34326083423F4F85320F8143031469A
:1066700028460EF059F800B170BD2879FFF73EFEAC
:10668000002340F836302879FFF738FE314678305D
:10669000FFF7D6FD074B9842EED0074C4FF4DC7362
:1066A00022460649064809F00CFA4FF4DC712046F0
:1066B00009F0FEF90000AD0B0CB00300DCA80300EC
:1066C000F06403002DE9F04182B005468846164685
:1066D0001F46FFF7B5FFAEB33A46314628460EF0E7
:1066E00040F8041E20DB2879FFF708FE40F83460EC
:1066F0002879FFF703FE00EBC40047602879FFF715
:10670000FDFD05464046FFF7EFFD083035F8103037
:10671000E4B26402A4B2234343F4807325F810303A
:10672000094802B0BDE8F0812879FFF7E7FD0DF1D7
:1067300007017830FFF760FD034B9842F1D19DF8D7
:106740000740D0E70048ECE70000AD0B2DE9F0432F
:1067500085B004460D4617460846FFF7C5FD0646B8
:10676000D7F80080B8F1000F28D0294620460DF058
:10677000AEFF00284FD100238DF80E308DF80F307A
:106780000193009343460DF10F020DF10E012846CF
:106790000EF06AF82079FFF7B1FD06F1080830F82D
:1067A000183023F0020320F818302079FFF7A6FDF7
:1067B00030F8183043F0010320F818307B68F3B14B
:1067C00093F80080D3F80490294620460DF070FF1E
:1067D00018B3B9F1000F65D12079FFF78FFD0836A6
:1067E00030F8163023F01C0320F816302079FFF71C
:1067F00085FD30F8163043EA880320F81630BA6871
:10680000002A53D05368126829462046FFF75AFFE2
:1068100005B0BDE8F0832648FAE72079FFF76EFD62
:1068200006F1080230F8123023F02003DB04DB0C01
:1068300020F81230B9F1000FCED0B8F1030F33D8E1
:106840007B685B6893F80090B8F1000F06D123686D
:1068500009F5A279002243F82920BDE740460DF052
:106860004FFF0346216809F5A27C51F82C2022F045
:10687000030241F82C202A46494620680DF082FE8A
:106880002079FFF73BFD06F1080230F812304FEA9D
:1068900049391FFA89F943EA090343F0200320F834
:1068A000123099E70248B3E70148B1E70148AFE782
:1068B0000400AD0B0000AD0B38B505460C460DF0DD
:1068C000C8FE08B9074838BD214628460EF038F8FA
:1068D000214628460EF0D3F82046FFF7EFFD024888
:1068E000F1E700BF0400AD0B0000AD0B70B582B046
:1068F00005460E460079FFF701FD90F8803013B190
:106900000B4802B070BD04466022002110300EF02A
:1069100068FF236F0093002332464FF00041286840
:106920000EF0D7F8012384F88030A3670148E8E728
:106930000C00AD0B0000AD0B2DE9F04383B0804699
:106940000F46002300930193C96F6846FFF7DAFCF6
:106950004BE094FAA4F4B4FA84F404F01F05254B38
:106960009B5D45EA43152846FFF7BEFC083037F823
:106970001090C9F382090DEB8603E00804F00704C8
:106980001A5C0121A14022EA01021A5428460DF0A6
:10699000FAFF03464A46294638460EF004F82846D0
:1069A0000EF037F802AB03EB860353F8084C002CCB
:1069B000CFD10136012E0DD80F4B9B5D07F17C0224
:1069C000D90803F00703525C22FA03F313F0010F16
:1069D000EFD0E7E73A6F4FF0004140460EF027F85E
:1069E000F96F6846FFF78EFC08B10026E2E703B0B6
:1069F000BDE8F083E0B00300DCB0030008B5024955
:106A000002480EF0B2F808BDC00700200060004048
:106A1000024B0022C3F80425704700BF00E001408C
:106A2000024B0122C3F80425704700BF00E001407B
:106A3000024B0222C3F80425704700BF00E001406A
:106A4000044BD3F8003413F0010FF9D00160BFF309
:106A50005F8F704700E0014010B504460EF0D3F898
:106A600084420CD3104C40F2071322460F491048C1
:106A700009F027F840F20711204609F019F82046DE
:106A80000EF0CAF808B90B4810BDFFF7D1FF0A4B4A
:106A9000C3F80845084BD3F8003413F0010FF9D0C0
:106AA000FFF7B6FF0548EFE7E4B0030040B103008D
:106AB000F06403000A00AD0B00E001400000AD0BE4
:106AC00038B504460D460EF09EF8844211D3A4F169
:106AD0001023B3F5427F0CD3124C40F2951322469B
:106AE0001149124808F0EDFF40F29511204608F0D8
:106AF000DFFF14F0030F08D1FFF792FF294620466D
:106B0000FFF79EFFFFF784FF38BD064C4FF4CB73B1
:106B100022460749054808F0D4FF4FF4CB712046C0
:106B200008F0C6FFE4B003005CB10300F0640300AA
:106B300078B1030008B501460148FFF75DFB08BDC9
:106B40004408002010B504460EF07EF810B1034B47
:106B500001225A650023C4F8003510BD00900240A0
:106B600038B50025064B83F83850064C0123C4F88D
:106B7000083323612046FFF7E5FFC4F8005138BD14
:106B8000903D00200090024010B58CB0EC46104CB7
:106B90000FCCACE80F0094E803008CE803000D4C28
:106BA00006A920460EF08BF8694620460EF056F8EE
:106BB0000023C4F8003101232360064BD3F80031D1
:106BC000002BFAD006A903480EF048F80CB010BD0F
:106BD0003C5E0300009002400A4B9A6802601A690A
:106BE00042609A698260DA683AB19A605A691A61B9
:106BF000DA699A610022DA607047024B00229A60DB
:106C0000704700BF903D0020034BD3F81C25026065
:106C1000D3F82035037170470090024008B50E4B41
:106C200093F83030032B0AD0042B0ED0022B00D067
:106C300008BD012300F8043BFFF7CEFFF8E702236D
:106C400000F8043BFFF7C8FFF2E7032300F8043B1A
:106C5000FFF7DAFFECE700BF903D00200A4B93F806
:106C60003030032B08D0042B0AD0022B00D0704701
:106C7000064B01229A607047044B01225A6070470C
:106C8000024B0122DA60F2E7903D002000900240C2
:106C900038B50546046820460EF0B5F840B104F05A
:106CA0001F032B6064091DD0012C0ED10F4838BD85
:106CB0000F4C40F2693322460E490F4808F001FF9D
:106CC00040F26931204608F0F3FE094C40F272337D
:106CD00022460A49084808F0F4FE40F27231204684
:106CE00008F0E6FE4FF0A040E1E700BF00030050CF
:106CF0004CA8030080A80300F06403004067030071
:106D000070B582B0044690F8293013B190F82A008B
:106D100080B96268FF2A79D0A168FF2978D0E1683C
:106D2000FF2977D02169FF2976D02BB194F82A006A
:106D3000002865D002B070BD019201A8FFF7A8FF3E
:106D4000019A02F5E07250F82230344E334040F29E
:106D500002352B4340F82230A368019301A8FFF7C6
:106D600097FF019A02F5E07250F8223033402B432E
:106D700040F82230E368019301A8FFF789FF019AE8
:106D800002F5E07250F8223033402B4340F82230B5
:106D90002369019301A8FFF77BFF019A02F5E072D6
:106DA00050F8223033402B4340F822306369FF2BE8
:106DB00014D1A369FF2BB9D0019301A8FFF768FF95
:106DC000019A02F5E07250F82210144B0B4043F484
:106DD000407343F0020340F82230A7E7019301A873
:106DE000FFF756FF019A02F5E07250F82210334681
:106DF0000B4043F4407343F0020340F82230D8E7DD
:106E0000211D07480DF02AFF012093E7002091E79C
:106E100000208FE700208DE700208BE7F0F8FCFFD3
:106E20000090024000B583B0019001A8FFF730FF49
:106E3000019A02F5E07250F82210044B0B4043F027
:106E4000020340F8223003B05DF804FBF0F8FCFFC9
:106E500000B587B069460F480DF031FF0098FFF785
:106E6000E1FF0198FFF7DEFF0298FFF7DBFF0398D1
:106E7000FFF7D8FF0498FF2805D10598FF2805D112
:106E800007B05DF804FBFFF7CDFFF6E7FFF7CAFF99
:106E9000F6E700BF0090024070B50446FFF730FFF0
:106EA00008B9124870BD636A114E736394F82930B3
:106EB00086F83A300F4D0123C5F80833FFF764FE1A
:106EC000214651F81C3BC5F8403528460DF010FF0F
:106ED00004F1200128460DF01BFF336823B129205F
:106EE00009F034FD0448DDE70348DBE70400AD0B9F
:106EF000903D0020009002400000AD0B38B5154BCE
:106F00005C6BBCB14FF47A7202FB04F4124BA3FB2E
:106F10000434E408114BD3F8003173B90D4B93F8E6
:106F2000393003F0FF054BB90A200DF027FB013C77
:106F3000F0D103E04CF25034ECE701252DB1054BC4
:106F400093F839301BB9064838BD0648FCE70548B8
:106F5000FAE700BF903D0020CDCCCCCC00900240A1
:106F60000000AD0B0700AD0B08B50A4B0122C3F8BA
:106F700000250021C3F800111A6008B9064808BDB1
:106F8000FFF7BCFF044B9842F9D1044B012283F870
:106F90003820F4E7009002400000AD0B903D002047
:106FA0002DE9F04104464C4890F83050002D34D083
:106FB000884617461E46002C3AD00DF036FF0028B2
:106FC0007FD104F06043B3F1005F7CD114F0030F74
:106FD0007CD1012D06D0B5427AD13F4B93F83830A1
:106FE000002B77D0022E2ED03C4BC3F80475C3F88B
:106FF0000845C3F80C850425374B002283F8392057
:107000001B684BB3344B9B68002B3CD0324BDC608D
:10701000C3F81480DF61324856E0324C7F232246A9
:107020003149324808F04DFD7F21204608F040FDEF
:107030002C4C802322462E492C4808F042FD80210A
:10704000204608F035FD254BC3F81075C3F81445EC
:10705000C3F818850825CFE71F4B93F838302BB9B4
:107060000120FFF781FF234B98422DD01B4B0022BC
:10707000C3F8002105F1804505F5243501232B6077
:10708000FFF73CFF20E0144B9C60C3F810809F6129
:1070900083F83060114A0021C2F800110121C2F8C2
:1070A000041393F838303BB105F1804505F52435DC
:1070B00001232B600A4807E00020FFF755FF08482E
:1070C00002E00D4800E00D48BDE8F0810B48FBE709
:1070D0000B48F9E70A48F7E7903D0020009002408E
:1070E0000000AD0BA4B10300E0B10300F0640300A5
:1070F0000CB203000700AD0B0800AD0B0A00AD0B8E
:107100000B00AD0B10B560B1124B93F83030FBB9EA
:10711000104B19605A60FFF7BFFE0F4B98420DD01D
:1071200010BD0E4C4FF4DB7322460D490D4808F09C
:10713000C8FC4FF4DB71204608F0BAFC054B002276
:107140009A60DA60012183F8301083F83820E7E78D
:107150000548E5E7903D00200000AD0BA4B1030019
:1071600024B20300F06403000C00AD0BF8B5304B03
:1071700093F83050002D39D004460F4616460DF0D6
:1071800054FE00284ED1012D4ED1294B93F83830B2
:107190002BB90120FFF7E8FE264B984243D0264B3F
:1071A0000122C3F80823FFF7EFFC27B13A466178C4
:1071B00021480DF0C5FD00231D4A82F839301E48D4
:1071C000C0F8003121460DF00BFEFFF797FE194B7A
:1071D000984218D0184B0022C3F8002136B332462B
:1071E000617818460DF0DAFD14481CE0144C4FF499
:1071F000017322461349144808F063FC4FF40171EF
:10720000204608F055FC23796BB90D4C40F236232B
:1072100022460E490C4808F054FC40F23621204624
:1072200008F046FC0A48F8BD0A48FCE70348FAE7BC
:10723000903D00200700AD0B009002400000AD0B18
:10724000A4B10300E0B10300F064030030B2030016
:107250000800AD0B0B00AD0B10B582B0184B93F8C6
:107260003030F3B100238DF807300093ADF80430CF
:1072700005238DF8003002238DF8013001238DF8AD
:1072800003300DF1070211466846FFF76FFF0D4B03
:10729000984204D19DF8073013F0010F0ED102B0CF
:1072A00010BD094C4FF4337322460849084808F0D2
:1072B00008FC4FF43371204608F0FAFB0548EEE76E
:1072C000903D00200000AD0BA4B10300E0B103002D
:1072D000F06403000B00AD0B10B5114B93F8303088
:1072E0006BB1292009F037FBFFF73AFC0C4B93F800
:1072F0003A308BB10A4B002283F8302010BD094C84
:107300004FF43B7322460849084808F0DAFB4FF473
:107310003B71204608F0CCFBFFF79AFDEAE700BF7F
:10732000903D0020A4B10300E0B10300F06403002D
:1073300010B50D4B93F8303033B10B4B93F8383018
:107340007BB9FFF711FE10BD084C4FF43F73224686
:107350000749084808F0B5FB4FF43F71204608F094
:10736000A7FB0548EFE700BF903D0020A4B1030054
:10737000E0B10300F06403000C00AD0B10B50C4B42
:1073800093F830301BB1012B0ED00A4810BD0A4CC7
:107390004FF4427322460949094808F092FB4FF422
:1073A0004271204608F084FBFFF7DAFB0548EDE761
:1073B000903D00200B00AD0BA4B10300E0B1030031
:1073C000F06403000000AD0B034B93F8300000386D
:1073D00018BF0120704700BF903D002070B52C4BB6
:1073E00093F8305055B306460C460DF01EFD0028AC
:1073F00048D114F0030F47D1254B1B680BB1012D69
:1074000044D1244AC2F81C45C2F82065204A002114
:1074100082F83910FBB11E4B042283F830201D4A3C
:107420000021C2F800110121C2F8041393F838308A
:107430001BB3184B0122DA60174824E0174C40F2C6
:10744000313322461649174808F03BFB40F23131F0
:10745000204608F02DFB92F838302BB90120FFF7B9
:1074600083FD114B98420ED00A4B0022C3F8002135
:107470000122DA60FFF742FD05E00020FFF774FD0E
:10748000054800E0094870BD0948FCE70948FAE7EB
:10749000903D0020009002400000AD0BA4B103001D
:1074A000E0B10300F06403000700AD0B0800AD0B72
:1074B0000A00AD0B0B00AD0B10B50B4B93F8303041
:1074C00023B100210220FFF789FF10BD074C4FF4C4
:1074D000597322460649074808F0F3FA4FF45971E8
:1074E000204608F0E5FA00BF903D0020A4B103005B
:1074F000E0B10300F0640300174BD3F8003153B33D
:1075000010B5154B0022C3F80021144B93F8383006
:10751000A3B1134C2046FFF781FB54F8183CA3B1EC
:107520000E4B93F8393023B90C4B1A685968002078
:1075300090470A4B002283F8202010BD074B012200
:1075400083F83820FFF78AFBF7E7A4F12003012234
:1075500083F83020E4E7704700900240903D00201F
:10756000B03D002010B5154CA822002120460EF099
:1075700038F9032323616361114AA261114BE3616E
:107580004FF4806323620023A3626362E362226696
:107590000D4A62661022A2662367E3666367BFF343
:1075A0005F8F06E0C3F10F020849895C034AD1549A
:1075B00001330F2BF6D9BFF35F8F10BDDC410020E4
:1075C00044B20300DC3D0020CC3D002050B203005B
:1075D0000C4B00E018330C4A934203D80A4A9342FA
:1075E000F8D3704710B5094C1723224608490948BB
:1075F00008F067FA084808F064FA1721204608F0F6
:1076000057FA00BFF0580300C859030064B20300E2
:1076100088B20300F0640300D071030004280CD882
:10762000DFE800F0030D050709000648704706482B
:107630007047064870470648704706487047064836
:10764000704700BFA0B20300C4B20300D4B203006D
:10765000E0B20300F0B20300B0B2030030B108B5ED
:107660000DF017FE20B1037823B108BD0248704722
:107670000148FAE70048F8E7CC82030010B5044659
:10768000F0F7C0FF034A0121034808F069FD2046D6
:107690000DF0F9FB00B30300645C03002DE9F04733
:1076A00082B000AF05460C46EFF31188402383F308
:1076B0001288BFF36F8FDFF8E491D9F80860FFF705
:1076C000ADFF99F81010E94601233B7103237B714C
:1076D0008AB0EC461CF1100221D04FF0160E5AB1C0
:1076E0007346BEF1040F03DDDFF8B4A1CCF814A09B
:1076F000082B01DDCCF8185001233B7003237B706D
:10770000D2B17346BEF10C0F01DDCCF81C00102B7A
:1077100001DDCCF820100CF1240300210AE06FF009
:10772000004EDCE701F10800384410F8080C03F8BB
:10773000010B01310129F5D9BEF1150F50DD1623DA
:107740004AB10521397100217971B9710121F971AD
:107750007868CCF8100000216FF300016FF341014D
:107760006FF382016FF3C501012060F38811C3F349
:107770000A0363F353216FF31F5100234948F1F7C4
:10778000E1F8CD461CB1E369C3F308035BBB3046A7
:10779000FFF764FFE94601233B7103237B718AB045
:1077A000EC461CF1100224D04FF0120E52B1734679
:1077B000BEF1040F02DD3C49CCF81410082B01DDAA
:1077C000CCF8186001233B7003237B70F2B1BEF14B
:1077D0000C0F01DDCCF81C000CF12003002113E09C
:1077E0006FF01B03ACE7314A01212E4808F0B8FCCA
:1077F000CDE76FF0004ED9E701F10800384410F8EA
:10780000080C03F8010B01310129F5D9BEF1110F64
:1078100033DD12234AB10421397100217971B97124
:107820000121F9717868CCF8100000216FF3000194
:107830006FF341016FF382016FF3C501012060F323
:107840008811C3F30A0363F353216FF31F5100231D
:107850001448F1F777F8CD4621462846FFF70EFF8A
:10786000042D0DD088F31188BFF36F8F3046F2F7E7
:1078700065FE0837BD46BDE8F0876FF01B03C9E71A
:107880000B4C862322460B490B4808F01AF90B488B
:1078900008F017F98621204608F00AF984420020F2
:1078A00010B30300645C03005CB3030038B303004F
:1078B00074B3030098B30300F0640300B8B303008B
:1078C00038B505460A4B53F8204002E02368984734
:1078D00008346B1C064A52F82330A34206D9636869
:1078E000002BF3D020460DF0D6FAF1E738BD00BFEB
:1078F0004CB4030010B586B0C823114C03FB004400
:1079000000EB400C00EB80000E4B03EB80030E4AB3
:107910000592012204920F22039200220292019208
:1079200000930A4B4FF4A072094901EBCC11204699
:1079300001F086FF637B23F00403637306B010BD80
:10794000C02F002084420020F0B303008980020091
:107950000068002008B553EA020102D10DF09BFC3B
:1079600008BD0249183003F0CDFDF9E78F5303003D
:1079700010B586B0294C14E0636A0593236A04931A
:10798000E3690393A36902936369019323690093F5
:10799000E368A2686168206801F052FF23685C65B3
:1079A00030341F4B9C4206D81D4B9C42E4D302F05E
:1079B0007FFF1A4C0EE01B4C432322461A491B48FA
:1079C00008F07FF81A4808F07CF84321204608F0B8
:1079D0006FF83034124B9C420ED8114B9C4219D296
:1079E000A26AE36AB3F1FF3F08BFB2F1FF3FF0D0F4
:1079F0002068FFF7AFFFECE70A4C672322460A49ED
:107A00000A4808F05EF80A4808F05BF8672120464B
:107A100008F04EF802F098FF06B010BD485B030076
:107A2000485B0300F8B303001CB40300F0640300D8
:107A3000D071030008B50A4B01221A700320FFF72A
:107A40003FFFF1F7B7FE0420FFF73AFFFFF790FF83
:107A5000EEF7F2F9034A137B23F00103137308BD19
:107A6000B64D00208830002008B50146014A024882
:107A7000F2F7B6FE357A02008830002008B50348D8
:107A8000034A121A00210DF025FA08BDD80B002078
:107A9000B84D002010B50446FFF72CFFC8230B4952
:107AA00003FB04110A4A04EB840302EB8303D9604D
:107AB0001C7404EB4411074B03EB811303F50463BF
:107AC00004EB840402EB8402536010BDC02F00203D
:107AD00084420020C05F002070B586B002F0BAFF7B
:107AE000104D114B5D61114B05930123049300244C
:107AF00003940294019400940D4B4FF400620D49DD
:107B0000284601F09DFE06466B7B23F004036B7351
:107B1000284602F07BFA2046FFF7BCFF304606B04D
:107B200070BD00BF883000208442002074640300D0
:107B3000357A02008069002008B50020FFF7C0FEFA
:107B40001F4B83F308881F4C636943F40073636120
:107B5000E02384F822302023E3770025257665761C
:107B6000A576A02384F82030636A43F4E02363629F
:107B700084F82350F2F762FCF2F756FE4FF0FF3321
:107B8000A362E362F3F77EF8F2F77EFEF0F7A2FC61
:107B90000D4B01245C731C73C3F8A850C3F8AC50A0
:107BA000C3F8B450094A9360FFF712FD2046FFF76F
:107BB00087FE0220FFF784FEFFF78EFFFFF754FFDA
:107BC0000068002000ED00E03832002084420020F0
:107BD00010B50F4C05E0A268616820460DF082F9EF
:107BE00018340C4B9C4204D80A4B9C42F3D300201F
:107BF00010BD094C192322460849094807F061FFC6
:107C0000084807F05EFF1921204607F051FF00BF2A
:107C1000B8090020B809002068B403008CB4030040
:107C2000F0640300D07103002DE9F04F89B0804665
:107C300004919346129D139F2A463B4606A80DF0D9
:107C400007FCDDE90634CDE9023408F11406EFF350
:107C50001184402383F31288BFF36F8F304603F003
:107C600085FB059060B1304603F0AAFBEFF3058376
:107C700013B157EA050312D14FF0000AD14639E09B
:107C80003B4C882322463B493B4807F01AFF3146CC
:107C90003A4807F016FF8821204607F009FF384CC4
:107CA0004B2322463749344807F00BFF364807F08C
:107CB00008FF4B21204607F0FBFEDDE9022306A862
:107CC0000DF0FCFB069D079F0095019708F10C0243
:107CD0002146304602F004FBEFF31184402383F386
:107CE0001288BFF36F8F304603F040FBA0B13046DF
:107CF00003F066FBB9F1000F1DD15A4604994046C6
:107D0000EEF714FC8146B0B93D4314D0BAF1000F30
:107D1000D3D1DDF814A0D0E7154C882322461549AD
:107D2000154807F0CEFE3146144807F0CAFE8821F8
:107D3000204607F0BDFE304603F028FB38B184F33F
:107D40001188BFF36F8F484609B0BDE8F08F084C2B
:107D500040F2311322460D49074807F0B2FE314682
:107D60000B4807F0AEFE40F23111204607F0A0FEAE
:107D70005C6F03008C6F0300F0640300A46F0300CA
:107D800068B40300A8B40300649F0300BC6F030041
:107D9000D46F0300F8B504460E4600F11405EFF366
:107DA0001187402383F31288BFF36F8F284603F0B7
:107DB000DDFA80B1284603F003FB31462046EEF79A
:107DC00069FB04F10C000DF0F3FA98B1394628462E
:107DD00002F0BAFCF8BD144C88232246134914481B
:107DE00007F06FFE2946134807F06BFE88212046F6
:107DF00007F05EFE284603F0C9FA20B187F3118828
:107E0000BFF36F8FE6E7084C40F2311322460A4970
:107E1000074807F056FE2946084807F052FE40F290
:107E20003111204607F044FE5C6F03008C6F0300A5
:107E3000F0640300A46F0300BC6F0300D46F030061
:107E400010B50F4C00200F4B9C4209D80D4B9C42A3
:107E500014D220460DF04EF800280FDB2034F2E754
:107E6000094C952322460949094807F02AFE09488A
:107E700007F027FE9521204607F01AFE10BD00BF2F
:107E800058090020B8090020F0B4030018B5030019
:107E9000F0640300D07103002DE9F04383B0044681
:107EA0000E4690461F4600F10805EFF31189402366
:107EB00083F31288BFF36F8F284603F057FAB8B1E7
:107EC000284603F07DFA216909B331600B6823610C
:107ED000E3690133E3610024284603F057FA70B3E5
:107EE00089F31188BFF36F8F204603B0BDE8F0839C
:107EF0001B4C882322461B491B4807F0E2FD2946FC
:107F00001A4807F0DEFD8821204607F0D1FD57EA28
:107F1000080304D1002333606FF00B04DCE7CDF8D5
:107F20000080019722464946284602F0D9F90446C6
:107F30000028D9D10E4B9B685B693360D4E7084CAD
:107F400040F2311322460B49074807F0BAFD294693
:107F5000094807F0B6FD40F23111204607F0A8FDB0
:107F60005C6F03008C6F0300F0640300A46F0300D8
:107F700084420020BC6F0300D46F0300F8B50446B0
:107F80000D4600F10806EFF31187402383F31288B2
:107F9000BFF36F8F304603F0E9F918B3304603F0B2
:107FA0000FFAE268AA422CD8AB1AA169B3FBF1F030
:107FB00001FB10332BBB6369013B03FB0122AA4287
:107FC0001FD323696BB323692B602561E369013BF0
:107FD000E361304603F0DAF998B387F31188BFF311
:107FE0006F8FF8BD1F4C882322461F491F4807F09A
:107FF00068FD31461E4807F064FD8821204607F0E1
:1080000057FD1C4C40F2011322461B49174807F04C
:1080100058FD1A4807F055FD40F20111204607F0BF
:1080200047FD204602F034FA0028CCD00022C0F8E8
:10803000C020456101F0EAFF3946304602F084FB7A
:10804000CFE7084C40F2311322460D49074807F0AC
:1080500038FD31460B4807F034FD40F2311120461F
:1080600007F026FD5C6F03008C6F0300F0640300D3
:10807000A46F0300F0B4030038B50300F4B50300A7
:10808000BC6F0300D46F030008B50D4B9B6893F9D8
:108090000E30002B09DBEFF31183402383F31288AA
:1080A000BFF36F8F08F069FCF5E7064C2A232246E0
:1080B0000549064807F005FD2A21204607F0F8FC8F
:1080C0008442002018B603003CB60300F0640300AD
:1080D000EFF31183402282F31288BFF36F8F0BB14D
:1080E00000BF704710B5074C712322460649074868
:1080F00007F0E7FC064807F0E4FC7121204607F092
:10810000D7FC00BF18B6030064B60300F064030098
:1081100088B603002DE9F04383B00446884616462E
:108120001D46EFF3058313B155EA020325D104F18F
:108130000807EFF31189402383F31288BFF36F8F91
:10814000384603F013F930B3384603F039F9626A60
:1081500023699A422ED355EA06036AD16FF02204AE
:10816000384603F013F9002870D089F31188BFF363
:108170006F8F204603B0BDE8F0833D4C7E2322463E
:108180003C493D4807F09DFC3C4807F09AFC7E21A5
:10819000204607F08DFC3A4C882322463949364860
:1081A00007F08FFC3946384807F08BFC88212046C1
:1081B00007F07EFC204602F06BF90546D8B9206A2C
:1081C0006369984227D3A369984224D2E268414662
:1081D0000DF0DFFA236AE26813442362A269934236
:1081E00024D0636A01336362102104F1280003F094
:1081F000B7FD0024B4E7E268414640690DF0C9FAD2
:108200000024C5F8C040284601F000FF4946384622
:1082100002F09AFAADE7164C982322461B491648FD
:1082200007F04FFC9821204607F042FC6369236267
:10823000D7E7174B9B68C3F8148000960195224638
:108240004946384602F04CF8044692E70C4C40F29E
:10825000311322460F49084807F033FC39460E48CF
:1082600007F02FFC40F23111204607F021FC00BF3F
:10827000B8B60300A8B40300F0640300649F0300D1
:108280005C6F03008C6F0300A46F0300DCB6030077
:1082900084420020BC6F0300D46F03002DE9F0413D
:1082A00082B0EFF3058100292ED1044616461D4603
:1082B000EFF31187402383F31288BFF36F8F784861
:1082C00003F054F800282DD0754803F079F8E168E0
:1082D000002936D1002940F08180724B9B6893F9C8
:1082E0000E3023610131E1606E4B9B68A3606C48E6
:1082F00003F04CF8002873D087F31188BFF36F8F19
:10830000002002B0BDE8F081674C6F232246674928
:10831000674807F0D6FB674807F0D3FB6F2120467C
:1083200007F0C6FB644C882322466449604807F086
:10833000C8FB5B49624807F0C4FB8821204607F070
:10834000B7FBA268574B9B689A42C3D055EA060117
:1083500057D092F90E80414693F90E000CF0F0FDD3
:1083600080456ADC4FF000080096019522463946A8
:108370004B4801F0B5FF0028C3D0EFF3118540232F
:1083800083F31288BFF36F8F454802F0EFFF002898
:1083900059D0434803F014F8A368002B64D0236835
:1083A0009C425FD0002B5DD0216993F90E000CF048
:1083B000C7FD014620460CF0CEFD002857D1B8F18C
:1083C000000F54D1364802F0E1FF002856D085F363
:1083D0001188BFF36F8F6FF00A0092E7236980E77F
:1083E000354C40F2311322463649314807F069FBDB
:1083F0002B49354807F065FB40F23111204607F064
:1084000057FB274802F0C2FF30B187F31188BFF352
:108410006F8F6FF00F0074E7274C40F23113224644
:108420002849234807F04DFB1D49274807F049FB21
:1084300040F23111204607F03BFB014620460CF08C
:108440008AFD804690E71C4C882322461B49184829
:1084500007F037FB12491A4807F033FB8821204602
:1084600007F026FB2169A5E7B8F1000FAAD029463D
:108470000B4802F069F96FF00A0042E70E4C40F237
:10848000311322460F490A4807F01BFB04490E48E6
:1084900007F017FB40F23111204607F009FB00BF3F
:1084A000A84200208442002028B703004CB70300F4
:1084B000F064030060B703005C6F03008C6F03007F
:1084C000A46F0300BC6F0300D46F030038B5EFF353
:1084D00005837BB904468368002B75D03D4A9268BA
:1084E000934274D1C3689BB1012B1CD9013BC3607B
:1084F000002038BD384CD72322463849384807F089
:10850000E0FA384807F0DDFAD721204607F0D0FA24
:10851000314CEF2322463449314807F0D2FAEF219B
:10852000204607F0C5FAEFF31185402383F3128844
:10853000BFF36F8F2D4802F019FFC8B12B4802F02E
:108540003FFF216920460CF006FD204601F0A0FF08
:10855000A060E0B190F90E3023610024C0F8C04063
:1085600001F054FD2946214802F0EEF82046C0E70C
:108570001F4C882322461F49194807F0A2FA1B49BD
:108580001D4807F09EFA8821204607F091FA002343
:10859000E360164802F0FAFE28B185F31188BFF3B4
:1085A0006F8F0020A5E7124C40F231132246134989
:1085B0000B4807F086FA0D49114807F082FA40F29D
:1085C0003111204607F074FA6FF0150091E74FF073
:1085D000FF308EE78442002028B703004CB7030029
:1085E000F064030060B7030088B70300A8420020CE
:1085F0005C6F03008C6F0300A46F0300BC6F03006B
:10860000D46F03002DE9F04704460E461546984600
:108610009DF820A000F10807EFF31189402383F3B0
:108620001288BFF36F8F384602F0A0FE08B33846B9
:1086300002F0C6FEBAF1000F00D0666804F10C002B
:1086400001F026FF20BBB8F1000F2AD100232B60D8
:108650002A46314620460CF0A0FC042104F1140007
:1086600003F07EFB4946384602F06EF80020BDE874
:10867000F0871F4C882322461E491F4807F021FA25
:1086800039461E4807F01DFA8821204607F010FAE7
:1086900029460CF0A7FC4946384602F055F8002060
:1086A000E5E70821002003F055FD20B145600122D7
:1086B00002600546CCE7384602F068FE30B189F327
:1086C0001188BFF36F8F6FF00B00D0E7084C40F2BA
:1086D000311322460A49084807F0F3F93946094898
:1086E00007F0EFF940F23111204607F0E1F900BF41
:1086F0005C6F03008C6F0300F0640300A46F030041
:10870000BC6F0300D46F03002DE9F04182B0044632
:108710001746984600F10805EFF31186402181F3D2
:108720001288BFF36F8F284602F020FEE0B1284682
:1087300002F046FE2068002838D0036823F00303C7
:108740002360626890421ED001210CF053FC044665
:10875000284602F01BFEC0B186F31188BFF36F8F6D
:10876000204602B0BDE8F081274C882322462749E5
:10877000274807F0A6F92946264807F0A2F98821DC
:10878000204607F095F96360DEE71F4C40F2311395
:10879000224621491E4807F094F929461F4807F050
:1087A00090F940F23111204607F082F958EA0703A8
:1087B0001AD1284602F0EAFD28B186F31188BFF3EA
:1087C0006F8F0024CCE7104C40F23113224612493F
:1087D0000F4807F076F92946104807F072F940F281
:1087E0003111204607F064F90097CDF8048004F1B8
:1087F0000C023146284601F073FD18B9084B9B68FE
:108800005C69ADE70024ABE75C6F03008C6F03008D
:10881000F0640300A46F0300BC6F0300D46F030077
:108820008442002038B50446EFF31185402383F3DA
:108830001288BFF36F8F194802F098FD80B1174876
:1088400002F0BEFD204601F023FEC0B10022C0F8B8
:10885000C02001F0DBFB2946104801F075FF38BD50
:108860000F4C882322460F490F4807F02AF90B497D
:108870000E4807F026F98821204607F019F9A36869
:10888000E268934208D001221344A360022104F15C
:10889000100003F065FADEE70022F5E7AC420020A5
:1088A0005C6F03008C6F0300F0640300A46F03008F
:1088B000F0B583B0044616461D46EFF3058111B1AD
:1088C00055EA02031DD1EFF31187402383F3128889
:1088D000BFF36F8F354802F049FD00B3334802F013
:1088E0006FFDA16800293AD00139A1602F4802F03C
:1088F0004DFD18B387F31188BFF36F8F002003B0CD
:10890000F0BD2B4C882322462A492B4807F0D9F882
:108910002A4807F0D6F88821204607F0C9F8284CE5
:10892000882322462749244807F0CBF81F492648C8
:1089300007F0C7F88821204607F0BAF8204C40F22B
:108940003113224621491C4807F0BBF8174920483B
:1089500007F0B7F840F23111204607F0A9F855EAC0
:1089600006031BD1114802F011FD30B187F31188C5
:10897000BFF36F8F6FF00F00C1E7114C40F231135E
:10898000224612490C4807F09CF80849104807F0A5
:1089900098F840F23111204607F08AF800960195C8
:1089A00022463946014801F09BFCA8E7AC42002072
:1089B000A0B70300C0B70300F0640300649F030086
:1089C0005C6F03008C6F0300A46F0300BC6F030097
:1089D000D46F030038B50446EFF31185402383F3C9
:1089E0001288BFF36F8F174802F0C0FC18B115480A
:1089F00002F0E6FC14E0144C882322461349144884
:108A000007F05FF80F49134807F05BF8882120460C
:108A100007F04EF86FF00A02C0F8C02001F0F6FA35
:108A2000204601F035FD0028F4D10023A360022187
:108A300004F1100003F094F92946024801F084FE85
:108A400038BD00BFAC4200205C6F03008C6F030098
:108A5000F0640300A46F030000B585B0094A02ABBF
:108A600092E8030083E8030000934FF0FF334FF4D4
:108A700000620549054800F0DFFB002005B05DF805
:108A800004FB00BF545E0300C07100205031002081
:108A900070B338B50D4604461B4B9B6883421BD010
:108AA00000231A46D4F8E030C3F38001C3F3C000BA
:108AB00013F0010F1FD001B102B300B109B30023BD
:108AC0002B60D4F8CC3073B11D60C4F8CC50204674
:108AD0000CF035FB012038BD0CF0ACFB08B90123CC
:108AE000DFE70023DDE7C4F8CC50C4F8C850EEE758
:108AF0006FF0150070476FF01200ECE76FF00F0099
:108B0000E9E76FF00F00E6E78442002070B50D46FC
:108B1000C36813F0020F30D1044613F0040F31D1B3
:108B20000B68B3B1E36813F0010F22D0A3689BB1C7
:108B30002B60022621462868FFF7AAFF00281EDBCB
:108B4000E36843F00403E3602B68A3609EB1304602
:108B500017E083680B60E5E70B4C4FF4AF732246D8
:108B60000A490B4806F0ADFF4FF4AF71204606F0FE
:108B70009FFF0126DEE7304601E06FF00F00002383
:108B80002B6070BD0020FAE71CB8030040B803005A
:108B9000F064030070B582B00446A0F11006EFF354
:108BA0001185402383F31288BFF36F8F214802F0B1
:108BB000DDFBB8B11F4802F003FC0023019354F819
:108BC000043C23F0080244F8042C13F0080F18D1D9
:108BD000184802F0DBFBD8B185F31188BFF36F8F23
:108BE00002B070BD144C882322461449144806F084
:108BF00068FF1049134806F064FF8821204606F0FC
:108C000057FFA369019301A93046FFF77FFFDFE714
:108C1000094C40F2311322460B49094806F051FF36
:108C200004490A4806F04DFF40F23111204606F093
:108C30003FFF00BFB84200205C6F03008C6F030051
:108C4000F0640300A46F0300BC6F0300D46F030043
:108C500038B504460D460830012200210CF0FDF91C
:108C6000656000232360054B5B681BB11C60034BF0
:108C70005C6038BD014B5C601C60FAE7B0420020CC
:108C800010B5C36823F00203C360134B1C687CB1AA
:108C9000236803B10CB100210FE02346FBE7224615
:108CA0000D480CF006FA04F10800FFF7BBFD10BDFB
:108CB0002346F0E71A461C461346002CF7D062689C
:108CC0008242ECD02146002BF4D01A68002AF2D060
:108CD000002BF0D11A46EEE7B0420020F0B585B087
:108CE000054625E06F4C882322466F496F4806F001
:108CF000E8FE6F496F4806F0E4FE8821204606F042
:108D0000D7FED5F8E03023F00402C5F8E02013F0D8
:108D1000040F77D1002302934FF0FF324FF0FF335F
:108D2000CDE9002305F1D0023146614802F096F901
:108D3000EFF31186402383F31288BFF36F8F5C48F3
:108D400002F014FB0028CDD0594802F039FBD5F8C9
:108D5000C840002CD5D02368C5F8C830D5F8CC2041
:108D600094424CD0D5F8E03043F00203C5F8E0302F
:108D7000E36843F00102E26023F0040343F00103DF
:108D8000E36067684A4802F001FB002844D086F39C
:108D90001188BFF36F8F002F4FD02046B847EFF3F5
:108DA0001186402383F31288BFF36F8F404802F08F
:108DB000DDFA00284ED03E4802F002FBE36823F0C3
:108DC0000103E36013F0100F53D1E36813F0020FB7
:108DD00053D1D5F8E03023F00203C5F8E030C3F3F7
:108DE0000024334802F0D2FA00284AD086F31188D2
:108DF000BFF36F8F002C9BD101F07AFE98E7C5F886
:108E0000CC30AFE705F1D80400220121204602F062
:108E1000BDF80028F8D17DE7224C40F231132246FC
:108E20002549224806F04DFE2149244806F049FE16
:108E300040F23111204606F03BFE214C40F2AF23B8
:108E400022462049194806F03CFE40F2AF21204658
:108E500006F02EFE134C882322461349134806F0D1
:108E600030FE1349134806F02CFE8821204606F0F8
:108E70001FFE20460CF087F9A7E72046FFF700FF0A
:108E8000A7E7084C40F2311322460B49074806F089
:108E900018FE0749094806F014FE40F23111204639
:108EA00006F006FE5C6F03008C6F0300F0640300A5
:108EB000B8420020A46F0300BC6F0300D46F03000E
:108EC0001CB803005CB8030008B58446084653EAA2
:108ED00002010CD0C16841F00801C160DCF800104B
:108EE00081620549103002F00DFB012008BD61468A
:108EF000FFF70CFEFAE700BF958B020010B538B102
:108F000089B10022026042608260C260416010BD8F
:108F10000A4C992322460A490A4806F0D2FD9921B3
:108F2000204606F0C5FD054C9A2322460649054811
:108F300006F0C7FD9A21204606F0BAFD1CB80300D2
:108F400074B80300F06403005CB8030010B5044675
:108F50001030012200210CF080F804492046FFF770
:108F6000CDFFE36843F01003E36010BDF950030048
:108F700038B5C36803F00503002B14BF0124002497
:108F800009D085684DB10A46014628460CF01DF906
:108F900028460CF0D4F8204638BD064C4FF4E47354
:108FA00022460549054806F08CFD4FF4E471204641
:108FB00006F07EFD1CB8030088B80300F0640300CF
:108FC00070B582B0019009B30C464B685BB3EFF308
:108FD0001186402383F31288BFF36F8F284802F075
:108FE000C5F968B3264D284602F0EAF901A92046E2
:108FF000FFF78CFD0446284602F0C8F978B386F3E3
:109000001188BFF36F8F204602B070BD1D4C4FF426
:10901000C27322461C491D4806F053FD4FF4C2712D
:10902000204606F045FD174C40F2851322461849AC
:10903000164806F046FD40F28511204606F038FD40
:10904000144C882322461449104806F03AFD0C4976
:10905000124806F036FD8821204606F029FD0D4C09
:1090600040F2311322460E49084806F02AFD2946EF
:109070000C4806F026FD40F23111204606F018FD9E
:10908000B84200201CB8030074B80300F064030069
:10909000A0B803005C6F03008C6F0300A46F030093
:1090A000BC6F0300D46F030008B5014601480CF003
:1090B000B7F808BD50310020F8B568B30C46054636
:1090C000C36813F4807F34D10CF0B4F800283DD18C
:1090D000002C48D0EFF31187402383F31288BFF3AD
:1090E0006F8F3C4802F042F9002849D0394E304693
:1090F00002F066F921462846FFF73AFF054630465A
:1091000002F044F900284AD087F31188BFF36F8F2B
:10911000002D55D12846F8BD2F4C4FF4EA73224656
:109120002E492F4806F0CDFC4FF4EA71204606F098
:10913000BFFC294C40F2D51322462A49284806F0A4
:10914000C0FC40F2D511204606F0B2FC224C4FF490
:10915000EB7322462449224806F0B3FC4FF4EB712E
:10916000204606F0A5FC1C4C40F2D71322461F49AE
:109170001B4806F0A6FC40F2D711204606F098FCEA
:109180001B4C882322461B49154806F09AFC1149BE
:10919000194806F096FC8821204606F089FC144CFC
:1091A00040F23113224615490D4806F08AFC31463B
:1091B000134806F086FC40F23111204606F078FC98
:1091C00004F110004FF0FF324FF0FF33FFF770FB58
:1091D000A0E700BFB84200201CB8030074B8030029
:1091E000F0640300C0B8030080910300F0B80300EE
:1091F0005C6F03008C6F0300A46F0300BC6F03005F
:10920000D46F030010B520B1E82200210CF0E9FA78
:1092100010BD064C4FF4347322460549054806F04C
:1092200050FC4FF43471204606F042FC1CB8030099
:1092300088B80300F0640300F0B589B00E9D0028E3
:1092400041D0044600294BD0D0F8E00010F0010FC7
:1092500053D10020C4F8C800C4F8CC0004F1D000F9
:10926000C4F8D000C4F8D40004F1D800C4F8D80081
:10927000C4F8DC00002D4DD0287900284CD1012005
:10928000C4F8E0004FF0FF364FF0FF37CDE9066736
:10929000002004900393029001900094204B2046FC
:1092A00000F098FB55B1296811B1204600F0A8FAEA
:1092B0006B791BB1237B43F00103237320460BF032
:1092C000EAFF09B0F0BD174C40F2DF2322461649F1
:1092D000164806F0F6FB40F2DF21204606F0E8FBD8
:1092E000104C4FF4387322461149104806F0E9FB40
:1092F0004FF43871204606F0DBFB0A4C40F2E123C4
:1093000022460C49094806F0DCFB40F2E1212046E8
:1093100006F0CEFB0120B3E740F20110B0E700BF3A
:10932000DD8C02001CB8030004B90300F0640300E4
:109330000CB9030014B9030038B558B10C46054602
:10934000A9B1302200210CF04CFA6C604FF480730C
:10935000EB6038BD0C4C40F25B3322460B490C48A5
:1093600006F0AFFB40F25B31204606F0A1FB064C55
:109370004FF4577322460749054806F0A2FB4FF405
:109380005771204606F094FB1CB8030048B903004F
:10939000F06403005CB8030070B50446EFF3118677
:1093A000402383F31288BFF36F8F1A4801F0DEFF6A
:1093B00080B1184D284602F003F8E46804F01F0459
:1093C000284601F0E3FFA0B186F31188BFF36F8F49
:1093D000204670BD104C882322461049104806F0E4
:1093E00070FB0C490F4806F06CFB8821204606F004
:1093F0005FFB094C40F2311322460B49084806F046
:1094000060FB2946094806F05CFB40F2311120461A
:1094100006F04EFBB84200205C6F03008C6F030027
:10942000F0640300A46F0300BC6F0300D46F03005B
:10943000F0B583B0019001B316461C460D46EFF31C
:109440001187402383F31288BFF36F8F254801F003
:109450008DFFF8B1234801F0B3FFEB6813F01E0F46
:1094600027D000241F4801F091FF50B387F31188E3
:10947000BFF36F8F204603B0F0BD1B4C40F2D533D5
:1094800022461A491A4806F01CFB40F2D531204604
:1094900006F00EFB174C882322461749144806F0A5
:1094A00010FB1049154806F00CFB8821204606F0F9
:1094B000FFFA32462346294601A8FFF705FD044678
:1094C000D0E70C4C40F2311322460D49084806F013
:1094D000F8FA04490B4806F0F4FA40F2311120463C
:1094E00006F0E6FAB84200201CB8030048B90300B1
:1094F000F06403005C6F03008C6F0300A46F030033
:10950000BC6F0300D46F030008B501460148FFF7A4
:109510008FFF08BD503100202DE9F04182B001904D
:1095200039B317461C460D46EFF31188402383F3E9
:109530001288BFF36F8F254801F018FF30B3234E18
:10954000304601F03DFF28460BF026FE3A46234602
:10955000294601A8FFF7B8FC0446304601F016FF83
:1095600018B388F31188BFF36F8F204602B0BDE8AF
:10957000F081174C40F2F93322461649164806F09E
:10958000A0FA40F2F931204606F092FA134C8823F3
:1095900022461349104806F094FA0C49114806F087
:1095A00090FA8821204606F083FA0C4C40F23113E1
:1095B00022460D49084806F084FA31460B4806F069
:1095C00080FA40F23111204606F072FAB8420020CB
:1095D0001CB8030048B90300F06403005C6F03008B
:1095E0008C6F0300A46F0300BC6F0300D46F0300F3
:1095F00008B501460148FFF78FFF08BD5031002034
:1096000070B5E8B10446EFF31186402383F3128866
:10961000BFF36F8F214801F0A9FEF0B11F4D28461E
:1096200001F0CEFE20460BF0C8FD0446284601F0AE
:10963000ADFE08B386F31188BFF36F8F204670BD6F
:10964000174C40F21B4322461649174806F039FAD8
:1096500040F21B41204606F02BFA144C8823224688
:109660001349114806F02DFA0C49124806F029FA60
:109670008821204606F01CFA0C4C40F23113224699
:109680000D49094806F01DFA29460C4806F019FA5A
:1096900040F23111204606F00BFA00BFB84200201C
:1096A0001CB8030048B90300F06403005C6F0300BA
:1096B0008C6F0300A46F0300BC6F0300D46F030022
:1096C0002DE9F04168B30C460646002936D00BF070
:1096D000B1FD054600283ED1EFF31188402383F306
:1096E0001288BFF36F8F3B4801F040FE00283FD047
:1096F000384801F065FEF36803F01F03002B14BF28
:109700000127002743D1334801F040FE002847D00D
:1097100088F31188BFF36F8F002D52D13846BDE812
:10972000F0812D4C40F22C4322462C492C4806F067
:10973000C8F940F22C41204606F0BAF9264C40F216
:109740002D4322462749264806F0BBF940F22D4119
:10975000204606F0ADF9204C40F22E432246224925
:109760001F4806F0AEF940F22E41204606F0A0F95F
:109770001E4C882322461E49194806F0A2F91549B5
:109780001C4806F09EF98821204606F091F93046E3
:109790000BF013FD214630460BF0E6FC0546B2E720
:1097A000124C40F23113224613490D4806F089F954
:1097B0000849124806F085F940F23111204606F0BA
:1097C00077F904F108004FF0FF324FF0FF33FFF755
:1097D0006FF8A3E7B84200201CB8030048B90300A3
:1097E000F0640300F0B80300809103005C6F030095
:1097F0008C6F0300A46F0300BC6F0300D46F0300E1
:1098000010B5044640B11F2204F188000BF04EFF52
:10981000002084F8A70010BD014B9C68F3E700BF4F
:109820008442002008B553EA020102D10BF033FD57
:1098300008BD0249183001F065FEF9E78F530300B7
:109840002DE9F04F85B004460E4617461D46DDF85B
:1098500038B0DDF83CA0DDF84090DDF84480B8F188
:109860000F0F60D008F110031E2B60D804F15803CD
:10987000A365E365129B0422414620460BF00FFDD1
:109880003A46314620460BF0DBFC0746CDF80890FF
:10989000CDF804A0CDF800B02B4602463146204654
:1098A000F0F758FF0023636584F870306567C4F8EB
:1098B00078B0C4F87CA0C4F88090EFF31186402300
:1098C00083F31288BFF36F8F364801F04FFD0028F5
:1098D00041D0344D284601F073FD334B1A6AC4F869
:1098E00084201C62284601F051FD002842D086F3F6
:1098F0001188BFF36F8F139B002B4CD01F2219468A
:1099000004F188000BF0D2FE002384F8A730264B28
:109910009B68002B43D0D3F8B430C4F8B430384639
:1099200005B0BDE8F08F214B9D429BD19EE7204CB6
:109930004FF4037322461F491F4806F0C2F86FF028
:109940000F030E2241461D4806F0BBF84FF4037189
:10995000204606F0ADF81A4C8823224619491648CD
:1099600006F0AFF80F49184806F0ABF888212046FA
:1099700006F09EF8124C40F23113224613490E486D
:1099800006F09FF82946124806F09BF840F2311184
:10999000204606F08DF8002384F88830B7E7C4F835
:1099A000B430BCE7D042002084420020898002000D
:1099B00060B9030084B90300F064030004BA030033
:1099C0005C6F03008C6F0300A46F0300BC6F030087
:1099D000D46F030070B586B00446109E119DEFF35E
:1099E0000580B8B9002005900E9804900D9803905A
:1099F0000C9802900B9801900A9800902046FFF76F
:109A00001FFFB5F1FF3F08BFB6F1FF3F12D120465F
:109A100006B070BD0A4C40F29623224609490A4816
:109A200006F04FF8094806F04CF840F2962120461F
:109A300006F03EF832462B462046FFF7F3FEE6E7F7
:109A400060B903004CB70300F064030038BA0300A8
:109A5000806800B1704710B5064C40F22E232246B4
:109A60000549064806F02DF840F22E21204606F062
:109A70001FF800BF60BA030084BA0300F06403005B
:109A800010B5EFF305833BB9114B9A68D37B012BDB
:109A900010D0013BD37310BD0E4C8B2322460E49D0
:109AA0000E4806F00EF80E4806F00BF88B21204603
:109AB00005F0FEFF074C8C2322460A49074806F0B2
:109AC00000F8074805F0FDFF8C21204605F0F0FF67
:109AD000844200209CBA03004CB70300F0640300EA
:109AE000649F0300C8BA030010B5184B53F8184F11
:109AF0009C4210D07CB1F8B9144B9B6873B15A7B6F
:109B000012F01F0F18D1A269B2B9DA897F2A13D9CE
:109B10000E4A536119E00D4BDC68ECE70C4CC8238E
:109B200022460C490C4805F0CCFF0C4805F0C9FF53
:109B3000C821204605F0BCFF044B9B68A34202D01D
:109B4000204601F065FB014B5C6110BD84420020A2
:109B5000FCBA030028BB0300F0640300649F030009
:109B600010B5437B90F90D20002A0CDA03F07F0337
:109B700043730F4B98420FD04268036813605A60DA
:109B80000023036043600B4B9B68834214BF00209B
:109B90000120FFF7A9FF10BD074C8023224607498B
:109BA000074805F08EFF8021204605F081FF00BFA9
:109BB000C02F00208442002060BA030050BB030085
:109BC000F0640300B3F1FF3F08BFB2F1FF3F00D1E3
:109BD000704708B50249183001F094FC08BD00BF79
:109BE0008F530300427B90F90D30002B41DB70B5A1
:109BF000044612F01F0F01D1866906B170BD62F0F4
:109C00007F0242731B4B984206D01B4B53F8185FE0
:109C10009D4213D1354611E0184C7923224618494C
:109C2000184805F04EFF7921204605F041FF6B688A
:109C3000636025601C606C6017E035466DB1294695
:109C400020460BF04EFB0028F1DC002DF6D00A4B2D
:109C5000DB699D42F1D02D68F0E7074BDA6903F12B
:109C60001801216062601460DC610020FFF73CFF96
:109C7000C4E77047C02F00208442002060BA030070
:109C800050BB0300F0640300437B0B4261D170B50D
:109C900004460D460B43437313F0800F1FD1082D6C
:109CA00036D000260120FFF71FFF102D4AD0204696
:109CB00001F08EFB66B1274B01225A731A73002202
:109CC000C3F8A820C3F8AC20C3F8B420224A93609C
:109CD000BFF35F8F637B23F06003637370BD03F09A
:109CE0007F0343731D4B984207D04268036813609B
:109CF0005A60002303604360D1E7194C8023224659
:109D00001849194805F0DDFE8021204605F0D0FEF7
:109D1000A36813B120460BF0CFFA04F1180001F04C
:109D2000C5FC04F158000BF0E6FA0B4B9B68A3420C
:109D300001D00026B6E7EFF305830BB90026B1E7A3
:109D40000126AFE7BFF35F8F637B23F0600363738C
:109D5000C4E770473832002084420020C02F002022
:109D600060BA030050BB0300F064030038B5054639
:109D70000C461D4B9868437B13F0600F05D013F021
:109D8000200F0BD00821FFF77FFF184801F0FEFAE3
:109D900030B184F31188BFF36F8F1FE01021F2E719
:109DA000134C40F2311322461249134805F089FE44
:109DB0000E49124805F085FE40F23111204605F0AB
:109DC00077FEEFF31184402383F31288BFF36F8F84
:109DD000FEF77EF984F31188BFF36F8F6B7B13F06E
:109DE000600FEED138BD00BF84420020BC4200208D
:109DF0005C6F0300BC6F0300F0640300D46F0300CA
:109E0000F8B504460E46154600F158070BF052FA15
:109E100060B3637B55B1202213436373EFF3058373
:109E200033B131462046FFF7A1FF31E04022F3E78E
:109E30003946384B98680BF073FA374801F0A6FAA8
:109E400018B130460BF049FA22E0344C40F26B1363
:109E500022463349334805F034FE2F49324805F095
:109E600030FE40F26B11204605F022FE8DB1082134
:109E70002046FFF709FF274B9B68A3420BD02648DB
:109E800001F084FA002834D086F31188BFF36F8F75
:109E9000F8BD1021ECE7EFF30583002BEFD11E484E
:109EA00001F074FAA0B130460BF017FA002DEFD094
:109EB0001E4C40F2E51322461D491A4805F001FEEA
:109EC0001C4805F0FEFD40F2E511204605F0F0FDCE
:109ED000124C40F26B1322461149124805F0F1FD75
:109EE0000D49114805F0EDFD40F26B11204605F0DB
:109EF000DFFD0A4C40F2311322460949094805F0BA
:109F0000E0FD0549084805F0DCFD40F2311120462E
:109F100005F0CEFD84420020BC4200205C6F0300AF
:109F2000BC6F0300F0640300D46F030060BA030049
:109F300074BB030080BB030038B50546437B90F932
:109F40000D20002A0DDB6B7B63F07F036B732A4BC4
:109F50009D421FD0294B53F8184F9C422CD100240E
:109F60002AE003F07F034373234B984207D04268F3
:109F7000036813605A60002303604360E3E7204CEA
:109F8000802322461F49204805F09BFD8021204662
:109F900005F08EFD1A4C792322461A491A4805F01D
:109FA00090FD7921204605F083FD63686B602C608D
:109FB0001D60656017E000246CB1214628460BF057
:109FC00090F90028F1DC002CF6D00C4BDB699C42A8
:109FD000F1D02468F0E7094BDA6903F11801296030
:109FE0006A601560DD61054B9868A84214BF0020C7
:109FF0000120FFF779FD38BDC02F002084420020EA
:10A0000060BA030050BB0300F064030070B505465E
:10A01000EFF31186402383F31288BFF36F8F1E483E
:10A0200001F0A4F920B100241B4801F0C9F917E0A0
:10A030001A4C882322461A491A4805F042FD16494F
:10A04000194805F03EFD8821204605F031FD1248F3
:10A0500001F09CF970B186F31188BFF36F8F012472
:10A06000CCB928460BF026F90028F0D12846FFF796
:10A07000B9FDECE7094C40F2311322460B4909487F
:10A0800005F01FFD04490A4805F01BFD40F231119F
:10A09000204605F00DFD70BDBC4200205C6F030042
:10A0A0008C6F0300F0640300A46F0300BC6F030017
:10A0B000D46F030038B50446183001F0F7FAEFF317
:10A0C0001185402383F31288BFF36F8F1C4801F082
:10A0D0004DF978B11A4801F073F9637B13F0100F52
:10A0E00028D0174801F052F998B185F31188BFF3D1
:10A0F0006F8F24E0134C882322461349134805F040
:10A10000E0FC0F49124805F0DCFC8821204605F0F0
:10A11000CFFC0C4C40F2311322460E490B4805F09F
:10A12000D0FC07490C4805F0CCFC40F23111204628
:10A1300005F0BEFC002229462046FFF761FE38BD2F
:10A14000BC4200205C6F03008C6F0300F0640300CE
:10A15000A46F0300BC6F0300D46F030070B5054605
:10A16000EFF31186402383F31288BFF36F8F1D48EE
:10A1700001F0FCF820B100241A4801F021F91AE09E
:10A18000194C882322461949194805F09AFC1549AB
:10A19000184805F096FC8821204605F089FC2846E1
:10A1A0000BF08AF80F4801F0F1F848B186F31188F6
:10A1B000BFF36F8F0124A4B9AB68002BEFD1F1E797
:10A1C000094C40F2311322460B49094805F079FC4D
:10A1D00004490A4805F075FC40F23111204605F0AB
:10A1E00067FC70BDBC4200205C6F03008C6F0300F5
:10A1F000F0640300A46F0300BC6F0300D46F03007E
:10A20000F8B504460F46EFF31186402383F3128816
:10A21000BFF36F8F2B4801F0A9F820B10025294822
:10A2200001F0CEF81AE0284C882322462749284816
:10A2300005F047FC2349274805F043FC88212046C8
:10A2400005F036FC2046FFF7CDFC1E4801F09EF8D5
:10A2500028B386F31188BFF36F8F01252A467DBB93
:10A26000637B03F0280394F8701009B107B1012251
:10A27000002184F8701012F0010FE6D1002BE4D118
:10A28000A36813B120460BF017F8637B23F0040298
:10A290006273002FD6D023F014036373D2E70A4C05
:10A2A00040F2311322460C49094805F00AFC0549E1
:10A2B0000A4805F006FC40F23111204605F0F8FB93
:10A2C000F8BD00BFBC4200205C6F03008C6F030030
:10A2D000F0640300A46F0300BC6F0300D46F03009D
:10A2E000F8B5344B9D68344B1D60344B984223D0F5
:10A2F00004460F461646EFF31183402383F312887A
:10A30000BFF36F8F2D4801F031F810B32B4801F0E7
:10A3100057F8DDE906233146264880680BF02BF814
:10A32000204601F033F818B3244801F02FF880B329
:10A330003846F0F71DF9F8BD214C40F2A323224620
:10A340002049214805F0BDFB40F2A321204605F03D
:10A35000AFFB1E4C882322461D491B4805F0B1FB6C
:10A3600016491C4805F0ADFB8821204605F0A0FBEE
:10A37000164D40F26B132A461749134805F0A1FB0E
:10A380002146164805F09DFB40F26B11284605F06A
:10A390008FFB0E4C40F26B1322460F490A4805F022
:10A3A00090FB06490D4805F08CFB40F26B112046EE
:10A3B00005F07EFB84420020C0420020BC42002009
:10A3C00060BA0300A4BB0300F06403005C6F0300E9
:10A3D0008C6F0300A46F0300BC6F0300D46F0300F5
:10A3E000F8B50546EFF31187402383F31288BFF3D6
:10A3F0006F8F204800F0BAFF28B100261D4800F0FA
:10A40000DFFF002418E01C4C882322461B491C480F
:10A4100005F057FB17491B4805F053FB88212046E0
:10A4200005F046FB0024134800F0B0FF70B187F33D
:10A430001188BFF36F8F0126CEB92C68A542F1D0E9
:10A44000002CF0D020460AF037FFECE70A4C40F22F
:10A45000311322460C490A4805F033FB05490B48E5
:10A4600005F02FFB40F23111204605F021FB20467C
:10A47000F8BD00BFBC4200205C6F03008C6F03007E
:10A48000F0640300A46F0300BC6F0300D46F0300EB
:10A49000F8B50546EFF31187402383F31288BFF325
:10A4A0006F8F224800F062FF28B100261F4800F09D
:10A4B00087FF002418E01E4C882322461D491E48B1
:10A4C00005F0FFFA19491D4805F0FBFA88212046DE
:10A4D00005F0EEFA0024154800F058FF90B187F31C
:10A4E0001188BFF36F8F0126EEB92C68A542F1D019
:10A4F000002CF0D020460AF0DFFE04F1180001F035
:10A50000D5F8E8E70A4C40F2311322460C490A48D4
:10A5100005F0D7FA05490B4805F0D3FA40F231119E
:10A52000204605F0C5FA2046F8BD00BFBC42002019
:10A530005C6F03008C6F0300F0640300A46F0300E2
:10A54000BC6F0300D46F030070B50546EFF31186AE
:10A55000402383F31288BFF36F8F1F4800F006FF7C
:10A5600020B100241C4800F02BFF1AE01B4C88236C
:10A5700022461B491B4805F0A4FA17491A4805F062
:10A58000A0FA8821204605F093FA28460AF094FEA6
:10A59000114800F0FBFE48B186F31188BFF36F8FBE
:10A5A0000124A4B9AB68002BEFD1F1E70B4C40F2CA
:10A5B000311322460D490B4805F083FA06490C4831
:10A5C00005F07FFA40F23111204605F071FA05F1ED
:10A5D000180001F06BF870BDBC4200205C6F0300F6
:10A5E0008C6F0300F0640300A46F0300BC6F0300D2
:10A5F000D46F03002DE9F84305460F46EFF31188A9
:10A60000402383F31288BFF36F8F444800F0AEFEFF
:10A6100030B100248146414800F0D2FE002647E0D8
:10A620003F4C882322463F493F4805F04AFA3B49C0
:10A630003E4805F046FA8821204605F039FA3C4CA0
:10A64000802322463B49384805F03BFA80212046CA
:10A6500005F02EFA63686B602C601D60656017E082
:10A6600034466CB1214628460AF03BFE0028F1DC56
:10A67000002CF6D0304BDB699C42F1D02468F0E727
:10A680002D4BDA6903F1180129606A601560DD61FC
:10A690000120FFF729FA4E4601E0AF7300261F485C
:10A6A00000F074FE30B388F31188BFF36F8F01247C
:10A6B000002C30D16B7B13F01F0FEED1AE69002E52
:10A6C000EBD103F07F036B731C4B9D42B7D06A68DC
:10A6D0002B6813605A6000232B606B60AF736B7B39
:10A6E00063F07F036B73144B53F8184F9C42B8D13F
:10A6F0003446B6E70A4C40F23113224610490A4864
:10A7000005F0DFF905490F4805F0DBF940F231119A
:10A71000204605F0CDF93046BDE8F883BC42002064
:10A720005C6F03008C6F0300F0640300A46F0300F0
:10A7300060BA030050BB030084420020C02F0020F9
:10A74000BC6F0300D46F030070B505460E46F9B91F
:10A75000EFF30583E3B91B4B5A699B689A4217D004
:10A7600000F014FE18B13046EFF702FF18E0164C67
:10A7700040F26B1322461549154805F0A2F9294607
:10A78000144805F09EF940F26B11204605F090F94F
:10A79000284600F0FBFD20B186F31188BFF36F8FD0
:10A7A00070BD094C40F2311322460849084805F0B3
:10A7B00088F92946074805F084F940F2311120460E
:10A7C00005F076F9844200205C6F0300BC6F030043
:10A7D000F0640300D46F030038B50446EFF311852D
:10A7E000402383F31288BFF36F8F1F4800F0BEFD34
:10A7F00078B11D4800F0E4FD637B13F0040F28D10D
:10A80000194800F0C3FD98B185F31188BFF36F8F2D
:10A8100029E0164C882322461549164805F051F9BF
:10A820001149154805F04DF98821204605F040F9F9
:10A830000E4C40F23113224610490E4805F041F902
:10A8400009490F4805F03DF940F23111204605F065
:10A850002FF923F0040363732046FFF7C3F9294659
:10A860000148FFF771FF38BDBC4200205C6F030058
:10A870008C6F0300F0640300A46F0300BC6F03003F
:10A88000D46F030008B5034650B9EFF305823AB917
:10A89000064A51699268914202D0EFF769FE03E0DF
:10A8A00083F31188BFF36F8F08BD00BF844200207F
:10A8B00038B5EFF31185402383F31288BFF36F8F10
:10A8C0001A4800F053FD80B10024184800F078FDCC
:10A8D0005CBBFFF7D5F8154800F058FDA0B185F333
:10A8E0001188BFF36F8F0124F2E7114C88232246B1
:10A8F0001049114805F0E5F80C49104805F0E1F859
:10A900008821204605F0D4F8094C40F23113224644
:10A910000B49094805F0D5F804490A4805F0D1F873
:10A9200040F23111204605F0C3F838BDBC4200208A
:10A930005C6F03008C6F0300F0640300A46F0300DE
:10A94000BC6F0300D46F030038B5EFF311854023CB
:10A9500083F31288BFF36F8F324800F007FD20B1F8
:10A960000024304800F02CFD33E02F4C8823224691
:10A970002E492F4805F0A5F82A492E4805F0A1F8E0
:10A980008821204605F094F82B4C40F231332246C2
:10A990002A49274805F095F8294805F092F840F231
:10A9A0003131204605F084F8234C40F23233224600
:10A9B00024491F4805F085F8214805F082F840F247
:10A9C0003231204605F074F885F31188BFF36F8F9C
:10A9D00001241CBB1C4B9A68D37B002BD4D0EFF313
:10A9E00005810029E0D10133D3730020FFF77CF803
:10A9F0000C4800F0CBFC0028E6D10B4C40F23113A0
:10AA0000224612490A4805F05CF80649104805F04C
:10AA100058F840F23111204605F04AF80AF0BDFC22
:10AA200038BD00BFBC4200205C6F03008C6F030088
:10AA3000F0640300A46F030060BA0300E0BB0300EE
:10AA4000649F03004CB7030084420020BC6F0300E6
:10AA5000D46F030008B502480AF0BAFC08BD00BF75
:10AA60009842002038B50C4601F110031E2B0AD87D
:10AA7000EFF30583DBB9FFF7BDFD18B1154B9B68FC
:10AA8000DB7B23B338BD144D4FF47B732A46134947
:10AA9000134805F016F86FF00F030E2221461148F7
:10AAA00005F00FF84FF47B71284605F001F80A4CC9
:10AAB00040F2ED3322460C49094805F002F80B48F4
:10AAC00004F0FFFF40F2ED31204604F0F1FF0AF000
:10AAD00064FCD7E78442002060BA030014BC030082
:10AAE000F064030004BA03004CB70300649F030042
:10AAF00070B5EFF30583002B2ED1EFF311864023C1
:10AB000083F31288BFF36F8F4B4800F02FFC0028AF
:10AB100032D0494800F054FC484B9B685A7B02F005
:10AB20007F025A73464A934235D059681A680A60C0
:10AB3000516000221A605A60404B9D686B7B63F045
:10AB40007F036B733E4B9D4230D03C4B53F8184F04
:10AB50009C423DD100243BE03A4C40F23643224631
:10AB600039493A4804F0ADFF394804F0AAFF40F2F1
:10AB70003641204604F09CFF364C88232246364955
:10AB8000324804F09EFF2C49344804F09AFF882193
:10AB9000204604F08DFF2B4C8023224630492B4861
:10ABA00004F08FFF8021204604F082FF254C79239A
:10ABB00022462B49254804F084FF7921204604F0E1
:10ABC00077FF63686B602C601D60656017E0002490
:10ABD0006CB1214628460AF084FB0028F1DC002CE9
:10ABE000F6D0164BDB699C42F1D02468F0E7134B9A
:10ABF000DA6903F1180129606A601560DD610120DE
:10AC0000FEF772FF0C4800F0C1FB18B13046EFF7B9
:10AC1000AFFC70BD0F4C40F26B13224611490B483C
:10AC200004F04FFF0449104804F04BFF40F26B1151
:10AC3000204604F03DFF00BFBC42002084420020BB
:10AC4000C02F002060BA03004CB70300F06403007B
:10AC5000649F03005C6F03008C6F0300A46F03000C
:10AC600050BB0300BC6F0300D46F03002DE9F84311
:10AC7000EFF30583002B4FD104460E4650EA010343
:10AC80005AD06FF001031B1A4FF0FF3262EB010242
:10AC9000012B72F1000253DB6FF001052D1AEFF367
:10ACA0001189402383F31288BFF36F8F3E4800F071
:10ACB0005DFB002848D0DFF8F080404600F080FBC4
:10ACC0003A4FB8683A4B1860FEF74AFFB868224618
:10ACD00033463849183000F015FCBA68537B43F00E
:10ACE00010035373404600F051FB00283BD0484608
:10ACF000EFF73EFC2D4B9B685B7B13F0100F43D1AD
:10AD00000AF09EFB281A63EB0303012873F100038A
:10AD100000DA0020BDE8F883274C40F25143224678
:10AD20002649274804F0CDFE264804F0CAFE40F22A
:10AD30005141204604F0BCFEFFF7DAFE0020E9E7AF
:10AD40000AF07EFB0519AAE71F4C882322461F49FB
:10AD50001B4804F0B6FE14491D4804F0B2FE8821D9
:10AD6000204604F0A5FE184C40F26B132246194908
:10AD7000134804F0A6FE4146174804F0A2FE40F234
:10AD80006B11204604F094FE0B4C40F26D432246BA
:10AD900012490B4804F095FE0A4804F092FE40F276
:10ADA0006D41204604F084FEBC4200208442002015
:10ADB000C04200208F53030060BA03004CB7030069
:10ADC000F0640300649F03005C6F03008C6F03005A
:10ADD000A46F0300BC6F0300D46F03009CBC03008E
:10ADE00010B5EFF305831BBBB1F1FF3F08BFB0F116
:10ADF000FF3F2DD0FFF73AFFC217510141EAD06162
:10AE000043011B1A61EB0201890041EA93719B0027
:10AE10001B1842EB0102D20042EA5372DB0047F6F4
:10AE2000FF71581842F10002C00B40EA424010BDC9
:10AE30000B4C40F27B4322460A490B4804F041FE8A
:10AE40000A4804F03EFE40F27B41204604F030FE0A
:10AE5000074B9868FFF72EF94FF0FF30E7E700BF88
:10AE600060BA03004CB70300F0640300649F030062
:10AE700084420020014B9868704700BF8442002044
:10AE800038B50446EFF31185402383F31288BFF3EE
:10AE90006F8F344800F06AFAA0B1324800F090FA9F
:10AEA000237B13F0010F1CD1637B13F0080F53D0E9
:10AEB0002C4800F06BFA00283DD085F31188BFF3D1
:10AEC0006F8F4EE0284C882322462849284804F0FA
:10AED000F8FD2449274804F0F4FD8821204604F0B9
:10AEE000E7FD204800F052FAA0B185F31188BFF3C6
:10AEF0006F8F214D4FF4AE632A4620491C4804F061
:10AF0000E0FD21461E4804F0DCFD4FF4AE6128460A
:10AF100004F0CEFD144C40F2311322461949144876
:10AF200004F0CFFD0F49184804F0CBFD40F2311179
:10AF3000204604F0BDFD0C4C40F23113224611496D
:10AF40000B4804F0BEFD07490F4804F0BAFD40F27B
:10AF50003111204604F0ACFD012229462046FEF7BF
:10AF60004FFF38BDBC4200205C6F03008C6F0300B4
:10AF7000F0640300A46F030060BA0300406703009D
:10AF8000DCBC0300BC6F0300D46F03002DE9F04765
:10AF900005460F469046EFF31186402383F312884F
:10AFA000BFF36F8F264800F0E1F938B100248246E4
:10AFB000234800F005FA4FF0000917E0214C8823E0
:10AFC00022462149214804F07CFD1D49204804F017
:10AFD00078FD8821204604F06BFD194800F0D6F971
:10AFE000D0B186F31188BFF36F8F01242CBB2C687E
:10AFF000A542F2D0002CF0D0C4F8C070C4F8148080
:10B0000020460AF059F904F1180000F04FFB2046E1
:10B01000FEF7E8FDD146E0E70A4C40F23113224644
:10B020000C490A4804F04DFD05490B4804F049FD60
:10B0300040F23111204604F03BFD4846BDE8F08760
:10B04000BC4200205C6F03008C6F0300F0640300BF
:10B05000A46F0300BC6F0300D46F03002DE91048F8
:10B0600083B0089CDDE906BCCDE900BCFFF738F9E8
:10B070001CB1034B9B685B69236003B0BDE810887B
:10B08000844200202DE9F84305460E461746EFF3AB
:10B090001189402383F31288BFF36F8F274800F094
:10B0A00065F930B10024254800F08AF94FF0000816
:10B0B00029E0234C882322462249234804F001FD3D
:10B0C0001E49224804F0FDFC8821204604F0F0FCD3
:10B0D00000247CB139462046B047804650B922460C
:10B0E0006B689C42F4D02468002CF2D0002AF0D186
:10B0F0001446EEE7114800F049F950B189F3118880
:10B10000BFF36F8F0124ACB92C68A542E1D10024B4
:10B11000DFE70B4C40F2311322460D490A4804F098
:10B12000D0FC06490B4804F0CCFC40F2311120461B
:10B1300004F0BEFC4046BDE8F88300BFBC420020DE
:10B140005C6F03008C6F0300F0640300A46F0300C6
:10B15000BC6F0300D46F0300D8B10346134A90427A
:10B1600017D302F11801884213D2811A104AA2FBA8
:10B170000102120902EB4202B1EBC20F09D10B4AE4
:10B180009B1ADB100A4A02FB03F30A4A0121D1543D
:10B19000704710B5084C382322460849084804F087
:10B1A00090FC3821204604F083FC00BF00330020CF
:10B1B000ABAAAAAAC4420020FCBC030024BD030021
:10B1C000F0640300C3897F2B11D80E4B1B687BB141
:10B1D00090F90E200C4B1B689A420CDB437B13F05A
:10B1E0001F0F0AD1094B984209D0012300E0002328
:10B1F00003F0010070470023FAE70023F8E700237B
:10B20000F6E700BFCC420020C8420020C02F00203B
:10B2100070B505460D4B1E7C06EB46030C4C04EB4B
:10B22000C304204600F042FA0A4B00229A552846F1
:10B23000FFF7C8FF00B970BD074B1A68013AD31772
:10B240000649204600F05EF9F5E700BF8442002081
:10B2500000330020C4420020CC42002059B102003B
:10B2600038B5EFF31185402383F31288BFF36F8F56
:10B27000344800F07BF820B3324800F0A1F8324B9C
:10B280009C68324B1B68A3422AD0304B00221A60C4
:10B290002D4B1B7C2E4AD35C53B12046FFF792FF07
:10B2A00030B1637B13F01F0F37D02046FFF7B0FF9C
:10B2B000244800F06BF8A0B385F31188BFF36F8FBB
:10B2C00038BD244C882322462349244804F0F9FB46
:10B2D0001C49234804F0F5FB8821204604F0E8FBD4
:10B2E0002046FFF795FF174800F050F820B185F38E
:10B2F0001188BFF36F8FE3E7164C40F231132246FB
:10B300001849164804F0DDFB0E49174804F0D9FB34
:10B3100040F23111204604F0CBFB2046FEF70CFE34
:10B32000C3E70C4C40F2311322460E490B4804F09F
:10B33000C8FB04490C4804F0C4FB40F2311120461C
:10B3400004F0B6FBBC42002084420020C042002032
:10B35000C44200205C6F03008C6F0300F0640300A4
:10B36000A46F0300BC6F0300D46F030003683BB1FC
:10B3700003F00303044A127C934203D00120704778
:10B38000012070470020704784420020016800239C
:10B390000360EFF305832BB1084B9B685B7B13F0D5
:10B3A000010F07D1054A137C926813438B4203D1E6
:10B3B0000120704701207047002070478442002020
:10B3C000024A137C92681343036070478442002052
:10B3D00038B50446EFF31185402383F31288BFF399
:10B3E0006F8F2248FFF7C2FF58B12048FFF7E8FFF0
:10B3F0001F4B1B6AA34214D1D3F884201C4B1A6242
:10B4000019E01C4C882322461B491C4804F059FBB8
:10B4100016491B4804F055FB8821204604F048FBE0
:10B4200013461BB1D3F88420A242F9D11BB1D4F842
:10B430008420C3F884200D48FFF7A8FF20B185F3CE
:10B440001188BFF36F8F38BD0A4C40F2311322468A
:10B450000C490A4804F035FB04490B4804F031FB61
:10B4600040F23111204604F023FB00BFD0420020FF
:10B47000844200205C6F03008C6F0300F0640300C3
:10B48000A46F0300BC6F0300D46F030008B5064827
:10B49000064A121A064909F021FD064A06490748DC
:10B4A00009F01CFD08BD00BF00000020D20B0020E9
:10B4B00038C403000000000038C40300000000206E
:10B4C000034B1868984200D070470020FCE700BF8B
:10B4D0004808002030B1044A5268904201D0006808
:10B4E00070470020704700BF4808002008B5044B93
:10B4F0001B680BB1002008BDF9F79CFDFBE700BFFE
:10B50000D4420020B3F1FF3F08BFB2F1FF3F00F08B
:10B51000B2802DE9F047044616461D46036883B9FC
:10B5200081600027EFF3118A402383F31288BFF371
:10B530006F8F5148FFF71AFF88B14F48FFF740FF60
:10B5400048E04E4C6E2322464D494E4804F0B9FA6D
:10B550004D4804F0B6FA6E21204604F0A9FA4B4C8F
:10B56000882322464A49474804F0ABFA42494948F1
:10B5700004F0A7FA8821204604F09AFA16F101088F
:10B5800045F10009FFF7B2FF18EB000349EBE0704B
:10B59000236160613EE0521A67EB0303026143617D
:10B5A0004368636020601C60446005E03A4B5A6861
:10B5B0002360626014605C60FFF782FF84423DD0CC
:10B5C0002D48FFF7E3FE002842D08AF31188BFF32D
:10B5D0006F8F0127002F4CD16FF00101891B4FF0B5
:10B5E000FF3060EB0502002AC8DB2C4A1168526864
:10B5F000731842EB05026FF00101C91A60EB0203F8
:10B6000008461A46012973F1000301DA01200022DD
:10B6100020616261FFF754FF0028C7D002694769C3
:10B6200021696369914273EB070EB4DB891A63EBFE
:10B63000070321616361FFF74DFFEDE7184B1B68BE
:10B64000002BBDD109F0DFFE0021F9F7B9FCB7E707
:10B650000E4C40F23113224612490A4804F031FAE6
:10B660000549114804F02DFA40F23111204604F04A
:10B670001FFABDE8F0877047D8420020D8BE03000B
:10B68000FCBE0300F0640300649F03005C6F0300D2
:10B690008C6F0300A46F03004808002018330020BB
:10B6A000D4420020BC6F0300D46F03002DE9F041A9
:10B6B0000546EFF31187402383F31288BFF36F8FA2
:10B6C0002048FFF753FE30B100241E48FFF778FEF4
:10B6D0006FF015081BE01C4C882322461B491C48B0
:10B6E00004F0EFF917491B4804F0EBF988212046D4
:10B6F00004F0DEF9284609F06FFEB0461148FFF766
:10B7000045FE50B187F31188BFF36F8F01242646A1
:10B71000A4B92B68002BEDD1F0E70B4C40F23113AC
:10B7200022460D490A4804F0CCF906490B4804F0BA
:10B73000C8F940F23111204604F0BAF94046BDE89C
:10B74000F08100BFD84200205C6F03008C6F0300C3
:10B75000F0640300A46F0300BC6F0300D46F030008
:10B7600070B50446EFF31185402383F31288BFF3CD
:10B770006F8F5648FFF7FAFD002841D05348FFF776
:10B780001FFE534B1C60FFF79BFE0446002C66D047
:10B79000266961694E4B1A68D317B2428B415EDB52
:10B7A0004C4A136851689B1941EBE6711360516074
:10B7B00000220023C4E90423204609F00DFE43487B
:10B7C000FFF7E4FD58B385F31188BFF36F8FA368CB
:10B7D00020469847EFF31185402383F31288BFF387
:10B7E0006F8F3A48FFF7C2FD50B33848FFF7E8FDC6
:10B7F000374A13689B1B1360FFF762FE0446C5E7D8
:10B80000354C882322463549354804F05AF92F49EA
:10B81000344804F056F98821204604F049F92E4CAA
:10B8200040F23113224630492D4804F04AF92749A5
:10B830002E4804F046F940F23111204604F038F960
:10B84000254C882322462549254804F03AF91F490A
:10B85000244804F036F98821204604F029F944B13F
:10B86000236962691A4909685B1A62EBE172236114
:10B870006261184A164E3068136851681B1841EB14
:10B88000E071136051600024346009F0BCFD214672
:10B89000F9F796FB0D48FFF779FD30B185F3118874
:10B8A000BFF36F8FFFF7DCFC70BD0B4C40F2311320
:10B8B00022460D490A4804F004F904490B4804F0F3
:10B8C00000F940F23111204604F0F2F8D84200208D
:10B8D000D4420020183300205C6F03008C6F0300FB
:10B8E000F0640300A46F0300BC6F0300D46F030077
:10B8F000F8B5EFF31186402383F31288BFF36F8FFF
:10B900001F48FFF733FDC0B100271D48FFF758FD62
:10B91000002425468FBBFFF7E9FD1A4A14685568D5
:10B92000041945EBE0751648FFF730FDA0B186F32A
:10B930001188BFF36F8F0127ECE7134C8823224651
:10B940001249134804F0BDF80D49124804F0B9F843
:10B950008821204604F0ACF80B4C40F2311322460B
:10B960000D490B4804F0ADF805490C4804F0A9F85E
:10B9700040F23111204604F09BF820462946F8BDDC
:10B98000D8420020183300205C6F03008C6F030046
:10B99000F0640300A46F0300BC6F0300D46F0300C6
:10B9A0002DE9F0410446EFF31185402383F312881B
:10B9B000BFF36F8F7A48FFF7D9FC78B17848FFF76B
:10B9C000FFFC2E4623684BB37548FFF7DFFCA0B1A0
:10B9D00085F31188BFF36F8FBDE8F081714C882328
:10B9E00022467149714804F06CF86D49704804F0C2
:10B9F00068F88821204604F05BF86A4C40F2311365
:10BA000022466C49694804F05CF865496A4804F0CC
:10BA100058F840F23111204604F04AF8A26AE36A6D
:10BA200052EA030105D0B3F1FF3F08BFB2F1FF3F77
:10BA300039D1236B01332363236AD3B15848FFF70D
:10BA4000A5FC002860D085F31188BFF36F8F236AAF
:10BA500020469847EFF31186402383F31288BFF303
:10BA60006F8F4F48FFF782FC00285ED04C48FFF7ED
:10BA7000A7FC04F11803A469A34265D0002C63D08D
:10BA80002046FEF76BFB0023C4F8C0304448FFF7A4
:10BA90007DFC002872D086F31188BFF36F8F20469B
:10BAA000FEF7B4FA98E717469846012A73F10003A7
:10BAB00002DA01274FF00008013F48F1FF3809F092
:10BAC000C3FC013041F10001C01948EB010101281C
:10BAD00071F1000108DA6FF001024FF0FF333749CE
:10BAE0002046FFF70FFDA4E709F0AEFC013041F15D
:10BAF0000001C01948EB01036FF00102121A4FF068
:10BB0000FF3161EB0303EAE7264C40F23113224692
:10BB10002849264803F0D5FF2149274803F0D1FFE3
:10BB200040F23111204603F0C3FF1E4C8823224609
:10BB30001D491E4803F0C5FF19491D4803F0C1FF08
:10BB40008821204603F0B4FF1548FFF71FFC20B101
:10BB500086F31188BFF36F8F3EE7124C40F231132A
:10BB600022461449114803F0ACFF0D49124803F076
:10BB7000A8FF40F23111204603F09AFF094C40F231
:10BB8000311322460B49094803F09BFF04490A4838
:10BB900003F097FF40F23111204603F089FF00BF08
:10BBA000DC4200205C6F03008C6F0300F064030034
:10BBB000A46F0300BC6F0300D46F0300A1B902009F
:10BBC000F8B5064614461D46EFF31187402383F36C
:10BBD0001288BFF36F8F3A48FFF7C8FB58B3384855
:10BBE000FFF7EEFB2946B5F1FF3F08BFB4F1FF3F79
:10BBF00030D06FF00102121B4FF0FF3262EB0502F2
:10BC0000002A41DB3046FFF751FDDDE90623C6E996
:10BC10000A230023336322462B462A493046FFF786
:10BC200071FC2748FFF7B2FB002837D087F3118853
:10BC3000BFF36F8FF8BD244C882322462349244844
:10BC400003F03FFF1E49234803F03BFF88212046B5
:10BC500003F02EFF1A48FFF799FB20B187F31188F4
:10BC6000BFF36F8FE6E7184C40F2311322461A49B2
:10BC7000174803F026FF1249184803F022FF40F24C
:10BC80003111204603F014FF012C71F1000101DA9B
:10BC900001240025013C45F1FF35B3E70A4C40F291
:10BCA000311322460C490A4803F00BFF04490B48A4
:10BCB00003F007FF40F23111204603F0F9FE00BF08
:10BCC000DC420020A1B902005C6F03008C6F03000E
:10BCD000F0640300A46F0300BC6F0300D46F030083
:10BCE00038B50D46806809F03DFC30B10446437B11
:10BCF00013F0020F11D1002038BD154C40F20D1386
:10BD000022461449144803F0DCFE144803F0D9FE1F
:10BD100040F20D11204603F0CBFEFEF715FC082D76
:10BD20000AD00023C4F8C030637B13F01F0F08D182
:10BD3000A36923B1002305E06FF00303F2E70123B9
:10BD400000E00023002BD6D02046FEF75FF9D2E7B3
:10BD50001CBF030060BF0300F064030078BF030052
:10BD600070B504460D46EFF31186402383F3128825
:10BD7000BFF36F8F1E48FFF7F9FAC0B11C48FFF7F9
:10BD80001FFB2068844209D04268036813605A6030
:10BD9000002303604360294609F0FDFB1448FFF7C8
:10BDA000F5FA98B186F31188BFF36F8F70BD114C0F
:10BDB000882322461049114803F083FE0C4910489D
:10BDC00003F07FFE8821204603F072FE094C40F20A
:10BDD000311322460B49094803F073FE04490A480F
:10BDE00003F06FFE40F23111204603F061FE00BF08
:10BDF000E04200205C6F03008C6F0300F0640300DE
:10BE0000A46F0300BC6F0300D46F030070B5044639
:10BE10000D46EFF31186402383F31288BFF36F8F33
:10BE20002348FFF7A3FAC8B12148FFF7C9FAE56034
:10BE30000123A360206884421FD042680368136016
:10BE40005A60002303604360012109F0A4FB04460B
:10BE500031461748FEF778FC204670BD154C882304
:10BE600022461549154803F02CFE1149144803F0E9
:10BE700028FE8821204603F01BFE0D48FFF786FAB6
:10BE800028B186F31188BFF36F8F0024E4E7094CD3
:10BE900040F2311322460B49084803F012FE0449D0
:10BEA000094803F00EFE40F23111204603F000FE77
:10BEB000E04200205C6F03008C6F0300F06403001D
:10BEC000A46F0300BC6F0300D46F03002DE9F0479B
:10BED00082B081460C4692460023009300F10C0686
:10BEE000EFF31188402383F31288BFF36F8F30463E
:10BEF000FFF73CFA30B33046FFF762FAD9F8085042
:10BF000005EA0A076C4004EA0A025540C9F80850DD
:10BF100001956A4613494846FFF7B4F8009C4CB1B6
:10BF20000021C4F8C010A5662046646EFEF768F9CB
:10BF3000002CF5D141463046FEF706FC384602B0EB
:10BF4000BDE8F087084C882322460849084803F0DA
:10BF5000B8FD3146074803F0B4FD8821204603F0C0
:10BF6000A7FD00BFF35503005C6F03008C6F030057
:10BF7000F0640300A46F03002DE9F04F85B005467F
:10BF80000C461646DDF838800F9FEFF3058313B19A
:10BF900057EA080304D18CB9204605B0BDE8F08FFC
:10BFA000474CF72322464749474803F08AFD474854
:10BFB00003F087FDF721204603F07AFD06F0010328
:10BFC0000293FEF757FF039005F10C09EFF3118B75
:10BFD000402383F31288BFF36F8F4846FFF7C6F9FB
:10BFE000F8B14846FFF7ECF916F0020F01D0002334
:10BFF000AB60D5F808A0029A5146204609F0EDFA48
:10C00000F0B957EA080346D14846FFF7BFF988B3AD
:10C010008BF31188BFF36F8F4FF0000A04EA0A0414
:10C02000BAE72B4C882322462A49274803F049FDCA
:10C030004946294803F045FD8821204603F038FD94
:10C040004846FFF7A3F920B18BF31188BFF36F8F38
:10C05000E4E71F4C40F23113224620491A4803F00E
:10C0600030FD49461E4803F02CFD40F231112046B8
:10C0700003F01EFD164C40F23113224617491248B8
:10C0800003F01FFD4946164803F01BFD40F2311135
:10C09000204603F00DFDDDF80CA0CAF86840CAF890
:10C0A0006C60CDF8008001972A4659464846FEF755
:10C0B00017F910B9DAF868A0B0E74FF0000AADE759
:10C0C00098BF0300C0B70300F0640300649F03003F
:10C0D0005C6F03008C6F0300A46F0300BC6F030050
:10C0E000D46F030070B582B006460C4600230432BC
:10C0F00014D22BBB00200021CDE9000144F0040143
:10C100003046FBF791FD054628B145F8046B14B1A4
:10C11000631E1D4204D1284602B070BD0123E8E72A
:10C12000084E252332460849084803F0CAFC224637
:10C130002946074803F0C5FC2521304603F0B8FC2A
:10C140000025E8E7BCBF0300E0BF0300F064030084
:10C1500014C0030038B504460D4609F06BF848B921
:10C16000054B9B68D3F8B40018B12A462146FFF767
:10C17000B9FF38BD0020FCE78442002030B599B0FB
:10C180000546684600F028F86946044608A800F00D
:10C1900053FA08A90443284600F08AF9204619B04A
:10C1A00030BD00BF70B598B005466846164600F031
:10C1B00013F83146044608A800F046F908A96A4673
:10C1C0000443084600F082F908A90443284600F019
:10C1D0006DF9204618B070BD70B50B68124E1BBAD1
:10C1E000C3614B681BBA83618B681BBA4361CB6820
:10C1F0001BBA03610B691BBAC3604B691BBA83602E
:10C200008B691BBA4360CB691BBA32460360014697
:10C210000446D4F7E5F83146054602462046D4F7F1
:10C22000FFF8681E70BD00BF3CC003002DE9F0415F
:10C2300088B00C46064602F12001684606F1200748
:10C240009046D4F7C7FB6A4669466846D4F7E4FAD5
:10C2500069463846D4F7BEFB3A463946384604F1BB
:10C260002005D4F7D9FA6A4669466846D4F7D4FA65
:10C2700041462846D4F7AEFB6A4641463046D4F7DD
:10C2800091FB2A4629466846D4F7C6FA2A466946EB
:10C290006846D4F7C1FA124A69466846D4F7BCFA30
:10C2A00069462046D4F796FB324621462046D4F70D
:10C2B000F1FA324621462046D4F7ECFA22463146BE
:10C2C0002846D4F7E7FA6A4629462846D4F76AFB97
:10C2D0003A4629462846D4F7DDFA08B0BDE8F08191
:10C2E0001CC10300F0B599B004460D460A4601464C
:10C2F0006846D4F7CFFA69466846D4F76BFB6A46BE
:10C30000214608A805F1200604F12007D4F74AFBCE
:10C310006A4629466846D4F745FB3246394610A896
:10C32000D4F77AFA324639463046D4F7B3FA314672
:10C330002846D4F74FFB6A4608A92046D4F76CFA82
:10C34000224629462846D4F7A5FA6A4608A968462F
:10C35000D4F7A0FA6A4639463846D4F723FB2A4672
:10C3600008A96846D4F796FA6A4631463046D4F7AB
:10C3700019FB3A4631463046D4F78CFA10A9684684
:10C38000D4F728FB224669462046D4F783FA08A949
:10C3900022460846D4F77EFA10A908AA0846D4F720
:10C3A00001FB3A4610A93846D4F774FA19B0F0BD2B
:10C3B0002DE9F04188B00C46054690460A460146F4
:10C3C0006846D4F767FA69466846D4F703FB6A46BD
:10C3D0002946284604F12006D4F7E4FA05F120079F
:10C3E0006A4621466846D4F7DDFA32463946304679
:10C3F000D4F750FA31462046D4F7ECFA2A462146C3
:10C400002046D4F747FA6A4621462046D4F742FA36
:10C410006A4629464046D4F73DFA424639463846F0
:10C42000D4F7C0FA224629466846D4F733FA6A465A
:10C4300031463046D4F7B6FA3A4631463046D4F75C
:10C4400029FA08B0BDE8F08170B500F1200690B07F
:10C450000D46044600F014F905F12001304600F0C5
:10C460000FF9214608A8D4F7B5FA08A908460D4ADD
:10C47000D4F7D2F908A922460846D4F793FA08A9B6
:10C48000094A0846D4F7C8F931466846D4F7A2FAF3
:10C49000202269460DEB0200D4F790F9013810B064
:10C4A00070BD00BF1CC10300FCC0030000F002B956
:10C4B00038B504460D4600F0FDF805F1200104F101
:10C4C0002000BDE8384000F0F5B800BF2DE9F04786
:10C4D0001346B8B0544A89468046194610A8D3F787
:10C4E0007FFF5249024610A8D3F79AFF179E4E4984
:10C4F00000EAD6760746C6F1010210A8D3F790FFEE
:10C50000179B4A466FEA030A28A918A8FFF78EFE70
:10C510004FEADA7A20A9CAF10102084600F092F83F
:10C52000C7F10107FE246A4618A928A8FFF740FFB3
:10C53000631138AA02EB830304F01F0253F8A03CF6
:10C54000D340554603F0010A8AEA05052A4628A980
:10C5500018A8D3F7C1FF2A4630A920A8D3F7BCFFFB
:10C56000013C28A918A8FFF7BDFE631CDBD1CAF166
:10C57000010220A908A800F065F886EA0A066A46C2
:10C5800018A928A8FFF714FF28A9324618A8D3F73E
:10C59000A3FF324630A920A8D3F79EFF08A96A4618
:10C5A0000846D4F7FFF908A9084600F09DF808A945
:10C5B00008F1200409F120020846D4F7F3F920A974
:10C5C00008AA2046D4F7EEF908AA18A96846D4F7B5
:10C5D000E9F969466846D4F7FDF918AA694608A83A
:10C5E000D4F7E0F921466846D4F7F4F908AA694679
:10C5F0001046D4F74FF90E4A08A96846D4F74AF90D
:10C6000020462021D4F7EEF808A9024644426846A5
:10C61000D3F762FF4046074A6946D4F7C3F93C4363
:10C62000204638B0BDE8F0877CC003009CC0030002
:10C63000FCC003005CC003000A460149FFF746BF87
:10C64000BCC0030070B588B004460D4616460021F4
:10C650002022684609F0C5F80023294620222046FA
:10C66000009309F096F82A4669466846D4F712F90D
:10C67000324669462046D3F72FFF08B070BD00BF91
:10C680000B681BBAC3614B681BBA83618B681BBA0A
:10C690004361CB681BBA03610B691BBAC3604B696A
:10C6A0001BBA83608B691BBA4360CB691BBA0360FA
:10C6B000704700BFCB691BBA03608B691BBA43602C
:10C6C0004B691BBA83600B691BBAC360CB681BBA8A
:10C6D00003618B681BBA43614B681BBA83610B68AB
:10C6E0001BBAC361704700BF70B598B00D460646CF
:10C6F00010A8D4F76FF92A4610A96846D4F752F962
:10C70000694610A8D4F766F910A90846D4F762F96B
:10C710006A4610A908A8D4F745F908A910A8D4F7C3
:10C7200059F910A90846D4F755F910A90846D4F7C5
:10C7300051F910A90846D4F74DF910A908AA0846DE
:10C74000D4F730F910A90846D4F744F910A90846DF
:10C75000D4F740F910A96A4608A8D4F723F90524AC
:10C7600008A910A8D4F736F910A90846D4F732F969
:10C77000013C10A9F5D108AA0846D4F713F90524FD
:10C7800010A90846D4F726F910A90846D4F722F9CB
:10C79000013CF5D110A908AA0846D4F703F910A95D
:10C7A00008A8D4F717F908A90846D4F713F908A977
:10C7B0006A466846D4F7F6F81024694610A8D4F7FC
:10C7C00009F910A90846D4F705F9013C10A9F5D1DB
:10C7D0002A460846D4F7E6F8402410A90846D4F7BC
:10C7E000F9F810A90846D4F7F5F8013CF5D110A9DD
:10C7F0006A460846D4F7D6F8102410A90846D4F79C
:10C80000E9F810A90846D4F7E5F8013CF5D110A9DC
:10C810006A460846D4F7C6F8102410A90846D4F78B
:10C82000D9F810A90846D4F7D5F8013CF5D110A9DC
:10C8300008AA0846D4F7B6F82A4610A93046D4F715
:10C84000B1F818B070BD00BF10B50C4C236813B11F
:10C850000B4B1B682BB900F029FE30B9084B0122A5
:10C860001A6001232360002010BD0138062801D979
:10C87000044810BD044B53F8200010BDE8420020CE
:10C88000E4420020FE8FFFFF3CC10300BFF34F8F47
:10C890000549064BCA6802F4E0621343CB60BFF35C
:10C8A0004F8F00BFFDE700BF00ED00E00400FA0578
:10C8B00010B4094B09490A4C4FF0FE32C3F800246A
:10C8C0004968C3F80424C3F80824C3F80C240023DF
:10C8D000C4F8003510BC084700B0025050080020D2
:10C8E00000A00250D0E90012014BC3E900127047CA
:10C8F000500800202DE9F043134B144E002814BFBC
:10C9000004461C4683B02368B34219D00D46204626
:10C910004FF4E07104F10409174604F58E7800F035
:10C92000E9F8484600F0ACFC404600F0DBFA084964
:10C9300000972B464A46404600F0EAFA08B92660BE
:10C94000002003B0BDE8F083EC420020A5BCC95A2A
:10C9500009D3020070B51D460C4B002818BF0346D2
:10C960000B481E68864282B00DD1002603F58E70FA
:10C9700000963346144600F017FB002818BF3446D3
:10C980002C6002B070BD0348FBE700BFEC42002002
:10C99000A5BCC95AE88FFFFF10B5044650B16368C3
:10C9A00013F0685F05D0064A934202D0002323604B
:10C9B000626010BD034B04485B689847EFE700BF17
:10C9C0002C5F5CA95008002058C10300C8B143681F
:10C9D0000D4A934213D013F0685F0ED0012350E844
:10C9E000002F194640E8001C9CF0000FF7D1012AE7
:10C9F000F5D0BFF35F8F00207047044870470448AC
:10CA000070476FF4E04070472C5F5CA9E98FFFFF2F
:10CA1000EA8FFFFF80B14368094A93420AD013F0BE
:10CA2000685F05D0BFF35F8F00230360184670472F
:10CA300004487047044870476FF4E040704700BFF7
:10CA40002C5F5CA9E98FFFFFEA8FFFFF10B504465A
:10CA500020B1044B63600022226010BD0248FFF742
:10CA600027FFF6E73A00003A80C1030070B5D0E92D
:10CA70000023174C174D6360D0E90230C4E902303F
:10CA800022604868D1F800C0134BC3E900C0D5F854
:10CA90001801D1F808C0C3F808C010F0685FD1F8D9
:10CAA0000CC00969C3F80CC0196110D00B49C5F856
:10CAB000BC110023C5E9453105F58A70C5F8B831C8
:10CAC0009047236805F5DC70BDE87040184770BDDD
:10CAD0006C080020EC420020580800202C5F5CA964
:10CAE00038B131B1014400220346013081421A704D
:10CAF000FAD1704738B131B1014400220346013008
:10CB000088421A70FAD170472DE9F04FB2F5C07F14
:10CB1000B5B000F2D780DFF8B49114460D464FF45B
:10CB2000D07200210DF15C080746484608F059FE16
:10CB3000404601F051F9002309F11806A9F8103018
:10CB400063BA29462246A9F812303046202389F8D4
:10CB5000173008F01EFE5E4B079303F1043380226A
:10CB6000089303F104330993325503F1043307A901
:10CB700040460A9301F046F9824600287FD104F12D
:10CB800019030BAE0FAC029303970196049401981E
:10CB9000DFF840B11022002108F023FEDDF808A0E4
:10CBA00005940E9B5BF8044C5BF80C7C0B995BF8CE
:10CBB000100C5BF8085CDDE90C625C40019B7E4078
:10CBC000554081EA00071A4601214046CDE90B761F
:10CBD000CDE90D5401F030F9BAF1100F94BFAAEB72
:10CBE0000A0AAAF1100A0BF1100B002865D1BAF15C
:10CBF000000FD6D1059C01992046102208F0C9FDEE
:10CC000099F8033010340133A04589F80330BED1C0
:10CC1000049C039F019E80222146404601F0F2F8C9
:10CC2000824670BB07F120093D4613AB1A4601212D
:10CC3000404601F001F91022824613A92846154406
:10CC4000BAF1000F1DD108F0A4FD4D45EDD14046CD
:10CC500001F0D2F81D484FF4D071FFF74BFF20468A
:10CC60002021FFF747FF07A81021FFF743FF3046B9
:10CC70001021FFF73FFF504635B0BDE8F08F0FACF5
:10CC80000BAE404601F0B8F810484FF4D071FFF7F2
:10CC900031FF20462021FFF72DFF07A81021FFF7C5
:10CCA00029FF10213046FFF725FF20213846FFF7E6
:10CCB00021FF504635B0BDE8F08F039F019E049CD4
:10CCC0008246DEE76FF0370AF3E700BFBC4400207E
:10CCD00000010203CC4400202DE9F04188B0044655
:10CCE0000D4620220021684608F07BFD04F1200655
:10CCF0006F46E27B0132D2B2E273002A4DD1A27BB1
:10CD00000132D2B2A273002A47D1637B0133DBB276
:10CD10006373002B41D1237B0133DBB22373002BE0
:10CD20003BD1E37A0133DBB2E372002B35D1A37A36
:10CD30000133DBB2A372002B2FD1637A0133DBB254
:10CD4000637253BB237A0133DBB223722BBBE379CB
:10CD50000133DBB2E37103BBA3790133DBB2A3710F
:10CD6000DBB963790133DBB26371B3B92379013382
:10CD7000DBB223718BB9E3780133DBB2E37063B9C3
:10CD8000A3780133DBB2A3703BB963780133DBB224
:10CD9000637013B92378013323703B462246012187
:10CDA000304601F049F8804650BB103708AB9F422F
:10CDB0009FD1029AAB68039F079953400293304674
:10CDC000EE68009B7E400396049F2E697E40049689
:10CDD0006E69059F7E400596069FAE697E40069669
:10CDE000EE697140079129684B40009301996B6887
:10CDF00080224B406946019301F004F8804638B127
:10CE000068462021FFF776FE404608B0BDE8F08175
:10CE100010220DEB0201204608F0BBFCF0E700BF3A
:10CE20002DE9F84304468069B0F5C07F52D81D460D
:10CE3000C0F5C073AB424DD3C5F5C0731B1A934206
:10CE4000164647D3DFF898904FF4C0720F46484615
:10CE5000002108F0C6FCD4F89430A269D4F89800F8
:10CE600049469847002838D1D4F818803DB1D4E914
:10CE700025302A4609EB0801984770BBA84407B142
:10CE8000C6B9174942460846FFF73EFE054638B187
:10CE900013484FF4C071FFF72DFE2846BDE8F88314
:10CEA0000F492046FFF718FF05460028F0D101235F
:10CEB0002361EDE709EB08003946324608F069FCCA
:10CEC0000749B04442460846FFF71EFE05460028C3
:10CED000DED1E5E76FF03705DFE76FF03305DCE71C
:10CEE0005C46002010B5A4220446002108F079FC1D
:10CEF000064B4FF0FF314FF6F0722161E26104F111
:10CF00009C001B68BDE81040184700BFBC0800200B
:10CF10002DE9F04385B005460F4616460021102244
:10CF20006846994608F05DFC1D4B05F19C081B689E
:10CF30004046984720B10446204605B0BDE8F0833E
:10CF400005F12004204600F047FFAA69C5E92576CF
:10CF50002E69E2B92022002EAA611FDB2046694615
:10CF6000802200F04FFF044630B90C9A3346494600
:10CF70002846FFF755FF04460A4B40461B68984772
:10CF8000002818BF0446204605B0BDE8F083002EF7
:10CF9000E4DA172A02D801325608DFE70026DDE777
:10CFA000B8080020B40800202DE9F04F8DB0B2F58C
:10CFB000806F169F00F2E380B7F5807F00F2DC807F
:10CFC000044615460E462022002104A8984608F083
:10CFD00008FC6C4B04F19C091B6848469847834643
:10CFE000002840F092802269E3699A4200F3918020
:10CFF0006369002B40F08D80002F40F0A980DFF89E
:10D0000088A16F46002D00F0988004F120086F463B
:10D010000EE0102DAB4628BF4FF0100B30465A469D
:10D02000394608F0B6FBB5EB0B055E4400F0858091
:10D03000E37B0133DBB2E373002B4DD1A37B0133E0
:10D04000DBB2A373002B47D1637B0133DBB2637385
:10D05000002B41D1237B0133DBB22373002B3BD167
:10D06000E37A0133DBB2E372002B35D1A37A0133CB
:10D07000DBB2A372002B2FD1637A0133DBB2637270
:10D0800053BB237A0133DBB223722BBBE379013329
:10D09000DBB2E37103BBA3790133DBB2A371DBB96C
:10D0A00063790133DBB26371B3B923790133DBB246
:10D0B00023718BB9E3780133DBB2E37063B9A378F2
:10D0C0000133DBB2A3703BB963780133DBB2637029
:10D0D00013B92378013323703B4622460121404691
:10D0E00000F0AAFE8346002893D0DAF800304846C4
:10D0F00098472021034604A8002B18BF9B46FFF742
:10D10000F9FC10213846FFF7F5FC58460DB0BDE894
:10D11000F08F3A46414600232046FFF781FEDFF8B4
:10D1200068A000283FF46DAFDAF800304846984711
:10D13000834600283FF465AFE7E704A92046FFF7E0
:10D14000CBFD83460028D0D1236901332361CCE78E
:10D150003A46414604A8FFF7D7FC834618B1DFF8EA
:10D1600028A06F46C1E704A92046FFF7B5FD834616
:10D1700000283FF444AFF2E76FF0370BC5E76FF0DC
:10D18000350BC2E7B8080020B40800202DE9F043B1
:10D19000202B8BB01D4606468846914626D8DBB22A
:10D1A00002AF8DF80480B0468DF8053058F8041BA6
:10D1B00021B9404600F084FE044640B901233360A3
:10D1C000022201A9404600F08FFE044638B13846DD
:10D1D0002021FFF78FFC20460BB0BDE8F0832A46E4
:10D1E0004946404600F080FE0446F0E702AF19468B
:10D1F000104600233A4600F0FDFF04460028E6D121
:10D200002023B9461D46CCE7F0B5D0F8F830A7B0DA
:10D21000002BD8BF02AE2CDDD0F80C410546002310
:10D2200002AE0193A4F10107D0F80001D5F8FC404B
:10D2300001AB90223146A047B7FA87F77F09044631
:10D2400010B9019B3BB9A7B130469021FFF752FCC2
:10D25000204627B0F0BD014632462846FFF796FF2C
:10D2600050B9D5F80431019A1344C5F80431002FA0
:10D27000EAD16FF03C04E7E70446204627B0F0BD52
:10D2800070B50025044604F5887614222946C0F8B6
:10D29000F850FC3008F0A5FA08222946304608F07C
:10D2A000A0FA154B30461B689847204640F8045BAF
:10D2B00000F0ECFD114B30461B689847D8B9D4F804
:10D2C000F830AB4211DC03EB830204EB8202202135
:10D2D000C2F808110121C2F80C1101330849C2F843
:10D2E0000001C2F8FC10C4F8F830064B30461B6849
:10D2F000BDE87040184770BDBC080020B808002089
:10D30000DDDC0200B40800202DE9F047202A88B0B7
:10D3100079D83E4B00F588791B6804464846174685
:10D32000884698470546F8B9D4F8F83040F2011617
:10D33000002B64D02046FFF767FF054638B9D4F8C4
:10D34000F830002B14DC013EF2D16FF03B056E4645
:10D3500020213046FFF7CEFB2D4B48461B689847EF
:10D36000002818BF6FF01D05284608B0BDE8F087FB
:10D37000D4E94132934203D3D4F80C21012A02D0DC
:10D38000013ED7D1E1E71F2BFAD96E460146202294
:10D39000304604F1040A08F024FA3146504600F001
:10D3A000CDFD05460028D3D1504600F083FD504600
:10D3B00000F06CFD2946504600F082FD054600282D
:10D3C000C6D150462022314600F08EFD0546002889
:10D3D000BED1034632462021304600F00BFF054601
:10D3E0000028B5D1D4F8F830002BC4BF0023C4F80E
:10D3F00004313A464046314608F0CBF9A8E76FF0D1
:10D400003F056E46A4E76FF03B05ADE7B808002086
:10D41000B408002030B58DB00021282202A8019167
:10D4200008F0DFF902A800F00DFF044610B1204615
:10D430000DB030BD174D4FF0FF31286800F044F9B2
:10D44000044620B11448FFF733FA012C18D000200D
:10D4500000F06AF9D0B9114A02A901A800F030FC25
:10D460000446012000F060F960B9286800F034F942
:10D470000028DCD00A48FFF71BFA20460DB030BD6B
:10D480000524F2E70748FFF713FAEEE70648FFF72F
:10D490000FFAE0E7A0080020A4C10300DC47002049
:10D4A000FCC10300DCC10300BCC1030030B583B084
:10D4B00000F05CF828B100F0ABF80324204603B07C
:10D4C00030BD00F077F8D8B900F02EF9E0B9224C61
:10D4D000D4F828391B0EF02B0AD1D4F8242A1F4B7C
:10D4E0009A4231D000F044F8072400F091F8E5E7C3
:10D4F00000F03EF800F08CF80624204603B030BD62
:10D500000424204603B030BD00F032F800F080F86B
:10D51000FFF780FF044698B9114D2B68002BCDD141
:10D5200002460146FFF7E6F950B90E4901AB682201
:10D53000FFF710FA20B90C4B2B60204603B030BD2A
:10D540000524204603B030BD012000F0EDF800288E
:10D55000DAD1C4F80C0ADBE700B002500000E0208A
:10D56000FC490020004A00205AEA5A5A002070471D
:10D5700000207047430504D5044B4FF0FF32C3F839
:10D580000821024BC3F8080A704700BF00B00250E0
:10D59000014BC3F8040A704700B0025008B100F014
:10D5A0006BB84FF47500704708B100F04FB84FF4F6
:10D5B0007500704710B5114800F072F800B110BD49
:10D5C0000F4800F06DF80028F9D10E4C204600F00D
:10D5D00067F80028F3D10C4B0C481C6000F060F891
:10D5E00001460028EBD100F02DF8044608B1204692
:10D5F00010BD00F07BF82046FAE700BFB00800201D
:10D60000AC080020A8080020A0080020A4080020E2
:10D6100008B5084800F04EF8074800F04BF80748F6
:10D6200000F048F8064800F045F8BDE8084000F072
:10D630000BB800BFB0080020AC080020A8080020EC
:10D64000A408002000207047704700BF10B4094CA8
:10D650000246D4F8003A1342FBD021B1D4F8043189
:10D660000B60C4F80831034BC3F8082A002010BC33
:10D67000704700BF00B00250044AD2F8003A184286
:10D68000FBD0C2F8080A0020704700BF00B002506B
:10D6900008F08DB808F0A5B80A46002108F0A1B836
:10D6A00008B5034B02681B6810689847002008BD46
:10D6B0006C08002008B5034B02685B681068984747
:10D6C000002008BD6C080020024B02689B681068AF
:10D6D000184700BF6C08002008B5034B0268DB68E0
:10D6E00010689847002008BD6C08002070B5094CF0
:10D6F000094D2069AB68984718B1084B08485B682A
:10D700009847084AEB68206900211160BDE8704025
:10D71000184700BF580800206C080020500800205F
:10D7200014C20300684A0020F8B51A4D1A4E044688
:10D73000B26828699047E8B9184F3B684CB1A3B16B
:10D74000012B19D0013B3B602869F3689847002002
:10D75000F8BD43B9124A0121C2F800151149D1F8A8
:10D760001029002AFBD101333B60F36828699847F0
:10D770000020F8BD0C48F8BD0A4AD2F81039002B39
:10D78000FBD1074A6FF07E40C2F80035FFF700FF7B
:10D790003B68D7E7580800206C080020684A002042
:10D7A00000A0025000B00250E98FFFFF014B1B6840
:10D7B000184700BF6C080020014B9B68184700BF4A
:10D7C0006C080020014BDB68184700BF6C08002084
:10D7D0002DE9F047002878D00C46002975D01D4669
:10D7E000002B72D007461AB1012200232A60036081
:10D7F0002B68002B64D02946204600F0DBFD8046D4
:10D8000000285FD12868214600F0BAFD8046002834
:10D8100058D12B68082B6CD0042B6DD0A3F10209D2
:10D82000B9FA89F94FEA5919354E0121C6F8C411E0
:10D83000C6F84011C6F8C411636AC6F83031D6F88C
:10D8400030219342F6D14FF0000A4FF0FF30C6F876
:10D850002CA1FFF78FFE6FF01B03C6F80031504676
:10D86000FFF796FEC6F80C91D6F8040A40F48060E3
:10D87000FFF78EFE0A23C6F83831089B012B29D00A
:10D880002369204AA2FB03231B09626A02FB03F3FC
:10D8900003EB43031A4ADB039B09C2F8D831012387
:10D8A000C2F82C313B682A6823F07F4343EA0263C5
:10D8B0003B602A6843EA02233B604046BDE8F087AC
:10D8C000DFF844804046BDE8F087DFF840804046FE
:10D8D000BDE8F0874FF08053D3F80C2C013206D00E
:10D8E000D3F80C3C074AA2FB03231B09CDE7162300
:10D8F000CBE74FF0030997E74FF0020994E700BF29
:10D9000000B00250ABAAAAAA310CF100350CF1000C
:10D9100050B34B1EB3F5047F26D24FF0000C30B548
:10D92000CD00E6466446630904F01F0150F8233039
:10D930001F2923FA01F306D003F001031CB90124C7
:10D940009E46A446EFE79E4504F1010406D09E469C
:10D950004FF0010CAC42E6D1002030BD0CF1010CBF
:10D960009445F7D1014830BD00487047360CF100AE
:10D97000C8B32DE9F0434C1EB4F5047F1CD2DBB1D3
:10D98000D2B14FF0000ECF007646F046754603F157
:10D99000FF396C0905F01F0150F824401F2924FAB3
:10D9A00001FC0CD00CF0010C4DB90126E0463546C7
:10D9B000B646EEE7964218D90D48BDE8F0837345A8
:10D9C0000CD0C44508BF0136F145F3D00EF1010E6D
:10D9D0000135BD42DDD10020BDE8F0834FF0010EDE
:10D9E000E0467646F4E7024870479E46F0E700BFFF
:10D9F000370CF1002DE9F04F91B00D46DDE91B41E8
:10DA0000824600296ED1286906901A981C6000236E
:10DA10000360002A00F02E819C4B6A6AD3F838110B
:10DA2000D3F830319A4269D10A2967D19AF8033084
:10DA3000089304F1080306990793954B934CA3FBB5
:10DA400001239B0803EB4303A1EB4303039304234C
:10DA500005931A9B069E1E60002E00F0E9800027A9
:10DA600000F0B8FC0997BAF1000F00F0D580DDF89E
:10DA70001C804FF00109002D00F0CE80089B002B88
:10DA80003ED008A9284600F095FC00283AD0814BEA
:10DA9000984220D0089B082B00F0E4805B00002215
:10DAA0000893009208AB29465046FFF791FE7A4B47
:10DAB000984200F0D38070B9DAF80020130A03F41A
:10DAC0007F03134323F07F43CAF80030059B013BDB
:10DAD0000593BED10020039000F07CFC039811B0A8
:10DAE000BDE8F08F4FF08050D0F80C6C013614BFB9
:10DAF000D0F80C0C4FF40470069086E76748EAE70C
:10DB00006548C4E70898294600F03AFC0028BED1D1
:10DB1000089B082B00F0A880042B00F0A880A3F13C
:10DB20000203B3FA83F35B090493C4F8C491C4F805
:10DB30004091C4F8C4916B6AC4F83031D4F83021F4
:10DB40009342F6D14FF0000BC4F82CB14FF0FF30E8
:10DB5000FFF710FD6FF01B035846C4F80031FFF7C4
:10DB600017FD049BC4F80C31D4F8040A40F480601B
:10DB7000FFF70EFD0A23C4F838312B69ABF1553B92
:10DB8000ABFB03236A6A1B0902FB03F303EB4303AA
:10DB9000DB039B09C4F8D831C4F82C91DAF80030C3
:10DBA000089923F07F420B0243EA01631343CAF84A
:10DBB000003009A800F0D4FB099B03F01A030343CB
:10DBC0007FF468AFABFB063BD4F814310A93D4F86A
:10DBD00018310B93D4F81C310C93D4F820310D93E9
:10DBE000D4F824310E93D4F828310F93B7EB9B0F60
:10DBF00001D1039B93B9404618220AA9183EFFF7AA
:10DC000047FD08F11808013796B100F0E3FB002347
:10DC10000993002D7FF432AF214838E74046F61AC9
:10DC20001A460AA998440137FFF732FD002EECD1BD
:10DC3000069F079E6A6939463046FFF769FEAA6962
:10DC400040B94FF4806339463046FFF791FE002813
:10DC50003FF440AF1A9A0023136018E72B6A002B99
:10DC60003FF439AF0F4836E7032304935DE70223FF
:10DC700004935AE7009108AB012229465046FFF76A
:10DC8000A7FD00283FF4D5AE25E700BF00B0025045
:10DC9000ABAAAAAA020CF100310CF100300CF10081
:10DCA000350CF100320CF10010B4DDE901340194BF
:10DCB000039C02940024039410BCFFF79BBE00BF9A
:10DCC00010B586B005AB0124CDE9012400930022F4
:10DCD00004ABFFF78FFE06B010BD00BFF0B587B0F4
:10DCE000002966D01E46002B63D01446002A60D05F
:10DCF000314F0D4638684FF0FF31FFF7E5FC002843
:10DD00004DD10020FFF710FD002844D12B4800F032
:10DD100099FA0346D8B101204FF0FF35FFF704FD13
:10DD2000002834D126484FF40871FEF7D9FE254863
:10DD30000421FEF7D5FE21482821FEF7D1FE3868E0
:10DD4000FFF7CAFC00282ED1284607B0F0BD1C4AB8
:10DD5000029205AA019204AA039000921749194859
:10DD60001A46FFF7A1FF03460028D4D128461D46D6
:10DD7000059B04999C42224628BF1A46326008310E
:10DD8000FFF786FC0120FFF7CFFC0028CAD00E4821
:10DD9000FEF78EFDC6E70D48FEF78AFDB6E70C4894
:10DDA000FEF786FDADE70B48FEF782FD284607B07B
:10DDB000F0BD4FF0FF35C7E7A0080020704A0020F3
:10DDC000984A00206C4A0020DCC10300BCC103005B
:10DDD000A4C1030034C2030010B5044630B10022D0
:10DDE00001236265A265E365236610BD0148FEF765
:10DDF0005FFDF4E74CC2030018B174220021FFF765
:10DE000049BC704790B1A1B110B5802A4FF0000411
:10DE1000846380F83C4006D1102204631044FFF76D
:10DE200037FC204610BD6FF01F0010BD6FF02100C1
:10DE300070476FF01F00704728B322B31BB301294E
:10DE400021D870B50446816B86B017D0012917D14F
:10DE5000102500210DEB0506616310460095019623
:10DE600002AA294600F0C2FA50B92B46324602A94E
:10DE7000204600F043FD18B906B070BD0029E7D078
:10DE80006FF02100F8E76FF02100704710B50446ED
:10DE900028B12046F421BDE81040FFF7FDBB04483F
:10DEA000FEF706FD2046F421BDE81040FFF7F4BB65
:10DEB00060C2030010B1F421FEF712BE704700BF2C
:10DEC00008B521B1012908D06FF0360008BD012145
:10DED00000F058F80028F7D108BD022100F052F8F0
:10DEE0000028F9D0F0E700BF30B505468818B0F536
:10DEF000801FA1B00B46144601D8802A0CD9B3F577
:10DF0000801F17D922461946284600F07DF804469E
:10DF100084B9204621B030BD6846FFF7B9FB2246E0
:10DF20006946284600F070F8802104466846FFF7ED
:10DF3000B3FBEDE76FF03604EBE700BF70B5E8B177
:10DF40000E46D9B1044600F031F80546B0B9236851
:10DF5000012B0BD0022B01D0284670BD1C2204F1EE
:10DF600008013046FFF794FB284670BD202204F1DB
:10DF700008013046FFF78CFB284670BD6FF0360570
:10DF8000EAE700BF78B138B504460D46F021FFF747
:10DF900083FB40232560E365204600F05BFA0038F0
:10DFA00018BF012038BD0120704700BF70B5056E55
:10DFB000A4B0044604AEE5B90122002362603046F5
:10DFC000CDE9003302AA294600F010FA10B1012071
:10DFD00024B070BD2A4602A9204600F063FA00284A
:10DFE000F5D1204600F074FB0028F0D1206624B063
:10DFF00070BD802D2A4600F1640128BF8022304682
:10E00000FFF746FB256ED7E7002800F0AE802DE92C
:10E01000F04F1446A5B0002A3DD00F46002949D044
:10E02000B2F5803F0546006E20D34FF6FF7805F12C
:10E03000640AEB6D1A1AB2FBF3F103FB1122002AFA
:10E0400065D18342B9464FF6FF7672D0B6FBF3FB3B
:10E0500003FB0BFBBBF1000F30D1002E45D1A4F523
:10E060007F44FF3CB4F5803F4744E2D2EA6D161A84
:10E07000B6FBF2F302FB1366A64228BF2646002E2B
:10E0800075D1824200F08D80B4FBF2F602FB06F6F9
:10E090002EB9002C79D1002025B0BDE8F08F0023E7
:10E0A000CDE9003302AA3146384600F09FF9002836
:10E0B00000F09580012025B0BDE8F08F0023CDE968
:10E0C000003302AA5946484600F090F90028F1D1E1
:10E0D00002A95A46284600F0E5F90028EAD1A6EB45
:10E0E0000B06286ED944002EB9D01930494605EBED
:10E0F00080003246FFF7CCFAA4F57F44286EFF3C3F
:10E100003044B4F5803F4744286692D2AEE742459A
:10E1100028BF4246504439461646FFF7B9FA286EE2
:10E12000EB6D3044834207EB06092866A8EB060630
:10E130008CD1802B28BF80231A46514604A8FFF7B4
:10E14000A7FA0023CDE9003302AAE96D04A800F084
:10E150004DF90028AED1EA6D02A9284600F0A2F9D7
:10E160000028A7D1EB6D286670E70120704705F104
:10E170006403394632461844FFF78AFA286EEA6D7E
:10E180003044A41B374428667BE72B6E193305EB1C
:10E19000830022463946FFF77BFA2B6E23442B6619
:10E1A00079E7802A28BF802205F1640104A8FFF7DF
:10E1B0006FFA0023CDE9003304A8E96D02AA00F04C
:10E1C00015F900287FF476AFEA6D02A9284600F021
:10E1D00069F900287FF46EAFEA6D286654E702A95A
:10E1E0003246284600F05EF900287FF463AF3744DA
:10E1F000A41B4EE7F8B51C46054611480E461746C7
:10E20000FFF744FE21460E48FFF75AFE044620B1B0
:10E210000B48FFF74FFE2046F8BD09483246294615
:10E22000FFF762FE04460028F2D139460448FFF7A2
:10E2300085FE04460248FFF73DFE2046F8BD00BFBC
:10E24000B84C002030B583B01C2301A905460193CA
:10E2500000F032F8044638B9019B1C2B07D0144C4F
:10E260001C212846FFF718FA204603B030BDD5E937
:10E270000112131E18BF012300392A6818BF01219B
:10E280009B0043EA4103002A18BF43F00103EA68F8
:10E290000120E8612AB9C5E90834002BE4D1054C16
:10E2A000DEE743F008032046C5E9083403B030BD7B
:10E2B000370CF0000E0CF00018B111B10B681C2BDC
:10E2C00001D0012070474FF08053D3F8102C013259
:10E2D00014BFD3F8102C41F25C224FF0805302603F
:10E2E000D3F8142C013214BFD3F8142C41F6641265
:10E2F0004FF080534260D3F8182C013214BFD3F88A
:10E30000182C40F6D8624FF080538260D3F81C2C52
:10E31000013214BFD3F81C2C41F288324FF08053E5
:10E32000C260D3F8002C013214BFD3F8002C902225
:10E330004FF080530261D3F8042C013214BFD3F89C
:10E34000042C51224FF080534261D3F8082C013243
:10E3500014BFD3F8083C40F2373383610020704784
:10E3600008B501464FF48060FFF71EF9034B002209
:10E37000C3F8C821C3F82C2108BD00BF00B002506B
:10E380000138072805D8DFE800F0100E040A04045D
:10E39000040607487047CB684B62002070478B68C3
:10E3A0004B62002070474B68F6E70B68F4E700BF4C
:10E3B000310CF1000B6802E0082B0B6006D8026AF2
:10E3C00013424FEA4303F7D00020704700487047DC
:10E3D000310CF100044B0022C3F82C214FF4806073
:10E3E000C3F8C421FFF7C6B800B00250F0B583B03F
:10E3F0001D46B0F1005F4FF000038DF8073024D3C5
:10E400008C468444BCF1804F04461ED817460DF15B
:10E410000703012200F064FE0646B0B9099A9DF890
:10E4200007303C603B7192B14DB1024608990DF145
:10E430000703284600F054FE38B99DF80730099AC2
:10E4400030461560137103B0F0BD4FF475063046C9
:10E4500003B0F0BDD8B108B50368012B04D0022B7E
:10E460000FD043B10B4808BD0B4920220830FFF7FD
:10E470000FF9002008BD094914220830FFF708F9F8
:10E48000F7E7074920220830FFF702F9F1E74FF4D8
:10E49000730070470100F30070C20300B0C20300B4
:10E4A00090C203002DE9F843002900F0F9800446EA
:10E4B000002800F0F980036890460F46002B00F01A
:10E4C000C380013B012B00F2D78079484FF0FF3128
:10E4D0004FF00209FFF7F8F8002840F0BF80002055
:10E4E000FFF722F90646002840F0C280714AD2F8B0
:10E4F0001C39002BFBD16F4DD5F8203C002BFBD1F4
:10E500004FF0FF30FFF736F8D5F8040A20F040004E
:10E51000FFF73EF801230722C5F81838C5F800298F
:10E52000C5F8C437A36CC5F8CC37E36CC5F8D03751
:10E53000C5F8C09723685BB1013B012B18D8636A0B
:10E54000C5F85C36236AC5F85836E369C5F8543611
:10E55000584BA269C3F850266269C3F84C26226959
:10E56000C3F84826E268C3F84426A268C3F84026E8
:10E57000504AD2F81039002BFBD1B8F1000F5FD010
:10E580006368012B08BFC2F884364A4B3A68C3F867
:10E59000282C4020C3F82C8CFFF700F80646454A8B
:10E5A000D2F81039002BFBD1424AD2F8203C002B84
:10E5B000FBD123685BB1013B012B18D8D2F85C3644
:10E5C0006362D2F858362362D2F85436E361394B8D
:10E5D000D3F85026A261D3F84C266261D3F84826BE
:10E5E0002261D3F84426E260D3F84036A360314A72
:10E5F000D2F8CC17A164D2F8D017E164002301212E
:10E60000C2F8C417C2F88436C2F8C837D2F8103935
:10E61000002BFBD1C2F81838002E3BD1254BD3F884
:10E62000040A40F04000FEF7B3FF0120FFF77CF83A
:10E6300060BB1F48FFF750F810BB3046BDE8F883B9
:10E640000423C2F8C837AAE719484FF0FF314FF04A
:10E650000109FFF739F800283FF441AF1648FEF7EB
:10E6600027F90020FFF760F8064600283FF43EAF88
:10E670001248FEF71DF939E7114E3046BDE8F88320
:10E680001048FEF715F93046BDE8F8830E48FEF74E
:10E690000FF9CEE7102104F10800FEF7FDFFBDE7FA
:10E6A0000A4E3046BDE8F8834FF47306C5E700BF55
:10E6B000B008002000B00250A4C10300BCC1030098
:10E6C0000100F300FCC10300DCC103000300F30000
:10E6D00098B370B4D0E90241D0E9042326BA0DBA48
:10E6E00014BA19BAD0E9062312BAC0E9044182610A
:10E6F000D0E90842C0E902651BBA25BAC0E907356E
:10E7000014BAD0E90B23816A12BA09BAC0E90941E7
:10E71000C262D0E90D421BBA25BAC0E90C3514BA61
:10E72000D0E91023C16B12BA09BA1BBAC0E90E4175
:10E73000C0E91023002070BC70474FF4730070478D
:10E74000002847D090F83C30002B34D0032B10B574
:10E7500013D02248224C2268224B1268C3F80024AE
:10E7600022685268C3F8042422689268C3F8082417
:10E770002268D268C3F80C2410BD016B006C184CE1
:10E7800000F0A8FB0028E6D12268164B1268C3F8F7
:10E79000002422685268C3F8042422689268C3F8EF
:10E7A00008242268D268C3F80C2400F0A1FB0028DA
:10E7B000D1D1002010BD0B4B0269C3F8002442697F
:10E7C000C3F804248269C3F80824C269C3F80C247E
:10E7D000002070474FF47100704700BF0900F1003E
:10E7E0009C08002000B00250374A38B50446D2F8E1
:10E7F0001039002BFBD1344AD2F87034002BFBD1F6
:10E80000314AD2F8203D002BFBD12F4AD2F8203CD0
:10E81000002BFBD12C4AD2F8383D002BFBD12A4DDE
:10E82000D5F8383C002BFBD14FF0FF30FEF7A2FEAD
:10E83000636BD5F8040A23F00403032BE36D39D08E
:10E84000012B0CBF20F0800020F02000FEF7A0FE7E
:10E850001D4A0123C2F80039D2F81039002BFBD130
:10E86000194AD2F87034002BFBD11749C2F8BC34D6
:10E87000D1F81039002BFBD1134AD2F87034002B99
:10E88000FBD1626B22F00401032918BFA36B0E4970
:10E890004FEA820218BF03F0010302F01C021A4380
:10E8A000C1F8C024636B072B04BF0123C1F87C347B
:10E8B000002038BD012B0CBF20F0400020F01000DC
:10E8C000FEF766FEC4E700BF00B00250094A0A4BDB
:10E8D00011680968C3F8001411684968C3F8041482
:10E8E00011688968C3F808141268D268C3F80C2448
:10E8F000704700BF9C08002000B002502DE9F04F87
:10E9000085B0002900F0EC809046002A00F0E880F5
:10E910000546002800F029819946C36D0E46002B5C
:10E9200052D1B9F5805F54D295F83C30042B00F0F9
:10E93000FF800027AD484FF0FF31FEF7C5FE0028ED
:10E9400040F0D5800020FEF7EFFE002840F0D88090
:10E95000A7480123C0F81038D0F81049002CFBD18B
:10E960006B6B032B3ADC002B3BDAA24CA04AD2F8AB
:10E970001039002BFBD1002F40F0D1806B6BEA6D7A
:10E9800023F00403032B9A4BD3F8040A00F09F8072
:10E99000012A0CBF40F0800040F02000FEF7F8FD97
:10E9A000934B0022C3F810280120FEF7BDFE00287B
:10E9B00040F0B1808D48FEF78FFE002840F0A48023
:10E9C000204605B0BDE8F08F012BADD1B9F5803FF1
:10E9D000AAD3894C204605B0BDE8F08F063B012B39
:10E9E000C3D8AB6B012B00F2BE80EB6D012B7CD842
:10E9F0002B6E012B00F2E8802846FFF7F5FE044657
:10EA00000028B3D12846FFF79BFE04460028ADD16D
:10EA10006B6B072BA9D801229A4012F08A0F40F0A5
:10EA2000D58012F0440F40F0BA80D2079DD523F074
:10EA30000403032B32680DD02B6ED8F80010012B85
:10EA40006B4B0BBFC3F8281DC3F8301DC3F82C9DBA
:10EA5000C3F8349DEB6D012B654B0BBFC3F8282C1D
:10EA6000C3F8302CC3F82C9CC3F8349C6B6B23F098
:10EA70000403032B00F0A2802B6E012B14BF202077
:10EA80008020FEF78BFD044600287FF46FAF584BC3
:10EA9000D3F81049002CFBD1696B072914D8012247
:10EAA0008A4012F08A0F40F0BB8012F0440F0BD066
:10EAB000D3F860242A60D3F864246A60D3F8682409
:10EAC000AA60D3F86C34EB600123AB654EE7012AF2
:10EAD0000CBF40F0400040F01000FEF759FD5FE72A
:10EAE000464C204605B0BDE8F08F454C3EE7454812
:10EAF000FDF7DEFE0020FEF717FE00283FF428AFEA
:10EB00004148FDF7D5FE23E74048FDF7D1FE2046FA
:10EB100005B0BDE8F08F3E48FDF7CAFE4AE7042382
:10EB200085F83C30202105F11000FEF7B5FD25E702
:10EB3000296B286C00F0C0F998B9364F2C4C3B6813
:10EB40001B68C4F800343B685B68C4F804343B6855
:10EB50009B68C4F808343B68DB68C4F80C34296B44
:10EB600031B10127E6E62C4C00E74FF4710427E7AA
:10EB70002B6D0193EB6C009305F1100A4FF0100B15
:10EB8000CDF808A0CDF80CB0D5E91123286C00F021
:10EB9000B9F9002851D1002385F83C30E1E7144B46
:10EBA0002A68C3F860246A68C3F86424AA68C3F8B2
:10EBB0006824EA68C3F86C246B6B38E7EB6D012BB3
:10EBC00014BF102040205CE7144CCFE6084B2A68A5
:10EBD000C3F840246A68C3F84424AA68C3F84824E8
:10EBE000EA68C3F84C246B6B21E700BFB008002033
:10EBF00000B002500100F1000500F1000B00F1002F
:10EC00000300F100A4C10300BCC10300FCC1030068
:10EC1000DCC103009C0800200200F1000400F100A8
:10EC2000D3F840242A60D3F844246A60D3F84824F7
:10EC3000AA60D3F84C34EB6046E73B681B68C4F825
:10EC400000343B685B68C4F804343B689B68C4F8D4
:10EC500008343B68DB68C4F80C3459465046FEF76C
:10EC60001BFD98E72DE9F04109B302B304460028E3
:10EC700000F0AF801D46436B072B0E461BD05DB9DD
:10EC8000032B10D1836D73B900F16403456685666B
:10EC9000C56605670B6010252B4631462046BDE84A
:10ECA000F041FFF72BBE2F463846BDE8F081764F86
:10ECB0003846BDE8F081C36D002B40F08D80B5F57E
:10ECC000805F80F090801DB9A36D002B40F08B8099
:10ECD0006E484FF0FF31FEF7F7FC002840F08F80C0
:10ECE0000020FEF721FD002840F08580684A0123BE
:10ECF000C2F81038D2F81039002BFBD1636B032B0C
:10ED00004FDD063B012B4ED8A36B012B6DD8E36D75
:10ED1000012B78D8236E012B77D82046FFF764FDAE
:10ED20000746002840D12046FFF70AFD0746002885
:10ED30003AD1626B072A36D80123934013F08A0F29
:10ED400040F0818013F0440F6FD1DB072BD5504B7F
:10ED50000122C3F87C24C3F8BC543168002D56D17D
:10ED6000A16D09B9C3F82425494BD3F81079002FB8
:10ED7000FBD1616B072917D801228A4012F08A0F54
:10ED80006FD112F0440F0FD0D3F860242260D3F873
:10ED900064246260D3F86824A260D3F86C34E36022
:10EDA00002E0002BB0DA3B4F394AD2F81039002B81
:10EDB000FBD1C2F810380120FEF7B6FCB8B93348D1
:10EDC000FEF78AFC00283FF46FAF3348FDF770FD73
:10EDD0006AE74FF4710767E7012B7FF474AFB5F56D
:10EDE000803FFFF470AF2D4F5EE72D4FDCE72D48DD
:10EDF000FDF75EFDE3E72C48FDF75AFD76E72B486B
:10EE0000FDF756FD6CE72A4FCEE72A4FCCE7E26DBF
:10EE1000012A33D0C3F8301C1020C3F8345CFEF74D
:10EE2000BDFB074600289FD0BEE7194B2268C3F8F8
:10EE300060246268C3F86424A268C3F86824E268A6
:10EE4000C3F86C2483E7124B2268C3F8402462683D
:10EE5000C3F84424A268C3F84824E268C3F84C24E9
:10EE600075E7D3F840242260D3F844246260D3F8D5
:10EE70004824A260D3F84C34E36095E7C3F8281C1B
:10EE80004020C3F82C5CCAE70B00F100B00800205A
:10EE900000B002500100F100FCC103000500F100C8
:10EEA0000200F100DCC10300BCC10300A4C10300E7
:10EEB0000300F1000400F10029B9044B002814BF3D
:10EEC0001846002070470248704700BF0100F70055
:10EED0000300F70029B9044B002814BF184600208E
:10EEE00070470248704700BF0100F7000300F700B9
:10EEF000034B00200122C3F8380AC3F87824704776
:10EF000000B002502DE9F047CCB00024579DDDF849
:10EF10005881824689461646214674220EA81F460D
:10EF200006F05FFC802221462CA82B9406F059FCA9
:10EF30008423B5F57F6FCDE90A44CDE90C440593F0
:10EF400063D8FFF7C3FC05AB30462BAE01930295A7
:10EF5000DDE954233946009600F062F800284FD1CD
:10EF600003238DF813309DF813308DF87430072388
:10EF700000221C9010210EA81B9301240123CDE92F
:10EF80002423CDF86890CDF878A026940DF12009BF
:10EF9000FEF782FB102200920599CDF804900AAB8F
:10EFA000304606AAFFF722FA074670B11DE00EA907
:10EFB00008EB0700FEF76CFB10210EA8FEF76CFBB8
:10EFC0000134AD1B3744E4B224D0102D4A46059BD2
:10EFD0008DF8AC4006A90EA82E4628BF1026FFF7D4
:10EFE00041FE32460028E2D007460EA874220021D6
:10EFF000FEF750FBFFF76AFC38464CB0BDE8F087DF
:10F00000054F38464CB0BDE8F087044F38464CB049
:10F01000BDE8F0872F46E8E70E00F1000F00F10091
:10F020002DE9F04182B01E460A9D0023B5F57F6FA1
:10F0300001933ED8ED00B5F5807F174601F1FF3210
:10F0400034BF032304233F2A0C46009331D880B3F6
:10F0500066BB089A6AB3099A116851B3A21913449E
:10F06000994226D3089B01462246581CFEF710FB06
:10F07000089B04F102081C440023637026BB089B14
:10F080000095FF2D03EB080017D92B029BB243EA32
:10F090001523022201A90193FEF7FAFA08F10203EF
:10F0A000099A0020136002B0BDE8F0810FB1402E34
:10F0B000CFD90A4802B0BDE8F08101226946FEF7C7
:10F0C000E7FA08F10103EBE7089B324603EB08007F
:10F0D0003946FEF7DDFAB044D1E700BF06000080F4
:10F0E00000201870704700BF0CB430B589B00546D9
:10F0F0000C461C22002101A806F073FB02238DF8A8
:10F1000006300E4B0293059523462CB1B4F1004F07
:10F1100028BF4FF00043013B1D440DAA0C990695F2
:10F1200001A8009200F072F814B1059B00221A7039
:10F1300009B0BDE8304002B0704700BFF35703008C
:10F14000242AF0B5044601D8012A40D106F05AFB22
:10F150002D4B16221A5001B10C600020F0BD2F4635
:10F160003D4615F8010B2028F9D0A0F10906042E20
:10F170000346F4D92B282CD02D282CD101267B78BE
:10F18000BD1C302B2DD1287840F02000782824D1C8
:10F1900032F0100021D16B782C461022023500206D
:10F1A000392B82BF03F1FF3343F02003263B303B72
:10F1B0009A421AD9A0FB02040CB9C01801D346F038
:10F1C00002062F462C4617F8013B3D46E8E7074666
:10F1D000C6E70026D3E70026D3E7002A08BF0822A7
:10F1E000DDE7002A08BF0A22D9E701B10C60F20767
:10F1F00048BF4042B307B1D506F004FB024B2222C0
:10F200001A504FF0FF30A9E70C0000002DE9F04F35
:10F210008DB043680293837815469A07804640F183
:10F220000D8100240E78002E00F00A81252E0BD0CF
:10F230004B1C03930134029B4146304698470028FB
:10F24000C0F2F6800399EDE74E788B1C252E0393D0
:10F25000F0D00027B946BB46BBF11F0F38D8A6F146
:10F260002003102B0AD8DFE803F02A090930090926
:10F27000092109090928092D09091F00A6F13003F0
:10F28000092B33D92A2E37D11BF0400F55F8043BF8
:10F2900040F08280002BA7BF4BF0200B9946C3F1B2
:10F2A00000094BF0280B01E04BF0010B039B13F816
:10F2B000016B0393002ECFD130E04BF0020B4BF0EB
:10F2C000040BF3E74BF0080BF0E74BF0100BEDE706
:10F2D000BBF17F0F19D8A6F13003092BD2D81BF050
:10F2E000400F03D00A2101FB0737DFE70A2101FBAA
:10F2F00009394BF0200BD9E72E2E06D11BF0400F19
:10F3000040F09E804BF0400BD0E76C2E31D02BD8D4
:10F31000682E36D06A2E3CD04C2E3AD0002F46F0C4
:10F320002003B8BF2BF04002A3F16501BCBF1FFA58
:10F3300082FB0027022901D9612B2FD1073525F047
:10F340000705DFF8ACA2083507271BF0080F66D0C9
:10F350000AEB070B56465E4563D1A4EB0A0A06EB9F
:10F360000A02A9EB07096FE1742E9FD07A2E9DD077
:10F37000D4E71BF0800F18BF4BF4007B4BF0800BE1
:10F3800094E71BF4807F18BF4BF4007B4BF4807B29
:10F390008CE74BF4207B89E71F4687E7A6F16301E2
:10F3A000122900F2F080DFE811F013004F00EE00A8
:10F3B000EE00EE00EE004F00EE00EE00EE00EE007C
:10F3C000EE00FE00E900EE00EE001B00EE00AF00D4
:10F3D00055F8043B8DF8183001270DF1180AB4E7F1
:10F3E00055F804AB834BBAF1000F08BF9A461BF0E7
:10F3F000400F14BF39464FF0FF31504606F066F912
:10F400000746A2E7029B41462020984700280FDBD1
:10F41000013EB742F6D34C44A41BB14698E74E4692
:10F42000F7E716F8010B029B41469847002892DA4D
:10F4300098F8023043F0040388F802304FF0FF34AC
:10F4400020460DB0BDE8F08F1BF0800F34D01BF4C8
:10F45000007F2CD0073525F00705AA4669685AF8C1
:10F46000080B2BF010050029ADB237DA404261EBF2
:10F47000410145F480650DF1180B0A235A4606F048
:10F4800031F9A0EB0B0301936B0662D5019B25F0CC
:10F4900001019F4289B240F3A180002E00F09980C3
:10F4A00015F0100240F09C80BB460D4623E0AA46B2
:10F4B0005AF8040BC117D4E7AA461BF4807F5AF808
:10F4C000041B01D10846F5E71BF4007F15BF48B2C5
:10F4D00008B241F3C01141F3C031C2E750EA010361
:10F4E000C9D11BF0400FC6D0002FC4D12BF01102A0
:10F4F00095B2BB46019740F2064115EA01021CBFD6
:10F500000BF1010B00222CE02BF010021FFA82FB02
:10F510000A231BF0800C49D01BF400711DBF073576
:10F5200025F00705AA46AA461ABF5AF8080B6968CB
:10F530005AF8040B50EA010545D12BF016051BF0D3
:10F54000400FADB242D0002F40D12BF0170295B240
:10F55000019715F0100248D0019B002E42D103F113
:10F56000010B29075AD4EB0706D5D9456FDD019960
:10F57000A9EB0B035F18CB465B4649E04BF0100B41
:10F5800010237826C5E7782B04D1C6F1780343F021
:10F590001003BEE7029B4146252098470028FFF64E
:10F5A00047AF023447E608230026B2E7AA461BF419
:10F5B00080715AF8040BBDD01BF400711ABFC0B2A1
:10F5C000614680B2B6E72BF0060295B20DF1180B3A
:10F5D00054E725F01105ADB2BB468CE70D46B8E700
:10F5E0003B460D4603F1020BBBE7DDF804B082E7B2
:10F5F0002EC4030027C40300CDE904324146029B18
:10F60000202098470028FFF613AF049B059A01338A
:10F610009945F1DCA4EB0B01CC189B460AB3029B85
:10F620004146302098470028FFF602AF8EB90134DA
:10F630002744019B391B994224DC1D465DBB019A7E
:10F64000A9EB0B09224455461446914435E0019F2D
:10F6500092E7023441463046029B98470028E7DA99
:10F66000E6E640F206410D42E2D015F0020F14BF6B
:10F670002B20202015F4806F04F10104414618BFAF
:10F680002D20E9E7029B414630209847002804F1ED
:10F690000104CEDACCE606AB013D4146585D029B43
:10F6A00098470028CADAC3E6029B414620209847C3
:10F6B000002804F10104FFF6BBAEA9EB0403002B04
:10F6C000F2DCBFE5704708B520EAE070C117C90356
:10F6D00041EA5041C00340F2E733C0184FF47A7258
:10F6E0004FF0000341F10001D0F740FEFBF778FB3B
:10F6F00008BD08B58368DB6913B10122984708BDCE
:10F700006FF05700FBE708B503468C46006819798F
:10F71000DA8842EA0C02E6F7CFFC08BDC9000431E2
:10F72000084470474FEAC10C00EBC103DB889942E3
:10F730000CD08444BCF80410043240F82230CA00D3
:10F7400006328352DB000433C1527047C368012183
:10F75000914023EA0103C3600432002340F82230C1
:10F76000704710B5131D50F8234074B9C3680124C5
:10F7700094402343C360043240F82210CB001A1D8A
:10F7800089B281520633C15210BDE2000432835A5D
:10F790004FEAC10C0CF1040E20F80E300CF1060CEF
:10F7A00020F80C40DB00063389B2C1528152EBE7EE
:10F7B00000B5CB00023330F803E0A2EB010C891A4C
:10F7C00001EB5E014FEA4C0E20F803E04FEA410ED8
:10F7D000D300023320F803E020F832C0C35A02EB12
:10F7E000530220F832105DF804FB00B5C900023165
:10F7F00030F801E04FEAC20C0CF1020C30F80C308A
:10F800005B0803EB5E034FEA430E20F801E030F89B
:10F810000C1002EB510220F832305DF804FB043981
:10F82000081AC008704708B500EBC1035A8852088F
:10F83000B2FA82F2C2F11F02FFF774FF08BD08B5E9
:10F8400000EBC1035A885208B2FA82F2C2F11F02D9
:10F85000FFF787FF08BDF8B504460D46CE00B71C7C
:10F86000C15B05EB510100EBC1035B8813F0010F95
:10F870000CD0A15B691A04EBC1035B8813F0010F84
:10F880000ED029462046FFF7DAFFF8BDFFF7CBFF81
:10F89000E25B05EB520229462046FFF7A6FFE8E7A8
:10F8A0002046FFF7C0FFA15B2A46691A2046FFF7F2
:10F8B0009CFFA35BED1AE4E770B5B1FA81F3C3F1E5
:10F8C000230450F82450CDB1C3F11F024FF0030EB2
:10F8D000141D50F824404FEAC40C00EBC40676888F
:10F8E000B1EB560F14D98444BCF80640161D40F8FD
:10F8F0002640BEF1010E01D0A542E9D1C468C3F192
:10F900002002012393405B421C4005D1204670BD7C
:10F910002146FFF707FFF9E794FAA4F2B2FA82F260
:10F92000131D50F823402146FFF7FCFEEEE7F8B523
:10F93000056841B30B46AA68B2EBD10F25D90B334A
:10F94000DC0821462846FFF7B7FF0746F8B1C60096
:10F9500005EBC0035B88B4EB530F09D3AB195A888E
:10F9600042F001025A8039462846FFF7D7FEF8BD1B
:10F970000444224601462846FFF71AFF214628463E
:10F98000FFF75DFFEAE70020F1E70020EFE7002046
:10F99000EDE710B50C4611461A46029BA04710BD74
:10F9A0004038C0B23A288CBF00200120704770B5A3
:10F9B000144668B10D46194606462BB91046E6F7BF
:10F9C000C8F983B2013399B22A462046B04770BDC8
:10F9D0001046E6F7BEF90130F9E75BB32DE9F047D1
:10F9E00082B00746884691461D461A785E789C7814
:10F9F000DB7804EB820404EB43042C444FF0000A50
:10FA00000AE014F8013B45F823402046E6F7A1F947
:10FA1000013004440AF1010AB245F2D305F10803AA
:10FA200000936B684A4641463846FFF7B2FF02B082
:10FA3000BDE8F0876FF0150070472DE9F0410446EE
:10FA4000884600273E4607E0702D18D02846FFF76D
:10FA5000A7FFB8B9252D0ED014F8015B75B1002EA3
:10FA6000F8D04745F0D02846FFF79AFF0028F1D09C
:10FA700001370026EEE786F00106EDE70026304666
:10FA8000BDE8F0810026FAE70020704708B500F0D5
:10FA9000E9FA08BD0FB400B583B004A951F8040B0E
:10FAA0000191FFF7F3FF03B05DF804EB04B070477A
:10FAB000002383F31188BFF36F8F0423184602DFFE
:10FAC00070470FB400B583B004A951F8040B01913D
:10FAD000FFF7DCFF03B05DF804EB04B07047036987
:10FAE00013F0080F08D1C3680268934207D8436A2D
:10FAF0009B1A0B60012070470020086070479B1A1A
:10FB00000B6000207047036913F0080F07D182686B
:10FB100043689A4203D89B1A0B6000207047436ADF
:10FB200082689B1A0B600120704710B582B00446B2
:10FB300001A9FFF7D4FF20B1E368019A1344013B08
:10FB40000193606A019BC01A013802B010BD38B53C
:10FB5000036913F0040F00D138BD0446856AFFF72E
:10FB6000E4FF854202D9A06AA062F5E72046FFF7CC
:10FB7000DCFFF9E7C3681944036913F0010F04D1EE
:10FB8000426A914204D3891A02E0426A013A114062
:10FB9000C16023F008030361704710B400236FF3C2
:10FBA000000343F0020361F39F03026A046842F812
:10FBB000243003680B44026912F0010F04D1446A37
:10FBC000A34204D31B1B02E0446A013C23400360B0
:10FBD000C4689C420AD043681944036913F0010FBA
:10FBE00008D1436A994208D3C91A06E042F00802D4
:10FBF0000261F0E7436A013B1940416010BC704765
:10FC00002DE9F04F83B00446019117469846056AE6
:10FC1000C66805EB860B15F8263003F00303022BAC
:10FC200024D0002100233B60C8F8003019BB2369B1
:10FC300013F0020F73D0E36958469847824615F8CF
:10FC4000269019F001096CD015F8263013F0020F38
:10FC500039D0019BBBB962685244236913F001009B
:10FC600016D1616A8A4216D3521A14E055F826104A
:10FC7000C1F39D01D6E72046FFF77CFFE368A36050
:10FC80004FF001094DE019462046FFF786FFE2E7F5
:10FC9000616A01390A406260E168A268914206D057
:10FCA000A2682260E26043F00803236139E0524415
:10FCB00020B9616A8A4204D3521A02E0616A0139AA
:10FCC0000A40A260ECE701462046FFF753FFE368D5
:10FCD000A360019B23B1236A2268002143F822100C
:10FCE000019B5344C8F8003022681344226912F083
:10FCF000010F04D1616A8B4204D35B1A02E0616A8E
:10FD000001390B40236042F00802226115F82630C9
:10FD10006FF3000305F82630C7F800B001E04FF09C
:10FD20000009484603B0BDE8F08F30B453180469A9
:10FD300014F0010F04D1456AAB4204D35B1B02E00F
:10FD4000456A013D2B4005689D4214D000236FF3A6
:10FD5000000343F0020362F39F03046A44F8213076
:10FD600043681344026912F0010F09D1426A9342B9
:10FD700009D39B1A07E0016024F00804046103E042
:10FD8000426A013A1340436030BC704700B583B00B
:10FD900001A9FFF7B8FE0198003818BF012003B091
:10FDA0005DF804FBA0F13003DBB2092B02D80B7025
:10FDB00000207047A0F16103DBB2052B03D8573850
:10FDC000087000207047A0F14103DBB2052B03D877
:10FDD00037380870002070476FF0150070472DE924
:10FDE000F04383B0164601F0010202EB510898453A
:10FDF0002FD807464FEA5109F2B90024A1452AD964
:10FE000065000DF1070117F81400FFF7CBFF00287C
:10FE100028DB9DF807301B01335501350DF1070133
:10FE2000785DFFF7BFFF00281FDB335D9DF80720DB
:10FE3000134433550134E1E70DF107010078FFF772
:10FE4000B1FF00280BDB9DF8073006F8013B0137B6
:10FE5000D3E74FF00008404603B0BDE8F0834FF011
:10FE60000008F8E74FF00008F5E74FF00008F2E768
:10FE700001F00701838B23F007030B438383704753
:10FE80002DE9F04106460F469046816821B10C6885
:10FE90003CB131B90C4604E00C4602E02346214651
:10FEA0001C4669B14D6843463A463046A847002C87
:10FEB000F4D02368002BF2D0002CF0D12346EEE7DB
:10FEC000BDE8F081838B13F0070303D102680AB108
:10FED00003207047022B03D0012B06D0002070476F
:10FEE000C28B002AF8D10420704703680BB10520AB
:10FEF00070470020704750B110B50C4651B1081D35
:10FF000000F054F810B9A368032B06D810BD6FF0A9
:10FF1000150070476FF01500F8E76FF01500F5E772
:10FF20002DE9F04107460C4616461D461946201D90
:10FF3000E7F7F4FF28B180462B4632462146384683
:10FF4000C047BDE8F0812DE9F04180460C461746D8
:10FF50001E4604E033463A464046FFF7E1FF21687B
:10FF600031B10D68256063688B42F3D16560F1E7BC
:10FF7000BDE8F08170B138B50C46054669B10B6833
:10FF800073B14B687BB12022002105F02AFC2C6163
:10FF9000002038BD6FF0150070476FF01500F8E7CE
:10FFA0006FF01500F5E76FF01500F2E70246B0B10B
:10FFB000436803F00303022B0BD0032B04D0012B67
:10FFC00004D06FF01500704703685BB100209060AB
:10FFD00070470368002BF9D16FF0150070476FF080
:10FFE000150070476FF0150070477047037813F0E5
:10FFF000040F01D0002070470368C3F34A2000EBD0
:020000023000CC
:100000001350173020F00700800870470020704719
:100010000120704708B503F0E3FC08BD08B520EAED
:10002000E070C117C90341EA5041C00340F2E73311
:10003000C0184FF47A724FF0000341F10001D0F77D
:1000400095F9FAF7CDFE08BD08B500220023E7F7C1
:1000500079F908BD08B5E7F78DFB08BD08B5FFF7CE
:1000600095FE08BD00B585B0039102900020019077
:100070000090034602460146E8F724FD05B05DF80E
:1000800004FB08B50120E8F7A7F908BD08B5E8F7B3
:1000900041FA08BD08B5E7F763FAE8F7F5FA08BDD5
:1000A0000020704770B5536896689B1B8B420CD339
:1000B0000C46154613680A460146981905F069FB77
:1000C000AB682344AB60204670BD6FF01B00FBE7BC
:1000D00070B588B10E4614461946054633B1103046
:1000E000C2F34A23120D184405F053FB2C606E60D6
:1000F0002846E8F747FB70BDE8F76EF9FBE72DE906
:10010000F04383B006460F4615461C4603F101092D
:100110004FEA890808F1170020F007008008E8F787
:10012000F1F9002201928DF8049068B100F1140CED
:10013000019B0361964605E055F82E304CF8043BD0
:100140000EF1010EA645F7D3002267F3881268F37B
:10015000532200233146FFF7BBFF03B0BDE8F08315
:1001600000B583B00192012301AAFFF7C8FF03B0D5
:100170005DF804FB00B583B00092019302236A4648
:10018000FFF7BDFF03B05DF804FB00B585B0019239
:100190000293069B0393032301AAFFF7B0FF05B068
:1001A0005DF804FB08B5E8F7CDFB08BDF8B50746D8
:1001B0000D4614461E4605E0324621462846B847FD
:1001C000241A0544002CF7D1F8BD08B513460122C6
:1001D000E8F748FD08BD08B513460022E8F742FDE0
:1001E00008BD38B505460C4601F00101FFF7F3FFE5
:1001F00021462846E8F7DCFD38BD2DE9F04383B001
:1002000080460E4615461F46DDF828902C46102DD8
:1002100028BF1024CDF800903B4622463146404688
:10022000E8F7DAFD26442D1BF0D103B0BDE8F083DA
:1002300010B5044642685368126881680068FFF789
:10024000B5FF636800221A6010BD38B504460D463C
:100250000A2805D029462046E8F720FE002038BDB0
:100260000D20E8F71BFEF5E72DE9F04387B00646C1
:100270000C469046D1F808900F88C7F3821708788B
:10028000C0F3C2050846E8F789FC011E1ADA00230C
:10029000214651F8105BC5F34A256288C2F30B1260
:1002A000481905B90021CDF81480049203900291F9
:1002B00001970022009249463046E8F721FE07B038
:1002C000BDE8F0832846E8F701FB0346E0E7436812
:1002D0001B685B6899610020704708B543681B681C
:1002E0001868E8F765FE08BD38B50C4643681D6818
:1002F0006B689869E8F748F803460F22214628689A
:10030000984738BD4B09BFF35B8F50F82300BFF30C
:100310005B8F01F01F01084100F001007047436945
:100320001BB11B790B70002070476FF057007047AE
:10033000406920B108B50021FFF7E4FF08BD0020A7
:10034000704743695BB1BFF35B8F53E8001F41F017
:10035000010143E80012002AF7D1BFF35B8F704719
:1003600043695BB1BFF35B8F53E8001F21F00101CC
:1003700043E80012002AF7D1BFF35B8F704738B50E
:1003800003464469256815F020001CD0E268B2B12C
:10039000013AE260B2B9A2680021184690470028ED
:1003A00011DB0123237115F0040F0CD02069436980
:1003B0001B6813F0080F07D0FFF7E1FF03E06FF0B1
:1003C000770000E0002038BD6FF00A00FBE74B0922
:1003D000BFF35B8F50F82300BFF35B8F01F01F0169
:1003E000084100F00100704738B544692268E368AD
:1003F000B3B9054612F0040F09D0206943691B68A0
:1004000013F0080F11D0E8F78BFF00280CDBA3686E
:10041000012128469847002806DB0023237100E0CD
:100420000020E3680133E36038BD6FF00A00FBE7AA
:1004300010B50446406918B10721FFF7C8FF08B995
:10044000002010BD2046E9F70BF9FAE708B50022B5
:100450001146E9F763F908BD10B414460AB1002348
:100460001360D0B119B900201AE0013101300A78C7
:100470002AB103789A4202D10BB13D2BF5D172B962
:1004800003782F2B04D03D2B0CD06BB1002007E05C
:100490000CB101302060012002E0002000E00020CB
:1004A00010BC70470120FBE70120F9E710B40246B9
:1004B0000C4609B100230B6092B10020137833B1D0
:1004C0003D2B04D02F2B02D001300132F6E72F2B29
:1004D00001D010BC7047002CFBD001322260F8E73D
:1004E0000020F6E78B4201D90020704710B59446F2
:1004F0001C461A46614605F04CF9204610BD08B569
:1005000005F06FF908BDC30903EB430303EBC30315
:1005100083EA4000C0B270470378CA785340037042
:1005200043788A785340437083784A785340837085
:10053000C3780A785340C3700379CA795340037172
:1005400043798A795340437183794A79534083715F
:10055000C3790A795340C371037ACA7A534003724C
:10056000437A8A7A53404372837A4A7A5340837239
:10057000C37A0A7A5340C372037BCA7B5340037326
:10058000437B8A7B53404373837B4A7B5340837313
:10059000C37B0A7B5340C373704700B585B00278B4
:1005A0008DF8002042798DF80120827A8DF80220A2
:1005B000C27B8DF8032002798DF80420427A8DF8F1
:1005C0000520827B8DF80620C2788DF80720027AFC
:1005D0008DF80820427B8DF8092082788DF80A205A
:1005E000C2798DF80B20027B8DF80C2042788DF8B3
:1005F0000D2082798DF80E20C37A8DF80F301023EC
:100600006A461946FFF76EFF05B05DF804FB70B54A
:1006100006460C460878FFF776FF05466078FFF738
:1006200072FF6178A278E378484045406A405340C1
:10063000337025786078FFF766FF4540EDB2A0780B
:10064000FFF761FFA278E378504045406B4073703C
:10065000257863785D40A078FFF755FF4540EDB2FF
:10066000E078FFF750FFE37858404540B5702078B8
:10067000FFF749FF22786378A578504043405D40FA
:10068000EDB2E078FFF73FFF4540F57070BD10B563
:1006900084B0044601466846FFF7B9FF211D01A852
:1006A000FFF7B5FF04F1080102A8FFF7B0FF04F15E
:1006B0000C0103A8FFF7ABFF10236A46194620463A
:1006C000FFF710FF04B010BD0B4613F90F2B002AE3
:1006D00004DB4FF0000C00F10F0206E04FF0870C36
:1006E000F9E713F801094FEAD01C18788CEA4000AA
:1006F00002F801098B42F4D1704730B108B5582295
:100700000021FFF7FCFE012008BD00207047A0B1CA
:1007100010B5044610220021FFF7F1FE102200213F
:1007200004F13000FFF7EBFE0023636400224FF476
:100730008033C4E91423012010BD0020704738B372
:1007400070B50D461646044621B358220021FFF726
:10075000D6FEA66429463046E9F738F81022002173
:100760002046FFF7CCFEA26C21462046E9F790F820
:1007700004F1100521462846FFF7A6FF294604F19B
:100780002000FFF7A1FF2046FFF7C1FF012070BD49
:10079000002070470020FAE7002864D02DE9F041DE
:1007A0000D4616460446002A5FD0002960D0036D2E
:1007B000426D53EA02015DD0013B42F1FF32036515
:1007C0004265476C002F3DD0C7F1100846450DD358
:1007D00007F1300043462A4641462044FFF782FE97
:1007E000103F3E4445440023636413E007F13000AA
:1007F00033462A4631462044FFF774FE636C334487
:100800006364012032E0E25CE11891F830104A4064
:10081000E25401330F2BF6D9A26C21462046E9F7AA
:1008200037F80FE0E05C15F803C080EA0C00E054F4
:1008300001330F2BF6D9A26C21462046E9F728F8A0
:100840001035103E102E01D90023F2E70EB9012019
:100850000CE033462A46314604F13000FFF742FEF1
:100860006664012002E0002070470120BDE8F081AD
:100870000020FBE70020F9E780B338B50C460546B9
:1008800071B34A6C102A03D101F1100C002319E056
:1008900002F13000C2F1100200212044FFF72FFEC8
:1008A000636C2344802283F8302004F1200CEDE7B0
:1008B000E25CE11891F830001CF803104840424017
:1008C000E25401330F2BF3D9A26C21462846E8F7F6
:1008D000DFFF2046FFF711FF012038BD00207047E1
:1008E0000020FAE7FEE708B501460068E9F7EEF9EF
:1008F00008BD08B5E9F706FAE9F730FA08BD0020A7
:10090000704708B500231370CB1E092B1AD8DFE8F7
:1009100003F005090D111919191919141146E9F7F0
:100920009FFC08BD0021E9F7DBFBFAE70021E9F7AE
:100930004FFBF6E7E9F768FAF3E71146E9F7CEFA75
:100940000020EEE7E9F7D8FA0020EAE708B540B260
:10095000E9F77AFE08BD08B540B2E9F783FE08BDA5
:1009600008B500210120E9F7B1F908BD61B662B60A
:1009700080F31188BFF36F8F704772B6002383F343
:100980001188BFF36F8FBFF34F8F30BF62B6BFF3D5
:100990006F8F704772B6002383F31188BFF36F8F98
:1009A000BFF34F8F20BF80F31188BFF36F8F62B604
:1009B000704743685A1E134206D11F2B06D903689D
:1009C0001A4205D000207047002070470020704771
:1009D0000120704700B585B00B6801934B688A68A9
:1009E000202B12D9B3F1004F11D8013BB3FA83F396
:1009F000C3F11F035B0003F03E031343039301A9FC
:100A0000E9F776FF05B05DF804FB0823F5E73E2320
:100A1000F3E708B50B6949699847002008BD08B598
:100A2000EAF7B8F9002008BD4FF08053D3F8302121
:100A3000D3F83431082A01D000207047022B01D0AE
:100A4000002070470120704770B505460E46002112
:100A5000FFF72CFD0D281BD12B7B302B05D0312B24
:100A600019D10123337000240EE000233370FAE71C
:100A7000C4F10502324401231A44022105EB44006B
:100A8000FFF7ADF90134E4B2052CF1D9002070BDB7
:100A90006FF01500FBE76FF01500F8E700207047D6
:100AA00010B58AB00C4605A9EAF786FC69462046CF
:100AB000EAF782FC10220DF101010DF1150004F09E
:100AC000D3FD0AB010BD08B503780A78934207D168
:100AD000012B0CD0022B0ED02BB16FF0150008BDEE
:100AE000FFF7DEFFFBE740884B88C01AF7E7406856
:100AF0004B68C01AF3E710220131013004F0B4FD55
:100B0000EDE700B50346042A0FD0102A1DD0022AB3
:100B100002D000205DF804FB0022027048780A78B9
:100B200042EA00225A800120F4E701201870CA78B6
:100B300091F802C04CEA022C91F801E00A7842EAEE
:100B40000E2242EA0C425A60E4E70246022002F812
:100B5000010BD1F800E0D1F804C08868C968C3F877
:100B600001E0C2F804C09060D1600120D2E710B566
:100B70000446012300F8013B0621F4F729FE18B9C9
:100B8000A37963F03F03A37110BD0B6803608A88EB
:100B90008B7982808371037823F00203037070479E
:100BA0000078C0F3400070471070C0F30723537003
:100BB000030C9370000ED0701171C1F307235371B1
:100BC0000B0C9371090ED171704700B5C37981790F
:100BD00041EA03214279037943EA0223C27890F87B
:100BE00002C04CEA022C90F801E0027842EA0E22A0
:100BF00042EA0C4043EA01415DF804FB00207047E3
:100C0000053815280ED8DFE800F00B0D0D0D0D0D81
:100C10000D0D0D0F0F0D0D0D0F0D0D0D0D0D0D0FFC
:100C20000320704702207047012070474B09BFF333
:100C30005B8F50F82300BFF35B8F01F01F01084169
:100C400000F00100704701F01F02012393404909A1
:100C500000EB8100BFF35B8F50E8002F42EA0301F5
:100C600040E8001CBCF1000FF6D1BFF35B8F1342CC
:100C700014BF012000207047B2F801C0034623F8DA
:100C800090CBD1F800C0C0F890C0B1F804C0897909
:100C9000A3F804C09971B2F81730A0F8A630B2F8E2
:100CA0001930A0F8AC30B2F81B30A0F8AE30D378D1
:100CB000C3700023437270472DE9F04104460E468D
:100CC00015469846171D3846FFF76AFF78B1394632
:100CD0003046FFF75AFFD5F81130C4F80130B5F8A7
:100CE0001530A4F8053001232370BDE8F0813946A2
:100CF000404600F043F90368336082888379B2800C
:100D0000B3716B682360BA88BB79A280A371ECE7EA
:100D100070B5C468B4F80160237803B170BD0F21C9
:100D20003046EDF739FC054640B1E37843720121C6
:100D3000EDF7ECFA2846EDF791FAEFE7E178304667
:100D4000EAF7DAFBEAE701F01F0C012303FA0CF3E0
:100D500072B1490900EB8100BFF35B8F50E8002FAF
:100D60001A4340E800210029F8D1BFF35B8F704798
:100D7000490900EB8100DB43BFF35B8F50E8002F94
:100D80001A4040E800210029F8D1BFF35B8F70477B
:100D900038B50446022142F21600EBF7BDF968B1FE
:100DA000054602210C30F1F719FD2388038000224B
:100DB000294642F21600EBF7EFF938BD6FF06800F4
:100DC000FBE770B505460C46032140F20640EBF701
:100DD000A3F968B1064603210C30F1F7FFFC05804A
:100DE00084700022314640F20640EBF7D5F970BD21
:100DF0006FF06800FBE7F8B506460F46144606217B
:100E000042F22200EBF788F978B1054606210C3052
:100E1000F1F7E4FC33880380478084800022294670
:100E200042F22200EBF7B8F9F8BD6FF06800FBE77B
:100E30002DE9F04107460E4615461C46072142F2B1
:100E40003200EBF769F9A8B1804607210C30F1F7C1
:100E5000C5FC3B8803808670C57004719DF818300E
:100E6000A0F805300022414642F23200EBF794F937
:100E7000BDE8F0816FF06800FAE708B5EBF72AFEED
:100E800008BD08B5C068FFF7F8FF08BD02884388B1
:100E90009A4217D8052A17D9B3F5486F16D8818812
:100EA000B1F5FA7F14D2C088A0F10A0292B240F6DE
:100EB000764C62450ED801FB0333B3EB800F0BD2A7
:100EC00001207047002070470020704700207047C5
:100ED00000207047002070470020704770B505461D
:100EE0000C460E2142F22000EBF716F9C0B106467F
:100EF0000E210C30F1F772FC002303604360836025
:100F0000838105802388438063888380A388C3808E
:100F1000E3880381314642F22000ECF7BBF870BD54
:100F20006FF06800FBE710B50446F9F7C1FC2046F6
:100F3000ECF78EF90446F9F707FD204610BD0020B6
:100F40007047002070474B09BFF35B8F50F82300B8
:100F5000BFF35B8F01F01F01084100F001007047F3
:100F60001030BFF35B8F50E8003F23F0100340E8E0
:100F70000032002AF7D1BFF35B8F704710B919B167
:100F8000084670470020704700207047002847D06F
:100F900070B50C460546002945D000F11006012128
:100FA0003046FFF7D0FF30B3072142F23500EBF7B0
:100FB000B3F80646D0B307210C30F1F70FFC6A787E
:100FC000034603F8012B2268C0F80120A2889A800A
:100FD0000022314642F23500EBF7DEF8F8B9EB1C9F
:100FE0009C4205D02268C5F80320A288A5F80720F6
:100FF0000123AB7013E02368C5F80330A388A5F87C
:1010000007300123AB70BFF35B8F56E8003F43F01E
:10101000080346E80032002AF7D1BFF35B8F70BDAA
:101020006FF0150070476FF01500F8E76FF068007B
:10103000F5E7A0B110B582B0044606216846F4F782
:10104000C7FB08B102B010BD9DF8053003F03F03A7
:101050008DF8053069462046FFF798FFF2E76FF0FC
:101060001500704708B50021FFF77AFF08BD002082
:1010700070474B09BFF35B8F50F82300BFF35B8FC2
:1010800001F01F01084100F00100704738B500F180
:1010900010040E212046FFF7ECFF80B100250A2145
:1010A0002046FFF7E6FF08B145F001050D21204677
:1010B000FFF7DFFF08B145F00405284638BD0225DB
:1010C000EDE700B501F01F0201239340490900EB51
:1010D0008100D943BFF35B8F50E8002F02EA010C77
:1010E00040E800CEBEF1000FF6D1BFF35B8F134294
:1010F00014BF012000205DF804FB2DE9F04186B00B
:1011000005460E461446062142F23900EBF704F874
:1011100098B3074646B301210C3001F07CFD07F17E
:101120000C080121404601F076FD6978404601F047
:1011300072FDF4B12188404601F074FDDCB1A17864
:10114000404601F068FD0096072305F1100203A94F
:101150003846EAF7CFFF0022394642F23900EBF772
:101160001BF806B0BDE8F08100210C3001F053FD02
:10117000D5E70021DFE70021E2E76FF06800F0E744
:1011800008B50022FFF7B9FF08BD08B52030F8F711
:1011900037FA08BD08B52838ECF716FE08BD00B5CB
:1011A00001F01F0201239340490900EB8100D9435C
:1011B000BFF35B8F50E8002F02EA010C40E800CE3D
:1011C000BEF1000FF6D1BFF35B8F134214BF0120B5
:1011D00000205DF804FB4B09BFF35B8F50F8230040
:1011E000BFF35B8F01F01F01084100F00100704761
:1011F00010B5044627E0013BE36182F31188BFF399
:101200006F8F2046ECF792FEF7F70CFB1BE082F3A2
:101210001188BFF36F8F51B3EFF31183402282F334
:101220001288BFF36F8FCA68E2610022CA6083F33D
:101230001188BFF36F8F2046ECF704FE2046ECF7D1
:1012400075FEF7F7EFFAEFF31182402383F312886C
:10125000BFF36F8FE369002BCDD161690029D6D030
:101260000B686361A0698142D1D1A361CFE710BD52
:1012700010B50446006918B1F1F774F90023236131
:1012800010BD70B504460D461646ECF7FBFD324620
:1012900029462046ECF792FE70BDF8B506460D468D
:1012A0001746002403E06046ECF7D8FF0134AC4257
:1012B0001BD2C82000FB0460ECF79EFF8446002888
:1012C000F4D0837A012B06D05AB2002AEBD0073B28
:1012D000DBB2012BE7D8BCF80030BB4201D160463D
:1012E000F8BD6046ECF7BAFFE0E74FF0000CF6E718
:1012F00010B50446EDF7EAFC2046ECF7E3FC10BD20
:1013000038B505460C46ECF751FE034688B1057228
:101310002268C0F89020A188A279A0F8941080F8E3
:101320009620012282701822A0F8A8202822A0F876
:10133000AA20184638BD38B5037A8B421ED1044620
:101340001546072200F19001284604F08DF9B8B146
:10135000E3784BB1072204F19701284604F084F9A1
:10136000B0FA80F040090AE0072204F19E01284605
:1013700004F07AF9B0FA80F0400900E0002038BDAE
:101380000120FCE79030704770B505460C460E21F1
:1013900042F21300EAF7C0FEC8B106460E210C3037
:1013A000F1F71CFA002202604260826082812B8881
:1013B00003802388438063888380A388C380E38875
:1013C0000381314642F21300EAF7E6FE70BD6FF08A
:1013D0006800FBE77047704710B50C4643685B69CF
:1013E00098472046F1F7BEF810BD38B50446456869
:1013F000036823B16B6803B1984700232360E36857
:101400000BB1204698472B6A0BB12046984738BD50
:1014100010B401F1080300248C60846D2CB12360AA
:1014200083650860CA6010BC704783654365F8E750
:1014300010B5406D38B1083810F1080408D0846840
:1014400034B1083C04E0044602E0234620461C4632
:1014500040B1FFF7CAFF002CF7D0A368002BF5D0EE
:10146000083BF3E710BD08B50431EDF7DDF808BD22
:10147000F8B505460F4614461E46042102F10C003D
:10148000F1F78AF9238A043B03804780069B3246A2
:1014900021462846ECF712FEF8BD30B583B00C4665
:1014A000002300930A460521FFF7E2FF054610B925
:1014B000284603B030BD2046F1F754F8F8E72DE98F
:1014C000F843804617461C469DF82060B21C012058
:1014D000EDF752FC88B1054600F10C09022148469F
:1014E000F1F77CF9078024B132462146484601F0E5
:1014F00087FB29464046FFF7D0FFBDE8F883406DE3
:1015000010B1083800E0184650B1838A8B4207D0EA
:1015100010F10803F7D080680028F5D00838F3E709
:10152000704770B506460C46EDF734FB01460822BD
:101530001220EDF721FC88B1054608210C30F1F7A7
:101540004DF92388038063884380A3888380E388E0
:10155000C38029463046FFF7A0FF70BD6FF00B0037
:10156000FBE770470B4639B11168196041688A4240
:1015700009D00023136070471368036041688A42F2
:10158000F7D14360F5E74360F3E708B50A4603681F
:10159000002101E019461B682BB19342FAD1FFF7F5
:1015A000E1FF012000E0002008BD00207047034655
:1015B000408D5B8B984228BF1846704703460068F1
:1015C00020B102681A605968884200D070475A609A
:1015D000FCE720B119B1884206D8012070470AB152
:1015E000002313800020704702B110800020704754
:1015F00010F1FF0F01D20E2070474042C0B2704779
:101600000120704710B4D468237823B902312170C7
:10161000012010BC704702318B4205D0038A023B87
:10162000038200201061F4E70120F2E7D06803781C
:101630001BB9043101700120704704318B4206D080
:1016400091680B8A043B0B820020106170470120D7
:101650007047012070470620704706207047406899
:10166000704738B50446807AF0F74CFD054661694D
:1016700051B1637A13F0010F04D1C36A1B689B68F0
:1016800020469847002363612146284603F0DAFC90
:1016900038BD4B09BFF35B8F50F82300BFF35B8F5E
:1016A00001F01F01084100F00100704708B5002259
:1016B000002301F08CFA08BD38B504460D46836A54
:1016C00043B105F18803A26AC5F88820A362E26AE3
:1016D00022B138BD0C3003F09CFCF2E7E362F8E77E
:1016E0002DE9F04182B0064614464FF4957201464A
:1016F000206801F025F9207548BB0546276831466A
:101700003846FFF7A6FF28B1237A33B1182B18D03B
:101710002B4603E0082323751AE00223D6F808803D
:101720000193638A0093238AE26831463846C047B2
:10173000002802DB238A984205D0FFF759FF207565
:1017400006E00423EAE700232375012500E00025D5
:10175000284602B0BDE8F08101F01F02012393404A
:10176000490900EB8100BFF35B8F50E8002F42EA8C
:10177000030140E8001CBCF1000FF6D1BFF35B8F02
:10178000134214BF0120002070472DE9F04F85B0AF
:1017900080468946144602921D4643680393FFF72C
:1017A00006FF2346002202E0198A0A445B68002BE8
:1017B000FAD1904204D80024204605B0BDE8F08F4D
:1017C0000298F0F717FF07464FF0000A86E0198AE3
:1017D0000A445B68002BFAD1841A07F10C063046E4
:1017E00001F005FA844228D3304601F000FA06469B
:1017F000002E2FD0D9F80440F9683A8A0095B3B288
:101800000A4449460398A047041E58DB0E9B2BB19F
:101810000F9A214638469847002865D0A3462146AE
:1018200007F10C00F0F7DAFFA2442C44A5B24046C1
:10183000FFF7BDFE029B00224AE04046FFF7B7FEDD
:10184000029B002202E0198A0A445B68002BFAD14D
:10185000861ACDE7029B987AF0F754FC0022002309
:1018600001F0AFF9074650B10146029C2046F0F75F
:101870000DFF4046FFF79BFE3246234604E05446E8
:101880009AE7198A0A445B68002BFAD1841A07F197
:101890000C0B584601F0ABF9844204D3584601F0D2
:1018A000A6F90646A6E74046FFF781FE029B02E046
:1018B0001A8A16445B68002BFAD1861B9AE7BAF1A4
:1018C000000F3FF479AF544676E7198A0A445B6803
:1018D000002BFAD1904207D9B34505D14046FFF716
:1018E00066FE029B002275E7544665E72DE9F0414C
:1018F00082B007461446D2F80080D8F8046000236E
:10190000137395220146304601F01AF8207340BB4C
:10191000054639463046FFF773FED8B14046FFF71B
:1019200046FEA268138AC31A012B1BDD022102F1B5
:101930000C00F0F753FF0646002301930093A388A1
:10194000A26839464046FFF720FF002805DB3080BB
:10195000012507E00823237304E0FFF749FE207305
:1019600000E00025284602B0BDE8F0812DE9F041F5
:1019700082B007461446D2F80080D8F804600023ED
:10198000137395220146304600F0DAFF2073C8B980
:10199000054639463046FFF733FE10B90823237356
:1019A00011E0002301930093A388A26839464046C2
:1019B000FFF7EBFE002801DB012504E0FFF718FE2E
:1019C000207300E00025284602B0BDE8F0812DE933
:1019D000F84306460F461446D2F8008093684BB190
:1019E000A3681D78012D13D0022D2ED00025284686
:1019F000BDE8F883506801210C30F0F7EFFEA060DD
:101A000033681B7813B901230370E9E70223FBE76E
:101A1000336893F80090B9F1000F01D00025E6E794
:101A2000606804210C30F0F7D9FEE060078032686E
:101A3000E36852885A804046FFF7B9FD63681B8A05
:101A4000C01A0428D3D84D46D1E733681B78022B3F
:101A500001D00025CBE7606812210C30F0F7BEFE04
:101A6000E0600780E3683268D2F80150D2F80500E0
:101A7000D2F80910D2F80D20C3F80250C3F80600BE
:101A8000C3F80A10C3F80E204046FFF790FD6368C4
:101A90001B8AC01A122801D80025A8E70125A6E74D
:101AA00070B50668B36A53B1883B13F1880403D05C
:101AB000D3F8884004B1883C0022114604E01C465B
:101AC000FAE7254623462C468BB1834207D05D8D2D
:101AD000A94238BF29465B8B9A4238BF1A46002C70
:101AE000EFD0D4F88850002DECD0883DEAE7438D44
:101AF0008B4202D8448B944209D9408B824238BF32
:101B00000246994238BF19463068F0F707FA70BDAF
:101B100008B5EDF7C1FD08BDF8B505460C46FFF761
:101B200046FDA368002203E0B3F810C062445B687E
:101B3000002BF9D1904219D3AC63A668A360F8F7E3
:101B4000B7FE31462846FFF7E3FF074630B1A660EF
:101B50000023AB63F8F7F8FE3846F8BD2846FFF7D8
:101B600026FD0146204600F09DFFF3E76FF0790760
:101B7000F2E770B5044608460021FFF78AFD28B158
:101B8000261F54F8043C0BB1626B02B170BD5D6856
:101B9000002DFBD02A685A609968A9420FD02946C7
:101BA0003046EDF7F7FD0028F0DA54F8043C5A68A7
:101BB0002A605D609A68002AE8D19D60E6E79A6035
:101BC000EDE72DE9F8430746846A8CB3883C14F1AD
:101BD000880503D0D4F8885005B1883D4FF000083F
:101BE00046462AE096B12146381DFFF7E7FC064637
:101BF000E0B101462046EDF7CDFD002829DA7B68EB
:101C000033607E60BB6873B1A0461AE0B8F1000F84
:101C1000E9D02046FFF7C9FC81464046FFF7C5FCE6
:101C20008145E0D10DE0BE60A0460AE0A04608E094
:101C30002546D3E72B462C461D4654B1A36B002BFB
:101C4000D0D0002DF6D0D5F88830002BF3D0883BCB
:101C5000F1E7BDE8F88370B504460D460146284615
:101C6000FFF724FD68B1064601462046FFF750FF06
:101C7000044608B9204670BD3146284603F0E2F913
:101C8000F8E76FF00104F5E7F8B50446061F50F8D1
:101C9000045C00F13003BFF35B8F53E8001F21F0B9
:101CA000040143E80012002AF7D1BFF35B8F3DB176
:101CB000636B33B104F138013046FFF7CCFFC0B994
:101CC000F8BD6F68002FF5D03B686B60AA68BA4218
:101CD0000DD039463046FFF71FFF0028F0DA6B6859
:101CE0003B606F60AB68002BE4D1AF60E2E7AB60B4
:101CF000EFE705F10C013046FFF7ADFFE0E72DE916
:101D0000F8438146846A54B3883C14F1880503D0B3
:101D1000D4F8885005B1883D002637460EE009F119
:101D20000C012046FFF797FF0646E0B1CDB1D5F88C
:101D3000883003B1883B27462C461D469CB116F1DE
:101D4000020FECD1002FEAD02046FFF72EFC804690
:101D50003846FFF72AFC8045E1D13C46E6E72546B8
:101D6000DAE72B46E7E7BDE8F88338B504460D46C9
:101D7000EDF792FC00B938BD294604F13C00F0F7BC
:101D8000C9FBF8E730B587B00546EDF75FFC844640
:101D9000EE4604460FCCAEE80F0094E803008EE850
:101DA00003000023CCF80030CCF80430CCF8083025
:101DB000CCF80C30CCF81030CCF814302846FFF7B3
:101DC00050FC9DF804300BB907B030BD6846EDF704
:101DD00047FDF9E701B970472DE9F0410646154680
:101DE0001C460F4604220121EDF788FD804658B1BC
:101DF00004210C30F0F7F2FC0770A0F80150C47019
:101E000041463046FFF7B1FFBDE8F08130B585B0FF
:101E100005460C4601F10C0000F0DDFE0346E268C9
:101E2000218A02910192002100910A462846EDF78D
:101E300013FE05B030BD30B585B005460C4601F146
:101E40000C0000F0C8FE0346E268218A029101926C
:101E500000220092132212212846EDF7FDFD05B065
:101E600030BDF0B589B0054608460C7C043CE4B2B0
:101E7000022C01D0102C42D104210C30F0F76EFC62
:101E8000068847882246011D01A8FEF73AFEC8B31E
:101E90000DF1160239463046FFF79BFBF0B10023E7
:101EA0008DF818304FF42053ADF81A3006A901A868
:101EB000FEF709FE58B100238DF81C3042F60103ED
:101EC000ADF81E3007A901A8FEF7FDFD78B93B4625
:101ED000324601A92846EDF799FE11E00123BDF82D
:101EE000162010212846FFF775FF002008E0102378
:101EF000324619462846FFF76DFF002000E0042017
:101F000009B0F0BD0E20FBE700B583B0CA681388A6
:101F1000528800920D220C21EDF75AFF03B05DF8B4
:101F200004FB00B583B0CB681B88002200920B2213
:101F30000A21EDF74DFF03B05DF804FBF0B587B063
:101F4000054608460C7C043CE4B2022C01D0102C5F
:101F500023D104210C30F0F701FC06884788224683
:101F6000011D01A8FEF7CDFDC8B10DF116023946DD
:101F70003046FFF72EFB38B13B46324601A92846D2
:101F8000EDF778FF07B0F0BD0123BDF8162008215A
:101F90002846FFF71FFF0020F4E70420F2E70E2099
:101FA000F0E72DE9F04387B007460C46062104F11F
:101FB0000C00F0F7D3FB05884688B0F80480D4F80D
:101FC0000C900DF10E0231462846FFF702FBD0B10E
:101FD00000238DF81030ADF812808DF814304FF4D6
:101FE0002053ADF8163005A904A8FEF76CFD98B98A
:101FF000237C00934B46324629463846EDF780FF56
:1020000007B0BDE8F0830123BDF80E200621384655
:10201000FFF7E0FE0020F3E70A232A4606213846B0
:10202000FFF7D8FE0020EBE770B582B00446CB681E
:102030001D885E880DF1060231462846FFF7C9FA71
:1020400030B1324629462046EDF79EFF02B070BD02
:102050000123BDF8062004212046FFF7BBFE002027
:10206000F4E7F8B504460D46FFF79FFAF0B9EB68C0
:102070001E88B3B2162B1BD903212046EDF796FD1F
:102080000746B8B102210C30F0F7A8FB0025172352
:102090000370457039462046FFF767FE17236383B8
:1020A00066852046FFF7FCFC2846F8BD0620FCE7C5
:1020B0000420FAE70E20F8E708B5EEF79BFF08BD0D
:1020C00008B500230A8AC968EDF7CAFF08BD10B534
:1020D0000446014651F8880B2830FFF756FA02E013
:1020E0001846F0F73FFA0022002304F13C0000F00C
:1020F0006EFD03460028F3D1A36B33B16FF0670385
:10210000002211462046EDF7ABFF002344F8343B94
:10211000BFF35B8F54E8003F23F0010344E8003233
:10212000002AF7D1BFF35B8F10BD38B5044650F8D5
:10213000045C25B10438FFF7CAFFAB6A03B138BDB0
:102140002846EDF7C9FF2068EFF73EFFF7E70120CB
:10215000704708B5ECF740FFB8B1836A03B1883B1C
:102160009BB103F13402BFF35B8F52E8000F20F004
:10217000080042E800010029F7D1BFF35B8FD3F8D4
:102180008830002BECD0883BEAE708BD08B5042175
:10219000FFF7B5F920B103213030FFF77AFA08BD17
:1021A0000020FCE770B50E4615461C46EDF74EFACA
:1021B000C66005610123C380047570BD0023B3EBC5
:1021C000510F10D200B510F803C0CA1A013A10F826
:1021D00002E000F803E000F802C00133B3EB510F56
:1021E000F1D35DF804FB7047B0F800C0624512D32C
:1021F00000B5B1F800E0734508D9624500D202800D
:102200000A88934204D90B80012002E0002000E0FC
:1022100001205DF804FB624500D202800A889342E7
:1022200002D90B80012070470120704710B50023B0
:1022300001E001339BB2022B19D84FEAD30CB2EB69
:10224000D30F12D900EB0C04247A03F0070E24FA02
:102250000EF414F0010FECD011F80C4024FA0EF437
:1022600014F0010FE5D1002016E0002300E0002368
:10227000934210D26BB9C41894F808C011F803E067
:102280000EF0070E4CEA0E0C84F808C001339BB226
:10229000EEE7012000E0012010BD10600020704733
:1022A00008B50A4600210B463BB15389994203D039
:1022B0005181D36803B1984708BD03EB830C02EB4F
:1022C0004C0CBCF808C08C4500D961460133EBE7E3
:1022D000FF2801D8C0B270470E20704770B5049C2B
:1022E000A6683EB105460846FFF7F2FF02462146C2
:1022F0002846B047A37D013BDBB2A375E26812B16B
:102300000BB92046904770BD106091800020704747
:102310000020704710B588B011461A46BDF8283025
:102320000020019002900390049005900690079081
:102330001B2B0CD8144613441B2B0BD801A803F0FD
:1023400028FA01A8EBF722F8204608B010BD6FF07C
:102350000604F9E76FF00C04F6E7F0B589B00668FB
:102360003578002D60D1074614467388B3F5245F95
:1023700019D013D903F55643FF339BB2042B59D818
:10238000ADF80A1002220DF10A012046FEF704FA08
:10239000002839D16FF01503A36546E0A3F520535B
:1023A0009BB2032B44D8ADF80A1002220DF10A01AA
:1023B0002046FEF7F1F918B96FF01503A36534E074
:1023C0007388ADF80A3002220DF10A012046FEF7AB
:1023D000E3F978B17E6800200090132303AA394600
:1023E000B047021E0ADB03A92046FEF7D5F938B133
:1023F00001251AE06FF01503A36516E0A26514E04D
:102400006FF01503A36510E07388ADF80A3002225F
:102410000DF10A012046FEF7BFF908B1012504E0DD
:102420006FF01503A36500E00125284609B0F0BD53
:102430000125FAE70125F8E7F8B505460F461646E7
:1024400000240CB10020F8BD04EB840315F8133010
:10245000B34201D00134F4E704EB840005EB400003
:1024600007223946013003F0FFF80028F2D104EBCF
:10247000840405EB4400E6E708B5FFF7DDFF08B18B
:10248000EDF754FF08BD70B505460E461446EDF74E
:1024900043FF88B122792168E868FFF7CDFF58B182
:1024A000D4F8C8309A1C24F82260018904EB820217
:1024B00051800133C4F8C830012070BD01F01F0203
:1024C00001239340490900EB8100BFF35B8F50E883
:1024D000002F42EA030140E8001CBCF1000FF6D1D6
:1024E000BFF35B8F134214BF01200020704701F03F
:1024F0001F0201239340490900EB8100BFF35B8F6A
:1025000050E8002F1A4340E800210029F8D1BFF31A
:102510005B8F704700B501F01F020123934049090A
:1025200000EB8100D943BFF35B8F50E8002F02EA34
:10253000010C40E800CEBEF1000FF6D1BFF35B8F77
:10254000134214BF012000205DF804FB08B539B127
:1025500000210C30FFF7B2FF80F00100C0B208BDCF
:1025600000210C30FFF7D6FFF9E74B09BFF35B8F73
:1025700050F82300BFF35B8F01F01F01084100F00A
:102580000100704710B50446FFF7E0FF00B910BD29
:10259000214611F8010B0122EEF7B6F8F7E7002308
:1025A000036043608360704708B5022A03D0EEF7EA
:1025B0007BFA022008BD00231A4600F19001007A40
:1025C000EEF710FAF5E708B500238360EEF7F4F9AB
:1025D00008BD38B505461446EDF79EFE48B1227990
:1025E0002168E868FFF728FF18B100220260426006
:1025F0000281012038BD034690B10022014601F856
:10260000012BC0F80120C1F803200833BFF35B8F12
:1026100053E8001F43E800200028F9D1BFF35B8F87
:10262000704770B50446EDF7A7FF50B1054604F1B9
:1026300090063146207AFEF784FC18B92846EEF75A
:1026400055FA70BDD4F89030C5F80130B288B3792E
:10265000A5F80520EB71F4E738B504461546FFF7F9
:1026600076FD48B93DB904F19001207AEDF7AAFE54
:1026700008B1FFF7A8FF38BD2046EDF77DFF002821
:10268000F0D0027A12F0010FECD00121FFF77AFFAF
:10269000E8E7994222D838B505460C4691421FD347
:1026A000049B23B101681846FEF70DFAD0B9059BCB
:1026B0002BB1EB68059A934201D0012011E0069BF3
:1026C0001B88013B069A1380089A21462846079BDF
:1026D0009847069B1B8823B9002002E00020704722
:1026E000012038BD0120FCE738B505460C464FF403
:1026F00070200021EDF77CFC034608B14560C46002
:10270000184638BD10B5BDF80810BDF81040A142FC
:102710000CD81046641AA342A8BF23469CB2224696
:10272000039B194403F035F8204610BD6FF00604F2
:10273000FAE710B586B01824ADF810402824ADF89B
:1027400012400024ADF814402A24ADF816400824A5
:10275000029404AC0194BDF820400094FFF7D2FF2E
:1027600006B010BDF0B587B004460D4616461F46AC
:10277000FEF7E5FBADF81600022302930DF11603F8
:102780000193BDF8303000933B463246294620463F
:10279000FFF7B8FF07B0F0BD2DE9F04184B0044663
:1027A0000D4616461F46EAF721FE8046E3F7D1FAAA
:1027B00080B20290CDF80480BDF8283000933B46EB
:1027C000324629462046FFF79DFF04B0BDE8F08160
:1027D000F0B587B004460D4616461F4600238DF817
:1027E0001430EDF7C9FE10B1037A8DF814300123CF
:1027F000029305AB0193BDF8303000933B4632465F
:1028000029462046FFF77EFF07B0F0BD70B586B0C1
:10281000BDF82850CC68267846B1013410260296BF
:1028200001940095FFF76EFF06B070BD6488ADF8A7
:102830001640022402940DF1160401940095FFF74E
:1028400061FFF1E7F0B587B005460C4616461F4616
:10285000C968EDF7B7FE90B10389ADF816300223D1
:1028600002930DF116030193BDF8303000933B46FF
:10287000324621462846FFF745FF07B0F0BD00234A
:10288000ADF81630EBE7B8B110B582B004460023BE
:102890008DF8043042F60303ADF8063001A9006854
:1028A000FEF711F950B9E368988840B92046EEF771
:1028B000E5FB013080B202E000207047002002B04A
:1028C00010BD2DE9F0418AB005460C4616461F465C
:1028D000D1F80C8098F806308DF814300846FFF7D0
:1028E000D2FFADF81500D8F800100B7893B94B88DB
:1028F000ADF817300523029305AB0193BDF84030C6
:1029000000933B46324621462846FFF7FBFE0AB0BD
:10291000BDE8F081D1F801C0D1F80500D1F8092057
:10292000D1F80D30CDF817C0CDF81B00CDF81F2021
:10293000CDF823301323DEE708B5EEF7F1FC08BD30
:1029400012F0010F05D04B8A13F0950F11D04B6890
:102950008BB112F0020F05D04B8A13F4957F0CD087
:102960008B6863B14B8A134013F4DE7F09D10020DA
:1029700070470220704702207047032070470320F1
:102980007047052070472DE9F04107460C46EDF7EA
:10299000F3FD002842D00646037A13F0010F03D15D
:1029A00001252846BDE8F08100F10C0800214046D1
:1029B000FFF7DBFD05460028F3D10CB92546F0E70B
:1029C00001214046FFF7A6FD0546F8B93846FFF756
:1029D000BEFB05460028E4D03846FFF7D7FB054686
:1029E0000028DED0BFF35B8F58E8003F23F00203DE
:1029F00048E80032002AF7D1BFF35B8F3846FFF773
:102A0000A8FB01213046FFF7BDFDCAE73846FFF7B6
:102A1000A0FB01213046FFF7B5FDC2E70125C0E765
:102A2000F8B505460E46EDF7AFFC0446314628469C
:102A3000FEF787FA98B15CB104F108070021384627
:102A4000FFF768FD60B901213846FFF763FD60B903
:102A50002CB1BFF35B8FA368BFF35B8F53B1F8BD9D
:102A600031462846EFF776FAEDE731462846EDF78E
:102A7000D1FDEDE72046FFF7BEFDF0E738B505468E
:102A8000002404B138BDA5F1100104EB440301EBAF
:102A9000830105EB8303013113F8100CFFF7C0FF2E
:102AA0000134EEE77047F0B583B007684FF0FF32AE
:102AB0004FF0FF3300210846FEF7D5FC044600F135
:102AC0000C0601213046EFF789FE0525057001212E
:102AD0003046EFF783FE057000230093224606215F
:102AE0003846FEF7C5FC10B9002003B0F0BD204603
:102AF000EFF738FDF8E76FF085007047002070476A
:102B000038B5044690F824301B3323F00303028CBD
:102B1000521A056B03FB0255EFF7E8FAA87294F816
:102B20002430EB72284638BD70472DE9F041044649
:102B30000D4617461E46807AEFF7E4FAC36A1B6813
:102B4000D3F800803A46334629462046C047BDE8C0
:102B5000F08138B50446807AEFF7D4FA054661690A
:102B600051B1637A13F0010F04D1C36A1B689B68EB
:102B700020469847002363612146284602F062FA06
:102B800038BD10B50446807AEFF7BCFA90F82430CF
:102B90001B3323F00303026BA41AB4FBF3F010BD44
:102BA00070B504460D46807AEFF7ACFAC36A5A68EE
:102BB0009E682E6015682046FFF7E3FF00FB065075
:102BC00070BD08B5C16A8968EFF7CCFA08BD08B5D1
:102BD000F5F79AFD08BD10B503681C880221EFF7D0
:102BE0009FFD204610BD02688068101A704738B5F6
:102BF0000446C588FFF7F7FF2D1AA088281A38BDAC
:102C000038B50D4614461146EFF7E8FD2246294631
:102C100002F0BFFD38BD10B50C460121EFF7DEFD17
:102C2000047010BD10B50C460221EFF7D7FD0470FB
:102C3000240A447010BD006901EB41018900403154
:102C400008447047406801EB410100EB8100704788
:102C5000006900EB41107047EFF31182402383F3CA
:102C60001288BFF36F8F036813F0C00301D08B424B
:102C700007D101230360002082F31188BFF36F8F17
:102C800070474FF0FF30F7E7EFF31182402383F3F3
:102C90001288BFF36F8F036803F0C00C03F00703C3
:102CA000012B08D08C4509D04FF0FF3082F31188FA
:102CB000BFF36F8F704701600020F7E76FF0770078
:102CC000F4E7EFF31182402383F31288BFF36F8F91
:102CD000036803F0C00343F00203036082F311882A
:102CE000BFF36F8F7047F8B506460C46FFF7A3FF9A
:102CF00005684768002340F8083BFFF7E2FF1DB175
:102D00003A4621463046A847F8BD2DE9F04106462F
:102D100090461F46CDB22946FFF78DFF044606991F
:102D20000830FFF7B1FF002809DBC4F800806760B6
:102D300029463046FFF786FF036898470020BDE824
:102D4000F08110B582B080240094FFF7DEFF02B05E
:102D500010BD10B51446C9B2FFF77AFF0021A04795
:102D600010BD08B50120F2F77FFF08BD08B50020AF
:102D7000F2F77AFF08BD08B50120F2F79DFF08BD04
:102D800008B50020F2F798FF08BD08B58022F0F7DB
:102D9000ABF808BD08B520EAE070C117C90341EAE5
:102DA0005041C00340F2E733C0184FF47A724FF03D
:102DB000000341F10001CDF7D9FAF8F711F808BD89
:102DC00008B51046F5F72EFD08BD4278837890F8D7
:102DD00003C09A1A3CEA020207D0C21851710133AB
:102DE00003EA0C038370002070476FF0680070479F
:102DF00000230370437083700139C1700271704702
:102E00000020704738B50C461546EAF7B3FA20B1F2
:102E100029462046E9F7C8FD38BD6FF00A00FBE7F8
:102E200008B5002211461046F9F764FD00B908BD47
:102E30006FF01500FBE70B68FF2B1BD0C0F82435A3
:102E40004B68FF2B19D0C0F828358B68FF2B17D0A3
:102E5000C0F83035CB68FF2B15D0C0F834350B697E
:102E6000FF2B13D0C0F838354B69FF2B11D0C0F8B9
:102E70003C3570474FF0FF33E0E74FF0FF33E2E7B8
:102E80004FF0FF33E4E74FF0FF33E6E74FF0FF3357
:102E9000E8E74FF0FF33EAE7D0F82435DBB20B6008
:102EA000D0F82835DBB24B60D0F83035DBB28B6020
:102EB000D0F83435DBB2CB60D0F83835DBB20B61FB
:102EC000D0F83C35DBB24B61704700F1744000F53F
:102ED000A6000A280CD8DFE800F0060B0B0B0E0842
:102EE0000B0B0B0B0E00002070476FF08B00704730
:102EF0006FF00F0070476FF01500704708B500695C
:102F00004FF0FF324FF0FF33F5F7D2FC08BD00B1B0
:102F1000704708B501F11800F5F784FC08BD00B54D
:102F200085B0002301930293039351B104238DF8DC
:102F30000430002201A9F0F7ABFB20B905B05DF821
:102F400004FB0623F3E76FF00400F7E700B587B052
:102F500004910323059300220192029203929F237E
:102F60008DF8043004AB039301A9F0F791FB07B08F
:102F70005DF804FB4B1EDBB2012B20D800B587B0F7
:102F800002291AD00521FF238DF817300DF1170300
:102F900003930123049300220092019202928DF880
:102FA000001003AB02936946F0F772FB002801DBC7
:102FB0009DF8170007B05DF804FB3521E3E76FF0DB
:102FC0001500704710B5044601212046FFF7D2FFD7
:102FD000002802DB10F0010FF6D100EAE07010BD0E
:102FE00000B585B00022019202920392B9238DF8B8
:102FF000043001A9F0F74CFB002803DB0A2001F0A4
:103000002CFF002005B05DF804FB10B582B004462B
:1030100001AA00F0D2F9002805DB019B226819798A
:103020001868F1F7E1FB02B010BD38B504460D4653
:10303000FDF77EF9B0B92046FFF760FF45B1012DDD
:103040000BD06FF085052069F5F7ECFB284638BDFD
:103050002046F0F7A5FB0546F5E72046F0F7BAFB5A
:103060000546F0E76FF00F05F0E74FF08053D3F817
:103070003031082B01D000207047012070474B6889
:1030800003444B600B6803440B608B681B1A8B6016
:10309000704738B504460D4601F0CAFD002C06DB2A
:1030A000A04206D9001B854205D9002000E000207F
:1030B00038BD0020FCE70120FAE770B5044601F0B6
:1030C000BBFD0646237B0BB9002504E001F0BFF9E8
:1030D000FAE7A368B3B1F0F78BFFC0B96068F3F704
:1030E000BBFCA3689B1BA360636833446360F0F779
:1030F000ABFF0135237B002BEBD02846F2F78CFF8A
:103100000028E6D0A068003818BF012070BD6FF01D
:103110008B00FBE700B585B0002300930193029379
:103120000393019002916846FFF7C7FF05B05DF871
:1031300004FB38B50446037BF3B90125A368032BD0
:103140001DD9F0F755FFF0B9236819686068F3F7E7
:10315000B7FCF0F779FF21460420FFF790FF013517
:10316000237B002BEAD02846F2F756FF0028E5D053
:10317000F0F704FF012005E001F069F9DDE7F0F761
:10318000FDFE002038BD6FF08B00FBE700B585B079
:1031900000910190029200238DF80C306846FFF7F1
:1031A000C8FF05B05DF804FB0B4639B11168196022
:1031B00041688A4209D00023136070471368036096
:1031C00041688A42F7D14360F5E74360F3E708B509
:1031D0000A460368002101E019461B682BB193429F
:1031E000FAD1FFF7E1FF012000E0002008BD43090C
:1031F0000AD0012B0BD14FF6FF7300F01F0023FA0A
:1032000000F000F0010070474FF0FF33F5E70020B9
:1032100070470069003818BF0120704710F0100F88
:1032200004D110F0200F03D1002070470320704715
:103230000120704743685B68D3F810350B600020AD
:10324000704743685B6802EA010021EA0201C3F8A3
:103250000805C3F80C150020704743685B68C3F885
:1032600008150020704743685B68C3F80C15002000
:10327000704743685A68D2F8043521EA03000B40CE
:10328000C2F80805C2F80C3500207047B0F5800F71
:1032900007D0B1F1C06F0DD0B1F1007F08D001208F
:1032A0007047B1F1007F01D00520704704207047BE
:1032B000022070470320704708B500690430F0F71A
:1032C000F3FF08BD00B583B0019001A8F1F736F80F
:1032D000019B03F5E07350F8230000F0010003B0F8
:1032E0005DF804FB2DE9F04182B001908846154657
:1032F0001C46089F099E01A8F1F720F8019A02F5E3
:10330000E07350F82310B8F1000F32D04FF0010CE9
:1033100095B302234CEA030C84B30C234CEA030C50
:1033200077B34FF4E0634CEA030C5EB34FF44033E1
:103330004CEA030C21EA0C01B8F1000F24D098F8F4
:1033400000301DB32D786D002B430CB32478A400FE
:103350002343FFB13C7824022343EEB134782404A4
:1033600023430B4302F5E07240F8223002B0BDE87F
:10337000F0814FF0000CCBE70023CBE70023CDE733
:103380000023D0E70023D3E70023DAE70025DBE7BB
:103390000024DDE70024DFE70024E1E710B500F0BA
:1033A0001F044009F0F772FF30B1014600690122A5
:1033B000A2400430F0F7FAFF10BD00B54368136077
:1033C00001E008331360136890F808C0D0F804E0F7
:1033D0000EEBCC0C634505D293F805C08C45F0D1BB
:1033E000002001E06FF001005DF804FB43090AD002
:1033F000012B0BD14FF6FF7300F01F0023FA00F0F2
:1034000000F0010070474FF0FF33F5E700207047F0
:1034100000B583B0019001A8F1F78AF9019A012360
:103420009340C0F80C3503B05DF804FB00B583B0E1
:10343000019001A8F1F77CF9019A01239340C0F8AB
:10344000083503B05DF804FB08B511B9FFF7E0FFDC
:1034500008BDFFF7EBFFFBE743681B68EFF3118242
:10346000402181F31288BFF36F8FD3F8201131B15F
:103470000021C3F82011D3F820110121D96082F373
:103480001188BFF36F8F704738B545682C68D4F842
:10349000043313F4807F02D0D4F82031CBB96B68A9
:1034A00013F0100F14D0EFF31183402282F312882F
:1034B000BFF36F8FD4F8582112B10022C4F8002551
:1034C0004FF48002C4F8082383F31188BFF36F8F91
:1034D00038BDFFF7C1FFE2E770B582B006460C4683
:1034E00005694B79012B06D0032B11D06FF08503B2
:1034F000184602B070BD00238DF80630A379032B67
:1035000037D1E37943B1012B10D06FF08503EFE79A
:1035100010238DF80630F1E700238DF8043023796D
:1035200043B1022B21D06FF08503E1E701238DF831
:103530000430F4E700238DF8053021683046F1F7B8
:10354000E7F90346C0B9726810689DF805109DF848
:1035500006609DF8042031430A43C0F86C25043509
:1035600094E8030085E80300C2E70E238DF80530D8
:10357000E3E76FF08503BBE76FF08503B8E74368C7
:103580001B68D3F88004C3F88004704743681A6846
:103590005B6803F00203D2F8581129B933B9D2F8A5
:1035A00020312BB900207047012070470020704760
:1035B0000120704743681B680822C3F80025704744
:1035C00043681B680022C3F80025704710B40469E3
:1035D00043681B68D3F810215AB1626912780A70E7
:1035E0000020C3F81001D3F8102101221A6010BC8A
:1035F00070474FF0FF30FAE7F8B542685768156832
:1036000017F0020718D106464FF48073C5F8083347
:103610004FF47A743046FFF7B9FF20B9012000F06B
:10362000ADFF013CF6D1D5F858312BB9C5F82031A2
:10363000D5F820310123EB604FF47A74D5F8583176
:1036400023B9012000F09AFF013CF7D11FB94FF4D4
:103650008073C5F80433F8BD10B582B0044601AAE2
:10366000FFF7ABFE002805DB019B2268197918687B
:10367000F1F7BAF802B010BD70B546683468D1B140
:10368000012946D1736813F0010F0DD10823C4F846
:103690000035337A002B3FD10020C4F81001D4F854
:1036A00010310123236036E00021F068FFF7D4FFDA
:1036B0000028EBDA2FE00546D4F84C31ABB10123FA
:1036C0006360D4F844311BB9D4F82431002BF8D00E
:1036D0000023C4F84C31D4F84C21C4F84431D4F858
:1036E0004421C4F81031D4F810312846FFF784FF84
:1036F0002846FFF765FF736813F0010F01D1002022
:1037000009E00121F068FFF7A7FF002803DB002094
:1037100001E06FF0850070BD0020FCE708B520EAED
:10372000E070C117C90341EA5041C00340F2E733DA
:10373000C0184FF47A724FF0000341F10001CCF74A
:1037400015FEF7F74DFB08BD70B5064612E075B1E2
:10375000EFF31184402383F31288BFF36F8F304659
:10376000FFF714FF98B984F31188BFF36F8F01201E
:10377000FFF7D4FF64243046FFF708FF0546002812
:10378000E5D1012000F0FAFE013CF4D1DFE720464C
:1037900070BD2DE9F04182B005460F461646D0F8BF
:1037A0000480D8F800400DF10701FCF7B8FD9DF842
:1037B000073093B9C4F84475C4F84865C4F820319B
:1037C000D4F82021C4F85831D4F85831D8F804304E
:1037D00013F0100F04D10123A36002B0BDE8F08103
:1037E00001212846FFF7E6FE4FF48003C4F80433B6
:1037F000F1E72DE9F041044647683E68D0F81080B3
:103800000021C6F80015C8F80000F868FFF724FF8B
:10381000051E35DB08F104012046FFF75DFE054675
:1038200070BB7B6813F0020F2DD10823C6F800355A
:103830003B7A5BB9C6F81031D6F81031D8F814309D
:10384000C6F834350123C6F8383533607B6813F089
:10385000020F03D14FF48073C6F804337B6813F072
:10386000100F03D04FF48003C6F80433D8F810309B
:10387000C6F844350023C6F848350123B360F36029
:103880002846BDE8F08141463046F1F715F9002899
:10389000CBDA0546F4E710B50446002201210220E8
:1038A000E6F714FF0220FDF751F800212046FFF74C
:1038B000A0FF10BD00B5A2F5807E4FEA9E0E4FF02E
:1038C000010C0CFA0EFC1CEA010F0DD0815809B94D
:1038D00000200AE00021815082581BB11A684CEA8E
:1038E00002021A60012000E000205DF804FB70B5C0
:1038F00082B006460D460024019409E0A20001AB07
:1039000002F5A07229463046FFF7D4FF0134E4B235
:10391000032CF3D915F0010F02D0D6F8003143B9CA
:1039200015F0020F02D0D6F8043163B9019802B045
:1039300070BD0023C6F80031D6F80031019B43F07A
:1039400001030193ECE70023C6F80431D6F80431F3
:10395000019B43F002030193E8E7401A20F07F4007
:10396000704700F150039B009BB203F1804303F5C5
:1039700088331868003818BF0120704700F15003E1
:103980009B009BB203F1804303F5883300221A6049
:103990001B68704720F07F407047EFF3108072B6CD
:1039A000704780F310887047F0B585B0044617461D
:1039B0001D46F1F765F906469DF8303002930B9BE2
:1039C00001930A9B00933A462B462046F1F754FA9E
:1039D000054631462046F1F7A1F9284605B0F0BD6D
:1039E00008B5F1F7CBF908BD03783E2B03D0FF2BC8
:1039F00013D0002070478378022B15D00D2B15D1E2
:103A0000C378012B01D000207047838813F0100F7A
:103A100001D100207047012070478378802B01D0AE
:103A20000020704701207047012070470020704738
:103A300038B505464FF0FF324FF0FF330520E7F76A
:103A40000DFD04466A88043229460C30FFF7D8F889
:103A50002046FDF768FA38BD38B5038A83B10446BD
:103A6000037E4BB1022B0ED1F1F708FC054665B978
:103A70002046EEF777FD08E0F1F71AFC0546F6E779
:103A80006FF0150501E06FF01505284638BD10B53B
:103A900000F070FC4FF0FF304FF0FF31F1F7D4FA37
:103AA000044608B1204610BDCDF7E8FA044610B927
:103AB000F1F7D4FAF6E7F1F7D1FAF3E708B5CDF765
:103AC00001FB90B9CDF712FB90B9CDF723FB90B96C
:103AD000CDF72EFB90B9CDF747FB90B9CDF736FB6C
:103AE00090B9CDF741FB90B908BD6FF08500FBE7B9
:103AF0006FF08500F8E76FF08500F5E76FF085005F
:103B0000F2E76FF08500EFE76FF08500ECE76FF00C
:103B10008500E9E708B5F1F71BFD08BD0F23037029
:103B20000423437082700123C370818070474FF07B
:103B30000E0C80F800C0427001228270A0F80310C1
:103B400043717047002070478F230370C0230371B7
:103B5000704701207047002303604360037943F0FE
:103B600020030371DBB243F040030371704700236D
:103B70000380037843F001030370DBB243F00203D8
:103B80000370DBB243F020030370437843F001037A
:103B90004370DBB243F002034370DBB243F0040333
:103BA0004370704700230360037843F00103037000
:103BB000DBB243F002030370DBB243F00403037093
:103BC000DBB243F008030370DBB243F01003037071
:103BD000DBB243F020030370837843F00203837069
:103BE000DBB243F008038370704708B5427810F8E1
:103BF000033B43EA02231BB240F20642934205D044
:103C000040F21D42934204D0012008BDDDF780FD43
:103C1000FBE7DDF77FFDF8E708B50346033093F8CF
:103C200001C01B7843EA0C231BB240F6634C63458A
:103C30002CD001F1060116DC40F6034C634522D07E
:103C400040F62D4C634505D1137803331370DDF72F
:103C5000CDFB07E040F60142934202D1DDF7C1FB04
:103C600000E0012008BD40F67B4C634511D040F6D2
:103C70007C4C634505D1137802331370DDF7BFFB2D
:103C8000F0E70120EEE7CDF75DFBEBE7DDF7B0FBFA
:103C9000E8E7137804331370DDF7AFFBE2E708B50C
:103CA00003460330063193F801C01B7843EA0C2326
:103CB0004FF60B4C63451CD94FF61D5C634500F273
:103CC0008280B3F57D4F26D3A3F57D431D2B76D897
:103CD000DFE803F04C54575A5D6075757563757570
:103CE000667575757575757569756F7575757575A5
:103CF0007572B3F57C4F01D8012008BDA3F57C4354
:103D0000013B0A2B5DD8DFE803F0080F5C5C5C2701
:103D10005C5C17202A000120EFE713780C33137046
:103D20000846DDF76EFBE8E713784033137008466A
:103D3000FFF71DFF0020E0E71378581C10701733C1
:103D400013700846DDF779FBD7E71378203313703B
:103D50000846DDF7C4FBD0E7DDF76DFBCDE7137850
:103D6000013313700846DDF70BFCC6E713784033C8
:103D700013700846FFF716FF0020BEE7DDF716FCBC
:103D8000BBE7DDF715FCB8E7DDF744FCB5E7DDF789
:103D900043FCB2E7DDF746FCAFE7DDF745FCACE7F7
:103DA000DDF746FCA9E7137804331370DDF742FC16
:103DB000A3E7DDF74EFCA0E7DDF74DFC9DE7012012
:103DC0009BE7012099E7012097E710B504463022D0
:103DD000002101F006FD237843F020032370A3782F
:103DE00043F08003A370637943F040036371DBB257
:103DF00043F080036371A37A43F00403A372A37BAF
:103E000043F00803A373DBB243F02003A373E37B07
:103E100043F00203E373A37D43F00403A375637EC1
:103E200043F001036376DBB243F002036376DBB257
:103E300043F004036376DBB243F010036376DBB236
:103E400043F020036376DBB243F040036376DBB2DA
:103E500043F080036376A37E43F00103A376DBB2D5
:103E600043F00203A37694F82D3043F0400384F826
:103E70002D30A37E43F04003A376DBB243F08003F2
:103E8000A376E37E43F00103E376DBB243F0020363
:103E9000E376DBB243F00803E376DBB243F01003D2
:103EA000E376DBB243F02003E376DBB243F040037A
:103EB000E376DBB243F08003E376237F43F0020333
:103EC0002377DBB243F004032377DBB243F008032C
:103ED0002377DBB243F010032377DBB243F02003F8
:103EE0002377DBB243F04003237794F8203043F08C
:103EF000100384F82030DBB243F0200384F8203034
:103F000094F8213043F0400384F82130DBB243F0D1
:103F1000800384F8213094F8223043F0010384F8C0
:103F2000223094F8233043F0080384F82330DBB2C6
:103F300043F0100384F82330DBB243F0200384F80D
:103F40002330DBB243F0400384F82330DBB243F08C
:103F5000800384F8233094F8243043F0010384F87C
:103F60002430DBB243F0020384F82430DBB243F0A8
:103F7000040384F82430DBB243F0080384F82430CF
:103F8000DBB243F0100384F82430DBB243F02003AB
:103F900084F82430DBB243F0400384F82430DBB2F1
:103FA00043F0800384F8243094F8253043F0010373
:103FB00084F82530DBB243F0020384F8253094F80E
:103FC000263043F0800384F8263094F8273043F0FD
:103FD000010384F82730DBB243F0020384F8273072
:103FE00094F8223043F0020384F82230DBB243F02D
:103FF000040384F8223094F8293043F0040384F851
:10400000293010BD08B50346881D93F801C01B7800
:1040100043EA0C231BB2A3F58053013B082B20D8A5
:10402000DFE803F0050B121F1F1F1F1F1900137875
:1040300008331370DDF711FB14E01378403313706D
:10404000FFF7C3FE00200DE0137808331370FFF76D
:1040500082FD002006E0137806331370DDF7FFFAC7
:1040600000E0012008BD002303604360037843F0B3
:1040700001030370DBB243F004030370DBB243F0CF
:1040800008030370DBB243F010030370DBB243F0AC
:1040900020030370437843F001034370DBB243F025
:1040A00008034370DBB243F010034370DBB243F00C
:1040B00040034370704708B503460330063193F858
:1040C00001C01B7843EA0C231BB2A3F50053013B4C
:1040D0007B2B00F24981DFE813F07C007F00860033
:1040E00047018E00910094009B009E00A1004701B3
:1040F000470147014701A700AE00B100B4004701E6
:10410000B700BA00C000C300C9004701D000D60004
:10411000DC0047014701470147014701E400EA008D
:10412000F100F400F700470147014701470147014B
:10413000470147014701FD0004010A010D01470144
:1041400047011001130119011C011F01220129015E
:10415000300133014701470147014701470147014A
:104160004701470147014701470147014701360120
:104170003D0144014701470147014701470147010C
:1041800047014701470147014701470147014701EF
:1041900047014701FA00470147014701470147012D
:1041A00047014701470147014701470147014701CF
:1041B00047014701470147014701470147014701BF
:1041C00047014701470147014701470147014701AF
:1041D000A400DDF746FAC8E01378033313700846ED
:1041E000DDF744FAC1E01378083313700846FFF78F
:1041F0003AFF0020B9E0DDF73BFAB6E0DDF73AFA26
:10420000B3E01378013313700846DDF735FAACE0FC
:10421000DDF734FAA9E0DDF733FAA6E0DDF732FA8C
:10422000A3E0DDF773FAA0E01378013313700846BA
:10423000DDF72AFA99E0DDF729FA96E0DDF728FAAA
:1042400093E0DDF727FA90E0DDF726FA8DE01378AA
:1042500007331370DDF722FA87E0DDF721FA84E0F7
:10426000137810331370DDF71DFA7EE013780833EE
:1042700013700846DDF718FA77E0137802331370ED
:10428000DDF714FA71E0137802331370DDF712FAD8
:104290006BE01378083313700846FFF755FC0020D5
:1042A00063E0137802331370DDF708FA5DE01378EA
:1042B000043313700846DDF703FA56E0DDF702FA1F
:1042C00053E0F1F7D9FB50E000F055F84DE000F075
:1042D00057F84AE01378083313700846DDF7F4F90D
:1042E00043E0137804331370DDF7F0F93DE0DDF7B8
:1042F000EFF93AE0DDF7EEF937E0DDF7EDF934E01C
:10430000137801331370DDF7E9F92EE0DDF7E8F9F2
:104310002BE0DDF7E7F928E0DDF7E6F925E0137893
:10432000023313700846DDF7E1F91EE0137801331C
:1043300013700846DDF7DCF917E0DDF7DBF914E070
:10434000DDF7DAF911E01378023313700846DDF770
:10435000D5F90AE01378043313700846DDF7D0F975
:1043600003E0DDF7CFF900E0012008BD08B5F1F763
:1043700043FB08BD704708B50021F1F795FB08BD68
:1043800090F84010012903D808B5F1F78DFB08BD5E
:104390001220704701207047684620F007018D46C3
:1043A00001B5D9F7B7FAE5F7D9FCBDE80140854674
:1043B0007047684620F007018D4601B5D9F764FAC9
:1043C000BDE8014085467047684620F007018D46EC
:1043D00001B5D8F79FFCE5F7C1FCBDE80140854673
:1043E000704710B5F1F78AFB044608B1204610BDAE
:1043F000012200210820E6F769F9012200210B20A3
:10440000E6F764F9012200211046E6F75FF9EDE7CF
:1044100008B5E1F7E4F8002008BD704708B5D8F703
:104420007DFD08BDEFF30580033803288CBF002015
:104430000120704708B5DBF7A9FE08B9002008BDC8
:10444000FFF7F0FF08B90120F9E70020F7E7704710
:1044500008B5F8F7F9F908BD08B5E5F773FAE5F717
:1044600071FBFFF7F5FF08BD4FF08053D3F83031F3
:10447000082B01D000207047012070474FF0805377
:10448000D3F83031082B01D000207047012070474D
:104490004FF08053D3F83021D3F83431082A01D0BB
:1044A00000207047002B04D8DFE803F00100012052
:1044B0007047002070474FF08053D3F83021D3F875
:1044C0003431082A01D000207047002B04D8DFE8DF
:1044D00003F0010001207047002070474FF0805327
:1044E000D3F83021D3F83431082A01D000207047A6
:1044F000002B04D8DFE803F0010001207047002002
:1045000070474FF08053D3F83021D3F83431082A64
:1045100001D000207047002B04D8DFE803F0010031
:1045200001207047002070474FF08053D3F830319E
:10453000082B01D000207047012070474FF08053B6
:10454000D3F83021D3F83431082A01D00020704745
:10455000042B01D8002070470120704708B5FFF7F1
:10456000EDFF38B14FF01023D3F808224FF080430D
:10457000C3F8582508BD08B5804708BD08B500F048
:104580006CFC08BD10B401F5A27150F8214024F470
:104590004F3424F4407440F8214050F82140120276
:1045A00002F47C521B0403F440331A43144340F8D2
:1045B000214010BC704710B401F5A27150F82140A1
:1045C00024F4991424F4F85440F8214050F8214080
:1045D000120202F47C521B0403F440331A439DF888
:1045E00004301B0503F480131A43144340F82140A0
:1045F00010BC704700B5A2F5807E4FEA9E0E4FF0CA
:10460000010C0CFA0EFC1CEA010F0DD0815809B9FF
:1046100000200AE00021815082581BB11A684CEA40
:1046200002021A60012000E000205DF804FB43094B
:104630000AD0012B0BD14FF6FF7300F01F0023FAB5
:1046400000F000F0010070474FF0FF33F5E7002065
:10465000704738B50D460079F1F750FE04462846FC
:10466000F1F742FE083034F8100000F0010038BDC8
:1046700038B50D460079F1F741FE04462846F1F7BA
:1046800033FE083034F81000C0F3401038BD38B5A0
:104690000D460079F1F732FE04462846F1F724FE74
:1046A000083034F8100010F01C0018BF012038BD8D
:1046B00038B50D460079F1F721FE04462846F1F79A
:1046C00013FE083034F81000C0F3400038BD38B590
:1046D00004460D46FFF7ECFF30B129462046FFF7B0
:1046E000C7FF18B1012000E0002038BD0020FCE722
:1046F00008B5FFF7DDFF80F00100C0B208BD7047CC
:10470000704738B50D460079F1F7F8FD04462846A4
:10471000F1F7EAFD083034F81000400B38BD0328EB
:1047200094BF00200120704770B506460D46002456
:1047300004E04FF0FF33AB4211D001342F2C0CD8E2
:104740003079F1F7DBFD04F1080330F8133013F48E
:10475000807FEED0C3F34323EDE7002000E001208B
:1047600070BDF8B506460F4615460024002C03DD43
:104770004FF0FF342046F8BD3079F1F7BFFD50F817
:104780003430BB4201D00134F0E700EBC4035B6876
:10479000AB42F8D1EEE710B504460846F1F7A4FDA8
:1047A000083034F8103013F4807F04D0C3F343236F
:1047B00004EBC30010BD0020FCE770B504460E46B4
:1047C00015460079F1F79AFD86602079F1F796FD9C
:1047D000C56070BD08B50079F1F790FD90F88000D4
:1047E000003818BF012008BDF8B504460D4616462E
:1047F000FFF7D1FF20B10768426831462846B84725
:10480000A3681BB1E268314628469847F8BD00B559
:1048100083B0019001A8F1F79DFDD0F81005019B30
:10482000D84000F0010003B05DF804FB38B50C4639
:104830000079F1F763FD05462046F1F755FD083094
:1048400035F81030C3F38203042B09D0052B01D1B6
:10485000022006E02046FFF7DAFF18B1032000E04F
:10486000032038BD0220FCE72DE9F04182B0019021
:10487000884615461C46089F099E01A8F1F76AFD67
:10488000019A02F5E07350F82310B8F1000F32D00E
:104890004FF0010C95B302234CEA030C84B30C23B4
:1048A0004CEA030C77B34FF4E0634CEA030C5EB3BD
:1048B0004FF440334CEA030C21EA0C01B8F1000F2D
:1048C00024D098F800301DB32D786D002B430CB325
:1048D0002478A4002343FFB13C7824022343EEB1A3
:1048E0003478240423430B4302F5E07240F822306D
:1048F00002B0BDE8F0814FF0000CCBE70023CBE71E
:104900000023CDE70023D0E70023D3E70023DAE735
:104910000025DBE70024DDE70024DFE70024E1E7F2
:1049200000B585B08DF80F100DF10F030193002134
:1049300000910B460A46FFF797FF05B05DF804FBB0
:1049400038B504460D46FFF793FEB8B12946204618
:10495000FFF7CEFE90B129462046FFF7D2FE22682F
:1049600001238340C2F80833226800F5A27052F890
:10497000203023F0030342F8203003E000212846D2
:10498000FFF7CEFF38BD00B583B0019001A8F1F765
:10499000E1FC019B03F5E07350F82300C0F30140F4
:1049A00003B05DF804FBF8B507460E4614461D46F5
:1049B0001046FFF7B4FE60B9022D1DD0022130462B
:1049C000FFF7AEFF032C1BD0022D17D0032D1DD0F7
:1049D000F8BD224631463846FFF706FF3046FFF75E
:1049E000D2FFA842F4D100213046FFF799FF2946B3
:1049F0003046FFF795FFEBE70321E0E7012CE5D117
:104A0000224631463846FFF7EFFEE1E7022CDFD1C0
:104A1000F6E700B583B0019001A8F1F79BFC0123F4
:104A2000019A9340C0F8203503B05DF804FBF0B55F
:104A300083B005460E4617460024019409E0E0B213
:104A4000F1F782FD024601AB31462846FFF7D2FD61
:104A50000134BC42F3D301AB4FF4BE723146284659
:104A6000FFF7C8FD019803B0F0BD10B50C46007902
:104A7000F1F744FC21467430F1F7BEFB10BD70B570
:104A800004460D46FFF7F4FD48B126682946204646
:104A9000FFF737FE00F5A270002346F820302946C4
:104AA0002046F1F7CDFD2079F1F728FC0446284691
:104AB000F1F71AFC0830002324F8103070BD10B54F
:104AC0000C460079F1F71AFC21467430F1F7B8FB77
:104AD00010BD2DE9F04105460E469846069F00247C
:104AE00000E00134BC420DD2E0B2F1F72DFDA0F59B
:104AF00080739B0801229A401642F2D000232B506B
:104B00002B58EEE7002E04DA0023C5F87C31D5F8E7
:104B10007C3145F30730FBF719FFB8F1000F01D0E6
:104B2000C5F80463BDE8F081F8B506460F461446A3
:104B300018E094FAA4F3B3FA83F301229A4024EA2A
:104B4000020403F5A27356F82350C5F3052556F861
:104B50002300C0F30140FFF7D2FD02462946384644
:104B6000FFF742FE002CE4D1F8BD70B505460E46B5
:104B7000D0F80413C9B2326F41F00041FFF757FF7C
:104B8000041E05DB224631462846FFF7CDFF70BDE7
:104B900031462846F1F7D0FE24F00044F2E708B58C
:104BA000F1F7D4FD08BD08B5F1F70CFC08BD08B558
:104BB000FFF703FE08BD08B5F1F796FC08BD08B580
:104BC000F1F794FE08BD08B5FFF704FE08BD08B56F
:104BD000F1F772FE08BD08B5FFF771FF08BD08B513
:104BE000FFF743FF08BD08B5F1F7C8FC08BD08B5DD
:104BF000FFF7A6FE08BD4FF08053186970474FF0CD
:104C000080535869704710B5FFF7F5FF0446FFF76A
:104C1000F6FF04FB00F010BD10B50446FFF7EBFFF4
:104C2000B4FBF0F300FB1340B0FA80F0400910BD74
:104C300008B5FFF7E8FF08BD08B5FFF7DCFF08BDC2
:104C400008B5FFF7DCFF08BD4FF08053D3F83031D3
:104C5000082B01D000207047012070470B68FF2B04
:104C60001BD0C0F824354B68FF2B19D0C0F828356D
:104C70008B68FF2B17D0C0F83035CB68FF2B15D0D1
:104C8000C0F834350B69FF2B13D0C0F838354B69A9
:104C9000FF2B11D0C0F83C3570474FF0FF33E0E7F1
:104CA0004FF0FF33E2E74FF0FF33E4E74FF0FF331D
:104CB000E6E74FF0FF33E8E74FF0FF33EAE7D0F8DD
:104CC0002435DBB20B60D0F82835DBB24B60D0F86E
:104CD0003035DBB28B60D0F83435DBB2CB60D0F846
:104CE0003835DBB20B61D0F83C35DBB24B61704735
:104CF0000B784A7843EAC2038A7843EA8213CA7877
:104D000022B180221343C0F8443570470022F9E7EE
:104D1000D0F8003623F07F4323F0FF030A781A43CC
:104D20004B785BB14FF0807313438A7843EA426358
:104D3000CA7843EA0273C0F8003670470023F3E7ED
:104D4000023907291FD8DFE801F027252312211F88
:104D50000704D3791B0600E00023917943EA01435D
:104D6000517943EA012311790B43C0F83C36D378DB
:104D70001B06917843EA0143517843EA01231278F4
:104D80001343C0F8383670470023E9E70023EAE709
:104D90000023EEE70023EFE70023F0E710B4D0F89C
:104DA0003C46D0F838360239072917D8DFE801F039
:104DB00015120F0D0C090604210ED171C4F3074121
:104DC0009171C4F3072151711471190ED170C3F39D
:104DD00007419170C3F307215170137010BC7047E5
:104DE0000B784A7843EA02238A7843EA0233CA7886
:104DF00043EA42330A7943EA82334A7943EAC233C7
:104E0000C0F83436704743090AD0012B0BD14FF656
:104E1000FF7300F01F0023FA00F000F0010070475C
:104E20004FF0FF33F5E7002070470020704708B5CA
:104E30000223F2F7B5F808BD08B50323F2F7B0F87E
:104E400008BD08B5F2F78EFB08BD08B5FFF7F9FFFE
:104E5000002008BD70477047704700B9704708B51B
:104E6000E5F7F2FF08BD60B1C3685A7812F0010F90
:104E700003D01B781BB10020704700207047012031
:104E8000704700207047EFF31183402383F31288AB
:104E9000BFF36F8FFEE738B545680368A3B12846B6
:104EA0009847044630B100280CDBFF2C00DDFF24BE
:104EB000EB681C70EA68537843F0010353702CB11F
:104EC000204638BD4442F0E70024F3E72846FBF7CC
:104ED000AFFAF5E708B500F084FC08BD08B500F0AE
:104EE00058FC08BD10B500F10C04C4600461E1F782
:104EF000AFFB10BD8269C3681A4312F003020DD1E3
:104F00000021016105E001691960036181690B44B9
:104F1000013241699142F6D8002070476FF01500C8
:104F2000704710B5044643618261C1600023C361CC
:104F30008360FFF7DFFF002801DB2460646010BDA1
:104F4000884200DA014611F17F0F01DB0846704705
:104F50006FF07E00704708B5806890F90E308B4284
:104F600001D1002008BDF5F745FBFBE70346002013
:104F70009860D8601B605B6070470B6803F00303A8
:104F80000B60426832B1136803F003030B431360F4
:104F90004160704741600160704708B591B18C462F
:104FA0000B6823F00301032B18D9136803F00303E4
:104FB0000B431360DCF8003003F003031343CCF819
:104FC000003008BD0168136803F003030B4313604E
:104FD00002604368002BF4D14260F2E71146FFF70C
:104FE000CCFFEEE708B50022C0F8C0204161F5F71C
:104FF0000DF808BD60B1036813F0030F08D010B5B9
:10500000446809B9204610BD00F025FB2046FAE7A8
:105010007047002303604360836000F10C03C360AA
:10502000036100F1140343618361704700B583B0ED
:105030000A460123009300231946F3F7E3FA03B06D
:105040005DF804FB00B583B00A46002100910B46D1
:10505000F3F7D8FA03B05DF804FB5AB18A420CD3D7
:105060008160C2600060406000F110030361436131
:10507000002070476FF0150070476FF01500704703
:105080000B4621B1096851B111601A60704703687D
:10509000136002604368002BF8D142607047002320
:1050A0001360436813B11A60426070474260026047
:1050B00070470B4639B11168196041688A4209D0BE
:1050C0000023136070471368036041688A42F7D178
:1050D0004360F5E74360F3E708B50A46036800213B
:1050E00001E019461B682BB19342FAD1FFF7E1FFAB
:1050F000012000E0002008BD704708B5CB6823F010
:105100000402CA6013F0040F00D108BDC830FFF7D5
:10511000E3FFFAE710B50446C36813F0020F09D0A5
:10512000E36813F01F0004D043F00202E26040F095
:10513000020010BD01468068FFF7DFFFF0E730B1E5
:1051400008B500221146D030F5F720FF08BD002039
:10515000704708B5EFF31180402383F31288BFF343
:105160006F8FF5F78FFB08BD10B50246C46814F0C9
:10517000020FC4F3400401D1204610BD0846114679
:10518000F3F766FDF8E708B5C36823F01003C360C2
:105190001030F3F747FB08BD08B5C36823F00802D9
:1051A000C26013F0080F01D1002008BD1030F6F7DF
:1051B0007DFAB0FA80F04009F7E710B50446FFF732
:1051C000EBFF2046FFF7A6FF10BDF8B506460D46DB
:1051D0001746D0F8C8304BB1AB4215D01C461B68FF
:1051E000002BF8D0002CF6D12346F4E700243846F3
:1051F000F3F7ACFE54B9D6F8C8303B60C6F8C870B7
:10520000D6F8CC304BB1F8BD0124F0E73A46294638
:1052100006F1C800FFF734FFF5E7C6F8CC70F2E7F7
:1052200010B5F3F7CDFE041E01DC204610BDFFF7DC
:1052300090FFFAE7EFF30580003818BF01207047B0
:10524000F8B50546D31D23F007037F3323F03F0352
:1052500001F14007A3F140063F2B07D8002282F35B
:105260001188BFF36F8F0422104602DFCC1821464D
:105270002846E4F75FFD073020F00700C5F8A87066
:10528000C5F8AC60C5F8B000201AF8BD90F90E0062
:1052900070478830704708B5F5F79EFA08BD10B41E
:1052A00000248460037342738173C4738461C46196
:1052B00010BC70470020704710B50446F4F7C8FBD7
:1052C0006268236813605A60002323606360627B16
:1052D00022F002026273A36010BD08B5E5F748F939
:1052E00008BD90F90E3091F90E00834201D0C01A2A
:1052F00070470020704738B505462C68A5420ED08F
:105300006CB12046FFF7D8FF04F11800F6F7CEF98C
:105310000023C4F8C0302046F4F764FCEDE738BD44
:1053200070B505460E46F4F71BFC6B7B43F0020399
:105330006B73FEB1AE603468A64208D1002406E06B
:1053400063686B602C601D60656013E0002464B1CD
:1053500021462846FFF7C5FF0028F1DC002CF6D0D7
:1053600073689C42F2D02468F1E773682E606B602A
:105370001D60756070BD70B5044616461D46FFF78A
:10538000CFFF32462B462046F4F71CFC70BD08B513
:1053900001211838F4F734FF08BD08B5EFF3118088
:1053A000402383F31288BFF36F8FF5F76BFA08BDC4
:1053B00038B5054600202C68A54208D03CB12046EF
:1053C000F5F7C2F82046F4F721FE0120F3E738BDD7
:1053D000031D43608360704710B50446F6F77AF802
:1053E00048B102460369416920691B18606941EBB5
:1053F0000001136151616268236813605A600023E1
:105400002360636010BD10B5F6F75AF80446F6F74E
:105410006DF87CB1236962691B1A62EBE072B3F12B
:10542000004F72F1000108DA002A01DB184610BDB6
:105430000023FBE76FF00040F9E76FF00040F6E76C
:1054400008B5F6F755FA08BD08B5F6F751FA08BDE4
:1054500070B50646B3F1FF3F08BFB2F1FF3F09D078
:1054600015461C4653EA02010CD100220023C0E974
:10547000002305E04FF0FF324FF0FF33C0E9002377
:10548000304670BD6FF00101891A4FF0FF3262EBB8
:105490000303002B02DB01604360F1E7F6F728FA13
:1054A0002B462246012D74F1000401DA012300226B
:1054B000C01841EB020130607160E1E7F8B50546C4
:1054C000B3F1FF3F08BFB2F1FF3F0AD014461F46B9
:1054D00057EA02030CD100220023C0E9002328462A
:1054E000F8BD4FF0FF324FF0FF33C0E90023F6E77D
:1054F000F6F7FEF903460A46A042B94105D2E61A7C
:1055000067EB02022E606A60E9E700263246F9E79F
:1055100008B5EFF31180402383F31288BFF36F8F38
:10552000F5F7B0F908BD016242620023036300F1A0
:1055300018028261C261036043604363704710B523
:105540000446F6F7B3F860B9636A0BB12046984792
:1055500004F11800F4F744FF18B1F4F757FDFFF712
:10556000D7FF10BD08B160387047704770B58468C8
:10557000237873B154F8045C5DB1A4F1140604F10E
:105580001400F6F793F80023E36231462846F3F758
:1055900017FD002070BD70B504460D468668D6B173
:1055A0007378012B0DD0022B12D000203070002315
:1055B000A360E368C3F386322A4362F39433E36063
:1055C00070BDF6F78DFB002333709842EFDAF7E7F2
:1055D000FFF7CCFFF7E70020E9E70140012A03D0FD
:1055E000081E18BF01207047884214BF0020012008
:1055F000704738B504460D46C26E02F00102496894
:10560000806EFFF7EAFF08B9002038BD012384F857
:1056100070302B6863662C6004F11800F6F746F8CA
:10562000F2E708B54FF0FF32F6F750FC08BD08B5B9
:105630000A460021F6F74AFC08BD10B582B042B117
:105640000222DDE90434CDE90034F6F795FC02B01E
:1056500010BD0022F5E730B108B5011F50F8040C69
:10566000F2F798FB08BD704710B50139024490422B
:1056700001D1002005E0037811F8014FA34201D0C9
:10568000181B10BD0130F2E710B56AB1013984185A
:1056900010F8012B11F8013F9A4203D1A04201D02A
:1056A000002AF5D1D01A10BD1046FCE710B501391B
:1056B000044632B111F8013F00F8013B013A002BDA
:1056C000F7D1002100F08DF8204610BD10B502463C
:1056D00001448A42134603D01C780132002CF8D1D1
:1056E000181A10BDF0B5C3F137070446FFB203F036
:1056F0001F031046082BE6B233D0102B3ED06508AE
:10570000A40844EA817445EAC1752D194FEA910253
:1057100042EB5102290941EA02716D1842EB121263
:10572000290A41EA02616D1842EB1222290C41EA72
:1057300002416D1842EB1242AD1842F10002EC0832
:1057400044EA4274D10804EB8402A6EB4205EDB2B0
:10575000092D0CD90134A5F10A0541F10001EDB282
:1057600012E0E40844EA417406F00705C908303540
:1057700054EA010200F8015BBCD1F0BD240944EAFF
:10578000017406F00F050909092D84BFED19EDB26A
:10579000EDE70A44914200F1FF3300D1704710B5A4
:1057A00011F8014B03F8014F9142F9D110BD884225
:1057B00010B501EB020402D98442234607D8431EE8
:1057C000A14208D011F8012B03F8012FF8E7024499
:1057D00001468A4200D110BD13F8014D02F8014D77
:1057E000F7E702440346934200D1704703F8011BD8
:1057F000F9E7D1E9043293421EBF5A1C0A611870BE
:10580000704700000148006870470000C43800205D
:08581000E0B2FD7F0100000081
:1058180015AE010000000000D9300200F058030066
:105828004B4E030000000000D17B02000000000086
:10583800417E020000000000DD46020020590300FE
:10584800DD46020008590300E3430300000000009E
:105858001144030000000000514403000000000050
:10586800012E030050590300212E0300685903003C
:10587800BD340200385903009738030080590300EB
:10588800ED31020000000000254F0200000000007A
:1058980061AE0100000000002D830100000000003F
:1058A800F1AD010000000000B95B0200000000003B
:1058B8005944030000000000598A0200000000005B
:1058C800293F02009859030061420200B0590300C1
:1058D8006DB30100000000002D550200000000001B
:0858E8001D2802000000000071
:1058F0003CA203006CA2030084A20300C0080020A5
:10590000FC3A002000000000F0A8030010A90300EA
:1059100040A90300CC080020CC3B00200000000080
:1059200000A9030028A9030040A90300CE08002015
:10593000D83B002000000000F4A20300000000009B
:1059400004A30300C2080020583B00200000000010
:105950000CA30300000000001CA30300C4080020E7
:10596000000000000000000080A303000000000011
:1059700090A30300C6080020000000000000000003
:105980008CA90300ACA90300F8A90300D0080020EB
:10599000A40700207005002008A6030024A6030029
:1059A000A8A60300C80800207007002000050020FA
:1059B00084A7030000000000ACA70300CA08002071
:0859C0000000000000000000DF
:1059C8001D4403007745030000000000610903003F
:1059D80080590300893403000000000061090300B6
:1059E80000000000610903000000000061090300D5
:1059F800FD6902007745030000000000610903000B
:105A080000000000610903000000000061090300B4
:105A180000000000610903000000000061090300A4
:105A28000000000061090300583B0020F933020020
:105A38000000000061090300000000006109030084
:105A4800000000006109030000000000394E020058
:105A58000000000061090300000000006109030064
:105A68000000000061090300000000006109030054
:105A78000000000061090300000000006109030044
:105A8800000000006109030000000000495C0200FA
:105A98000000000061090300000000006109030024
:105AA8000000000061090300000000006109030014
:105AB8000000000061090300000000006109030004
:105AC80000000000610903000000000061090300F4
:105AD80000000000610903000000000061090300E4
:105AE80000000000610903000000000061090300D4
:105AF80000000000610903000000000061090300C4
:105B08000000000061090300F974020077450300F2
:105B180000000000610903000000000061090300A3
:105B28000000000061090300000000006109030093
:105B38000000000061090300000000006109030083
:105B480005000000D1EB0100000000000600000085
:105B580031200200000000000400000069F101008B
:045B68000000000039
:105B6C00149D030008000000E49D030007000000E2
:105B7C00746B0300030000004C8D03000300000055
:105B8C00D4970300030000006C9203000300000094
:105B9C00C4820300030000000C9D030003000000FE
:105BAC00148B030003000000FC8C030003000000B6
:105BBC00649403000300000014AD03000300000014
:105BCC0038AE030003000000E8AC03000300000043
:105BDC00D081030003000000EC9E030003000000D2
:105BEC00146F0300030000005CA20300030000001C
:105BFC00A0A7030003000000FCAF0300030000009B
:105C0C001071030003000000646B0300030000002C
:105C1C002465030003000000687203000300000009
:105C2C00B8720300030000000075030003000000BD
:105C3C007464030003000000A8AE0300030000001E
:105C4C00C47D030003000000949F030003000000C8
:105C5C0030A003000300000064B403000300000044
:105C6C00407503000300000018A6030003000000A9
:105C7C00BC75030003000000FC7F03000300000060
:105C8C009CA903000300000048A1030003000000CE
:105C9C002475030098060020EC740300010000003A
:105CAC00040000000F0000000100000008000000CC
:105CBC002000000074000000840000000D000000B3
:105CCC000C0000000E0000005000000088000000D6
:105CDC00BC000000FFFFFFFFFFFFFFFFFFFFFFFF08
:045CEC00FFFFFFFFB8
:105CF000CC810300000000008DAF0100B5B20100AF
:105D0000000000002C9B0300000000001123030092
:105D10000000000000000000FC9C030000000000E8
:105D2000FD0D02000000000000000000F49C0300D4
:105D30000000000021050200D9130200000000004D
:105D4000049D030000000000510C020059090200EC
:045D5000000000004F
:105D540020330020080000000000000000000000C4
:105D6400F00500202833002010000000000000008F
:085D74000000000010060020F1
:105D7C0000000000E00500209D5D01000000000017
:085D8C00E8050020895D01001B
:105D9400545D03007C5D0300685D0300885D0300BF
:0C5DA400FFFFFFFFFFFFFFFFFFFFFFFFFF
:105DB00000000000000000010000000200000004DC
:105DC000000000080000001000000020000000405B
:105DD000000000800000001B00000036088A03005D
:105DE000108A0300148A0300188A03001C8A030027
:105DF000208A0300248A0300288A03002C8A0300D7
:105E0000308A0300348A0300388A03003C8A030086
:105E1000408A03001800280000002A00FF0000004C
:105E2000FF000000FF000000FF000000FF00000076
:105E3000FF0000000000005000030050FF000000C1
:105E4000FF000000FF000000FF000000FF00000056
:105E5000FF00000010B8030000010000F401FA0088
:105E6000960064004B0032001E0014000A0005007A
:105E70000200010000000000141E000030110000AC
:105E80000000000060EA00000000000000000000C8
:105E90000000000060EA000001020800252627003B
:105EA0000102080000000000141E00003011000074
:105EB0000000000060EA0000000000000000000098
:105EC0000000000060EA000000002CA6E0A1000035
:105ED00020A800000000000020A8000000002CA660
:105EE000E0A1000020A800000000000020A80000A1
:105EF00000002CA6E0A1000020A800000000000087
:105F000020A80000F401FA00960064004B00320063
:105F10001E0014000A00050002000100000000003D
:105F2000141E0000301100000000000060EA0000B4
:105F300000000000000000000000000060EA000017
:105F400000002CA6E0A1000020A800000000000036
:105F500020A80000F401FA00960064004B00320013
:105F60001E0014000A000500020001000F141E2884
:105F7000323C50647800010204010001000001017C
:105F80000000010001000001000100000000F40118
:105F9000FA00960064004B0032001E0014000A0054
:105FA0000500020001000100000101030000FF00E4
:105FB000FF0000000002020078007F00F0010300F3
:105FC00000000F141E28323C5064780001000B00C2
:105FD00002000A00050009000A000800140007007A
:105FE0001E000600320005004B00040064000300A0
:105FF00096000200FA000100F40100000C080217EC
:106000000D01010209090101060209181803010125
:1060100009090303050302012302022409100404F1
:1060200005050B0B040B2B1B1B151A1A1C021D1646
:10603000130501490D15050000002CA6E0A1000084
:1060400020A800000000000020A801020800A30111
:10605000B103BF05EF024906A309C505F50B2512DB
:106060000E021C045A03B4063006600C00002CA675
:10607000E0A1000020A800000000000020A801020C
:106080000801020400002CA6E0A1000020A80000E6
:106090000000000020A8F401FA00960064004B0004
:1060A00032001E0014000A0005000200010000007A
:1060B00000000000141E000030110000000000006D
:1060C00060EA000000000000000000000000000086
:1060D00060EA000000002CA6E0A1000020A800005B
:1060E0000000000020A800002CA6E0A1000020A8CD
:1060F00000000000000020A800000000141E0000A6
:10610000301100000000000060EA00000000000004
:10611000000000000000000060EA0000010208002A
:1061200000000000141E00003011000000000000FC
:1061300060EA000000000000000000000000000015
:1061400060EA0000030000002CA6E0A1000020A8E7
:1061500000000000000020A8F401FA00960064008E
:106160004B0032001E0014000A000500020001006E
:1061700000002CA6E0A1000020A800000000000004
:1061800020A8F401FA00960064004B0032001E00C3
:1061900014000A00050002000100000000000000D9
:1061A000141E0000301100000000000060EA000032
:1061B00000000000000000000000000060EA000095
:1061C0000102080000002CA6E0A1000020A80000A9
:1061D0000000000020A80000E3A3C3000406080A92
:1061E0000C0E10121416181C1E20222426282A2CED
:1061F0002E30323436383A3C3E40424446484A4CCF
:106200004E021A5000000000280000001800000094
:10621000000000005001000000000000000000002D
:10622000000000005001000000000000141E0000EB
:10623000301100000000000060EA000000000000D3
:10624000000000000000000060EA00000000000004
:10625000141E00003011000000000000B45F0000B8
:106260000000000000000000000000003C7300007F
:1062700001000000101100400000000000000000BC
:10628000000000000000000000002CA6E0A10000BB
:1062900020A800000000000020A800000000DC058D
:1062A000E80300000000000000000000D417000018
:1062B0000000000070170000A00F000000000000A8
:1062C0003C2800000000000000000000000000006A
:1062D0003C2800000000DC05E8030000000000008E
:1062E00000000000D417000000000000141E000091
:1062F000301100000000000060EA00000000000013
:10630000000000000000000060EA0000FFC1FBE8A0
:106310004C90728BE7B3518963AB2323FF7F00203E
:106320000018000A800720029801AA8000000028B7
:106330000000002001020304020304040020602086
:10634000406080000102030402030404D8ECF0F46E
:10635000F8FC000203040506070800000000000026
:10636000000000000000000000000000000001012B
:1063700001010202020203030303040404040505ED
:1063800005050606060809000000000000000000E0
:1063900000000000000000000000000101010102F7
:1063A00002020203030303040404040505050506B1
:1063B000060708090A0B0C0D07090902030700105C
:1063C0000200FA00000000001F5D01002B5D0100CB
:1063D0002F5D0100375D01003B5D01000000000002
:1063E0000338FDD870470000616476657274697384
:1063F000655F636220776F726B73000077715F6116
:1064000064765F68616E6C646572312E6368616E7C
:10641000203D20257000000046545F424C4520532B
:1064200054415254494E472055500000436F756CFB
:1064300064206E6F74207075626C69736820746F6D
:10644000206C6564206368616E6E656C00000000FE
:10645000436F756C64206E6F74207075626C697325
:106460006820746F20626C65206368616E6E656C75
:10647000000000006D61696E000000005745535434
:106480005F544F504449522F7A65706879722F6972
:106490006E636C7564652F7A65706879722F6472AB
:1064A00069766572732F6770696F2E68000000004F
:1064B000286366672D3E706F72745F70696E5F6DE2
:1064C00061736B202620286770696F5F706F72742C
:1064D0005F70696E735F74292831554C203C3C20F5
:1064E0002870696E29292920213D2030550000009F
:1064F000415353455254494F4E204641494C205B2D
:1065000025735D20402025733A25640A00000000B1
:1065100009556E737570706F727465642070696E62
:106520000A0000006C65645F7461736B000000001A
:1065300028666C61677320262028283155203C3C52
:1065400020323129207C20283155203C3C20323219
:1065500029207C20283155203C3C20323329207CC6
:1065600020283155203C3C20323429207C20283101
:1065700055203C3C20323529207C20283155203CB8
:106580003C203236292929203D3D203000000000E2
:1065900009496E7465727275707420666C616773F8
:1065A00020617265206E6F7420737570706F7274E5
:1065B00065640A0028666C616773202620282831EC
:1065C000203C3C203429207C202831203C3C2035B4
:1065D00029292920213D20282831203C3C2034290C
:1065E000207C202831203C3C203529290000000057
:1065F0000950756C6C20557020616E642050756C6C
:106600006C20446F776E2073686F756C64206E6FBA
:106610007420626520656E61626C65642073696DCB
:10662000756C74616E656F75736C790A000000009B
:10663000212828666C616773202620283155203C6C
:106640003C2031362929202626202128666C6167C6
:1066500073202620283155203C3C20313729292021
:1066600026262028666C6167732026202831203C6E
:106670003C2031292929000009496E707574206376
:10668000616E6E6F7420626520656E61626C656418
:1066900020666F7220274F70656E20447261696EAC
:1066A000272C20274F70656E20536F757263652706
:1066B000206D6F64657320776974686F7574204FFF
:1066C00075747075740A000028666C616773202603
:1066D000202831203C3C2031292920213D20302018
:1066E0007C7C2028666C6167732026202831203C42
:1066F0003C20322929203D3D2030000028666C6175
:10670000677320262028283155203C3C2031382929
:10671000207C20283155203C3C2031392929292052
:106720003D3D2030207C7C2028666C6167732026EC
:1067300020283155203C3C203137292920213D207B
:1067400030000000094F7574707574206E656564C3
:106750007320746F20626520656E61626C656420D1
:10676000746F20626520696E697469616C697A650D
:1067700064206C6F77206F7220686967680A000078
:1067800028666C61677320262028283155203C3C00
:1067900020313829207C20283155203C3C203139BB
:1067A00029292920213D2028283155203C3C203111
:1067B0003829207C20283155203C3C20313929299A
:1067C00000000000094F75747075742063616E6E6F
:1067D0006F7420626520696E697469616C697A659D
:1067E00064206C6F7720616E6420686967680A00B6
:1067F00028666C61677320262028283155203C3C90
:1068000020323129207C20283155203C3C20323256
:1068100029292920213D2028283155203C3C20329F
:106820003129207C20283155203C3C203232292936
:10683000000000000943616E6E6F7420626F74681F
:1068400020656E61626C6520616E642064697361AD
:10685000626C6520696E74657272757074730A007B
:1068600028666C61677320262028283155203C3C1F
:1068700020323129207C20283155203C3C203232E6
:1068800029292920213D203055000000094D75732C
:10689000742065697468657220656E61626C65203C
:1068A0006F722064697361626C6520696E746572D1
:1068B00072757074730A00002828666C6167732013
:1068C0002620283155203C3C2032322929203D3DCC
:1068D000203029207C7C202828666C616773202664
:1068E00020283155203C3C203234292920213D20CC
:1068F0003029207C7C202828666C61677320262044
:1069000028283155203C3C20323529207C20283154
:1069100055203C3C20323629292920213D20282899
:106920003155203C3C20323529207C20283155200F
:106930003C3C20323629292900000000094F6E6CAA
:1069400079206F6E65206F66204750494F5F494E32
:10695000545F4C4F575F302C204750494F5F494E92
:10696000545F484947485F312063616E206265206B
:10697000656E61626C656420666F722061206C6573
:1069800076656C20696E746572727570742E0A007B
:106990002828666C616773202620283155203C3CEE
:1069A0002032322929203D3D203029207C7C20289E
:1069B00028666C61677320262028283155203C3CCE
:1069C00020323529207C20283155203C3C2032368D
:1069D00029292920213D2030290000000941742067
:1069E0006C65617374206F6E65206F662047504937
:1069F0004F5F494E545F4C4F575F302C20475049F2
:106A00004F5F494E545F484947485F312068617382
:106A100020746F20626520656E61626C65642E0A69
:106A20000000000043616C6C6261636B20776F72E1
:106A30006B730000496E697469616C697A6E6720D6
:106A40004750494F00000000436F756C64206E6F23
:106A50007420636F6E66696775726520746865205F
:106A6000706F776572204C4544000000436F756C71
:106A700064206E6F7420636F6E666967757265203F
:106A800074686520636F6E6E656374696F6E204C09
:106A900045440000436F756C64206E6F7420636F13
:106AA0006E6669677572652074686520626C652022
:106AB0004C454400436F756C64206E6F7420636FA7
:106AC0006E6669677572652070746F2070696E20DC
:106AD000313620617320696E7075742E00000000DD
:106AE000436F756C64206E6F7420636F6E666967A8
:106AF00075726520696E74657272757074206F6E40
:106B00002070696E2031362E000000004750494F3A
:106B100020706F72742030206973206E6F74207241
:106B20006561647900000000496E697469616C698F
:106B30007A6E67204750494F20636F6D706C6574A3
:106B40006564000020590300100010002059030064
:106B50000D000100205903000E0001002059030020
:106B60000F0001006770696F5F73657475705F7403
:106B700061736B006164766572746973655F7461DB
:106B8000736B0000574553545F544F504449522F84
:106B90007A65706879722F6C69622F686561702FF1
:106BA000686561702E6300006368756E6B5F757356
:106BB000656428682C2063290000000009756E6553
:106BC00078706563746564206865617020737461B2
:106BD00074652028646F75626C652D667265653F0B
:106BE0002920666F72206D656D6F72792061742047
:106BF00025700A006C6566745F6368756E6B286843
:106C00002C2072696768745F6368756E6B28682CE6
:106C100020632929203D3D206300000009636F7235
:106C2000727570746564206865617020626F756E3E
:106C300064732028627566666572206F7665726679
:106C40006C6F773F2920666F72206D656D6F72796A
:106C50002061742025700A0028616C69676E202607
:106C60002028616C69676E202D20312929203D3D47
:106C70002030000009616C69676E206D75737420A7
:106C80006265206120706F776572206F6620320A1E
:106C9000000000006279746573202F203855203C75
:106CA0003D203078376666665500000009686561EA
:106CB000702073697A6520697320746F6F20626930
:106CC000670A00006279746573203E206865617010
:106CD0005F666F6F7465725F62797465732862793D
:106CE000746573290000000009686561702073698C
:106CF0007A6520697320746F6F20736D616C6C0A04
:106D000000000000686561705F737A203E20636850
:106D1000756E6B737A2873697A656F6628737472FF
:106D2000756374207A5F686561702929000000002E
:106D30006368756E6B305F73697A65202B206D69AF
:106D40006E5F6368756E6B5F73697A65286829206A
:106D50003C3D20686561705F737A0000574553546D
:106D60005F544F504449522F7A65706879722F6C86
:106D700069622F6F732F63627072696E74665F70E1
:106D800061636B616765642E630000007061636B13
:106D90006167656420213D202828766F6964202A78
:106DA0002930290009537472696E67207769746805
:106DB00020746F6F206D616E7920617267756D65EB
:106DC0006E74730A00000000097374725F7074724D
:106DD0005F706F735B5D20746F6F20736D616C6C9F
:106DE0000A00000009756E6578706563746564203B
:106DF00073697A652025750A0000000009746F6FB9
:106E0000206D616E7920666F726D617420617267AA
:106E1000730A0000696E5F7061636B61676564206F
:106E2000213D202828766F6964202A293029000016
:106E300028756E7369676E656429206368617220C6
:106E40002A207573656420666F7220252570206185
:106E50007267756D656E742E204974277320726594
:106E6000636F6D6D656E64656420746F206361731C
:106E70007420697420746F20766F6964202A206200
:106E8000656361757365206974206D617920636144
:106E9000757365206D69736265686176696F7220CC
:106EA000696E206365727461696E20636F6E6669D6
:106EB0006775726174696F6E732E20537472696E98
:106EC000673A2225732220617267756D656E743A88
:106ED00025640000736370795F636E74203C2073D7
:106EE000697A656F66286370795F7374725F706F1B
:106EF000732900006B6565705F636E74203C2073BE
:106F0000697A656F66286B6565705F7374725F7010
:106F10006F73290063627072696E74665F7061637B
:106F20006B61676500000000574553545F544F5034
:106F30004449522F7A65706879722F6C69622F6F9D
:106F4000732F6D7073635F706275662E630000004F
:106F5000657272203D3D20300000000057455354BB
:106F60005F544F504449522F7A65706879722F6987
:106F70006E636C7564652F7A65706879722F7370B3
:106F8000696E6C6F636B2E68000000007A5F73702F
:106F9000696E5F6C6F636B5F76616C6964286C29E6
:106FA0000000000009496E76616C696420737069A5
:106FB0006E6C6F636B2025700A0000007A5F73703F
:106FC000696E5F756E6C6F636B5F76616C69642868
:106FD0006C290000094E6F74206D79207370696E02
:106FE0006C6F636B2025700A0000000057455354F6
:106FF0005F544F504449522F7A65706879722F6CF4
:1070000069622F7574696C732F6F6E6F66662E637D
:10701000000000007374617465203D3D2028283114
:10702000554C203C3C2028322929207C20283155F1
:107030004C203C3C2028302929290000657674200A
:10704000213D204556545F4E4F5000006576742018
:107050003D3D204556545F5245434845434B000053
:107060007374617465203D3D203055002173797340
:107070005F736C6973745F69735F656D7074792891
:10708000266D67722D3E636C69656E74732900000E
:107090007472616E73697420213D202828766F69AF
:1070A00064202A29302900007374617465203D3DF5
:1070B000202831554C203C3C202831292900000053
:1070C0006D67722D3E72656673203D3D2030000075
:1070D0007374617465203D3D202831554C203C3C43
:1070E0002028302929000000574553545F544F5041
:1070F0004449522F7A65706879722F6C69622F75D6
:1071000074696C732F6E6F746966792E630000006A
:1071100066735F6E76730000574553545F544F504B
:107120004449522F7A65706879722F696E636C7565
:1071300064652F7A65706879722F6C6F6767696E06
:10714000672F6C6F675F6261636B656E642E6800AA
:107150006261636B656E6420213D202828766F692B
:1071600064202A29302900006D736720213D2028E2
:1071700028766F6964202A29302900005745535426
:107180005F544F504449522F7A65706879722F735B
:1071900075627379732F6C6F6767696E672F6C6F99
:1071A000675F636F72652E63000000006261636B4E
:1071B000656E64203C3D205F6C6F675F6261636B4E
:1071C000656E645F6C6973745F656E6400000000D7
:1071D00009756E6578706563746564206C69737495
:1071E00020656E64206C6F636174696F6E0A0000C5
:1071F0006C6F675F6261636B656E645F636F756E12
:10720000745F6765742829203C2028283332202F9A
:1072100020335529202D202831202B2030292900EA
:107220006C6F6767696E67006C6F675F6261636B45
:10723000656E645F636F756E745F6765742829207F
:107240003E203000F81E00200001000083000300F3
:10725000EDFF0200020000006902030000000000D0
:1072600000000000000000006C6F67005745535499
:107270005F544F504449522F7A65706879722F736A
:1072800075627379732F6C6F6767696E672F6C6FA8
:10729000675F6D676D742E63000000006C696E6B34
:1072A000203C3D205F6C6F675F6C696E6B5F6C6943
:1072B00073745F656E6400006C6F675F6D676D74FB
:1072C000000000004D6573736167652028222573F7
:1072D00022292064726F7070656420626563617535
:1072E00073652069742065786365656473207369CC
:1072F0007A65206C696D69746174696F6E202825E8
:1073000075290000574553545F544F504449522F3C
:107310007A65706879722F7375627379732F6C6FE9
:107320006767696E672F6C6F675F6D73672E6300A9
:107330006C656E203E3D203000000000706C656E74
:10734000203E3D20300000005B2530386C755D200C
:10735000000000005B253032753A253032753A2541
:107360003032752E253033752C253033755D200075
:107370001B5B306D0000000025732E0025733A2042
:10738000000000003C25733E2000000025732F0004
:10739000574553545F544F504449522F7A65706893
:1073A00079722F7375627379732F6C6F6767696E6B
:1073B000672F6C6F675F6F75747075742E63000054
:1073C0006C6576656C203C3D2034550025732000AB
:1073D0002530327820000000202020007C000000B2
:1073E000256300006F75745F6374782D3E636F6E64
:1073F00074726F6C5F626C6F636B2D3E6F66667349
:107400006574203C3D206F75745F6374782D3E7306
:10741000697A6500657272203E3D203000000000F0
:10742000206D657373616765732064726F7070653A
:1074300064202D2D2D0D0A1B5B306D001B5B313B35
:1074400033316D2D2D2D20001B5B313B33316D0011
:107450001B5B313B33336D006572720077726E00D7
:10746000696E6600646267000000000048740300F3
:107470005074030000000000000000000000000045
:10748000587403005C7403006074030064740300A8
:10749000574553545F544F504449522F7A65706892
:1074A00079722F7375627379732F6C6F6767696E6A
:1074B000672F6261636B656E64732F6C6F675F62C9
:1074C00061636B656E645F756172742E63000000AA
:1074D0006465766963655F69735F72656164792865
:1074E000756172745F646576290000006C6F675F78
:1074F0006261636B656E645F7561727400000000A9
:107500006C6F675F75617274000000001475030092
:1075100068330020919001008833002094330020CC
:1075200001000000E9020300DB020300719001008A
:107530003590010000000000CF02030000000000B1
:10754000706D5F646576696365000000556E626109
:107550006C616E6365642073757370656E640000A2
:10756000574553545F544F504449522F7A657068C1
:1075700079722F7375627379732F706D2F646576CE
:107580006963655F72756E74696D652E63000000D6
:10759000726574203D3D20300000000009436F7586
:1075A0006C64206E6F742073757370656E642064F4
:1075B000657669636520282564290A0073657474FB
:1075C000696E6773000000002A2A2A20426F6F74D8
:1075D000696E67206E524620436F6E6E656374203D
:1075E00053444B2076322E372E302D7263322D626B
:1075F0003264343530333033363566202A2A2A0A4D
:10760000000000002A2A2A205573696E67205A65F7
:1076100070687972204F532076332E362E39392DEB
:10762000663034373935396136353063202A2A2AB5
:107630000A000000637C777BF26B6FC53001672B1B
:10764000FED7AB76CA82C97DFA5947F0ADD4A2AF56
:107650009CA472C0B7FD9326363FF7CC34A5E5F164
:1076600071D8311504C723C31896059A071280E212
:10767000EB27B27509832C1A1B6E5AA0523BD6B366
:1076800029E32F8453D100ED20FCB15B6ACBBE39D6
:107690004A4C58CFD0EFAAFB434D338545F9027FC2
:1076A000503C9FA851A3408F929D38F5BCB6DA217B
:1076B00010FFF3D2CD0C13EC5F974417C4A77E3DA7
:1076C000645D197360814FDC222A908846EEB814FD
:1076D000DE5E0BDBE0323A0A4906245CC2D3AC62C0
:1076E0009195E479E7C8376D8DD54EA96C56F4EACB
:1076F000657AAE08BA78252E1CA6B4C6E8DD741FDC
:107700004BBD8B8A703EB5664803F60E613557B99E
:1077100086C11D9EE1F8981169D98E949B1E87E958
:10772000CE5528DF8CA1890DBFE6426841992D0F07
:10773000B054BB1600000000E50803006D757465C9
:10774000785F696E69742063616C6C656420776929
:107750007468204E554C4C20706172616D65746583
:1077600072000000436F756C64206E6F7420616C52
:107770006C6F63617465206D7574657820626566F1
:107780006F726520696E697469616C697A696E6788
:1077900000000000B8060020B0060020A806002067
:1077A00000000000A0060020BD9A0100619A0100BF
:1077B000FD990100A599010072302F61313A202016
:1077C000307825303878202072312F61323A2020ED
:1077D000307825303878202072322F61333A2020DB
:1077E000307825303878000072332F61343A202009
:1077F000307825303878207231322F69703A202065
:10780000307825303878207231342F6C723A20204D
:10781000307825303878000020787073723A202054
:1078200030782530387800004661756C74696E6771
:1078300020696E737472756374696F6E206164641D
:107840007265737320287231352F7063293A2030A6
:107850007825303878000000556E68616E646C657C
:1078600064204952516E3A2025640000535053451C
:107870004C20696E20746872656164206D6F646568
:1078800020646F6573206E6F7420696E6469636134
:1078900074652050535000002A2A2A2A2A20555362
:1078A000414745204641554C54202A2A2A2A2A007D
:1078B00020204469766973696F6E206279207A6549
:1078C000726F00002020556E616C69676E656420E0
:1078D0006D656D6F7279206163636573730000007D
:1078E00020204E6F20636F70726F636573736F72C9
:1078F00020696E737472756374696F6E7300000033
:107900002020496C6C6567616C206C6F6164206F2E
:1079100066204558435F52455455524E20696E7457
:107920006F205043000000002020496C6C656761A7
:107930006C20757365206F66207468652045505310
:10794000520000002020417474656D707420746FC3
:10795000206578656375746520756E646566696E0B
:10796000656420696E737472756374696F6E00006C
:107970002A2A2A2A2A204465627567206D6F6E695B
:10798000746F7220657863657074696F6E202A2A3F
:107990002A2A2A00526573657276656420457863E9
:1079A000657074696F6E2028000000005370757256
:1079B000696F757320696E746572727570742028B2
:1079C00049525120000000002A2A2A2A2A20257321
:1079D00020256429202A2A2A2A2A00002A2A2A2A3B
:1079E0002A20425553204641554C54202A2A2A2AFF
:1079F0002A0000002020537461636B696E67206564
:107A000072726F72000000002020556E7374616303
:107A10006B696E67206572726F7200002020507271
:107A200065636973652064617461206275732065A4
:107A300072726F72000000002020424641522041C5
:107A40006464726573733A20307825780000000012
:107A50002020496D7072656369736520646174618B
:107A600020627573206572726F7200002020496E6B
:107A7000737472756374696F6E20627573206572BA
:107A8000726F72002020466C6F6174696E672D7092
:107A90006F696E74206C617A7920737461746520EB
:107AA000707265736572766174696F6E206572724B
:107AB0006F7200002A2A2A2A2A204D50552046415A
:107AC000554C54202A2A2A2A2A00000020205374C8
:107AD00061636B696E67206572726F722028636FD5
:107AE0006E746578742061726561206D6967687471
:107AF000206265206E6F742076616C6964290000D5
:107B0000202044617461204163636573732056696A
:107B10006F6C6174696F6E0020204D4D464152209C
:107B2000416464726573733A2030782578000000F0
:107B30002020496E737472756374696F6E2041639F
:107B4000636573732056696F6C6174696F6E0000B2
:107B5000574553545F544F504449522F7A657068CB
:107B600079722F617263682F61726D2F636F726516
:107B70002F636F727465785F6D2F6661756C742EFC
:107B800063000000212828285343425F5479706520
:107B9000202A2920282830784530303045303030B0
:107BA000554C29202B20307830443030554C29203A
:107BB000292D3E434653522026202831554C203C47
:107BC0003C20283055202B2034552929290000003D
:107BD00009537461636B696E67206572726F7220FE
:107BE0006E6F74206120737461636B206661696CD1
:107BF0000A0A00002A2A2A2A2A20484152442046FA
:107C000041554C54202A2A2A2A2A00002020427555
:107C100073206661756C74206F6E20766563746F77
:107C200072207461626C65207265616400000000FE
:107C300020204465627567206576656E74000000DB
:107C400020204661756C7420657363616C61746992
:107C50006F6E20287365652062656C6F7729000060
:107C6000415243485F4558434550542077697468F2
:107C700020726561736F6E2025780A000946617570
:107C80006C7420657363616C6174696F6E207769D1
:107C900074686F75742046535220696E666F0A00CF
:107CA00009486172644661756C7420776974686F05
:107CB0007574204846535220696E666F2053686180
:107CC0006C6C206E65766572206F636375720A0056
:107CD00065736620213D202828766F6964202A2953
:107CE000302900000945534620636F756C64206E8F
:107CF0006F742062652072657472696576656420B0
:107D00007375636365737366756C6C792E20536845
:107D1000616C6C206E65766572206F636375722E80
:107D20000A000000574553545F544F504449522FA6
:107D30007A65706879722F617263682F61726D2F36
:107D4000636F72652F636F727465785F6D2F6972F0
:107D5000715F6D616E6167652E6300007072696F9F
:107D6000203C3D20282831554C203C3C20283329FC
:107D700029202D203129000009696E76616C696423
:107D8000207072696F7269747920256420666F7241
:107D900020256420697271212076616C75657320DD
:107DA0006D757374206265206C65737320746861EF
:107DB0006E20256C750A0A000000002000000000FB
:107DC00000000B066D7075004661696C6564207477
:107DD0006F20616C6C6F63617465206E6577204DF8
:107DE000505520726567696F6E2025750A00000086
:107DF000506172746974696F6E2025753A207361E1
:107E00006E69747920636865636B206661696C656F
:107E1000642E0000574553545F544F504449522F2D
:107E20007A65706879722F617263682F61726D2F45
:107E3000636F72652F6D70752F61726D5F6D7075F8
:107E40002E6300002128726567696F6E5B69647834
:107E50005D2E64745F617474722026202831554C45
:107E6000203C3C2028302929290000000952414D9E
:107E70005F4E4F434143484520776974682044541E
:107E80005F4D454D5F434143484541424C4520616C
:107E900074747269627574650A0A000009436F6E32
:107EA0006669677572696E672025752073746174E1
:107EB0006963204D505520726567696F6E73206647
:107EC00061696C65640A0A0009436F6E66696775CB
:107ED00072696E672025752064796E616D69632013
:107EE0004D505520726567696F6E73206661696CCD
:107EF00065640A0A000000000952657175657374B3
:107F000020746F20636F6E6669677572653A20250D
:107F10007520726567696F6E732028737570706F56
:107F2000727465643A202575290A0A000946616958
:107F30006C656420746F20616C6C6F636174652084
:107F40004D505520726567696F6E732066726F6D54
:107F50002044540A0A0000002828284D50555F5438
:107F6000797065202A29202828307845303030451E
:107F7000303030554C29202B203078304439305562
:107F80004C2920292D3E5459504520262028307850
:107F90004646554C203C3C2038552929203E3E2061
:107FA0003855203D3D20380009496E76616C696482
:107FB000206E756D626572206F66204D505520727F
:107FC0006567696F6E730A0A000000000200000016
:107FD000E47F0300464C4153485F30005352414D0B
:107FE0005F30000000000000D47F03002600020282
:107FF00000000020DC7F030022000B11736F630080
:1080000000FFFFFFFFFFFF00000000000000000076
:10801000FFFFFFFFFFFF0000000000000000000066
:108020007075626C6963000072616E646F6D000050
:10803000253032583A253032583A253032583A25D0
:108040003032583A253032583A25303258202825D7
:10805000732900007075626C69632D69640000000B
:1080600072616E646F6D2D696400000030313233CF
:108070003435363738396162636465660000000064
:10808000496E73756666696369656E74206E756D99
:10809000626572206F6620617267756D656E7473BC
:1080A000000000006964000049676E6F72696E67C6
:1080B000206964656E7469746965732073746F7286
:1080C000656420696E20666C61736800496E766134
:1080D0006C6964206C656E67746820494420616433
:1080E000647265737320696E2073746F7261676563
:1080F000000000004661696C656420746F20726541
:10810000616420646576696365206E616D652066D3
:10811000726F6D2073746F7261676520286572726B
:1081200020257A642900000062742F25732F2530E2
:108130003278253032782530327825303278253043
:1081400032782530327825752F25730062742F25FB
:10815000732F25303278253032782530327825302B
:1081600032782530327825303278257500000000CD
:1081700062742F25730000004661696C6564207489
:108180006F2073617665204944202865727220252E
:10819000642900007363000063660000636363008A
:1081A0005A65706879720000556E61626C65207462
:1081B0006F20736574757020616E206964656E74DC
:1081C000697479206164647265737300627400007D
:1081D00062745F73657474696E6773004254204CF7
:1081E000572057510000000002FB349B5F800000C5
:1081F00080001000000000000000000057455354AC
:108200005F544F504449522F7A65706879722F73CA
:1082100075627379732F626C7565746F6F74682FF4
:10822000686F73742F6275662E63000074797065D1
:10823000203D3D2042545F4255465F455654207CC8
:108240007C2074797065203D3D2042545F42554644
:108250005F41434C5F494E207C7C207479706520DF
:108260003D3D2042545F4255465F49534F5F494E62
:108270000000000009496E76616C696420627566D1
:1082800066657220747970652072657175657374A6
:1082900065640A00889F0300A08203004700000075
:1082A000907A0020889F0300B08203003D00000008
:1082B000707E0020889F0300C08203000800000039
:1082C0007C7F002062745F6461746100756E6B6E08
:1082D0006F776E0044617461206275666665722016
:1082E0006F766572666C6F7720286C696E6B207490
:1082F000797065203078253032782900546F6F20EE
:10830000736D616C6C202825752062797465732902
:10831000206576656E742030782530327800000054
:10832000556E61626C6520746F206C6F6F6B207589
:108330007020636F6E6E20776974682068616E6468
:108340006C65202575000000556E61626C652074B7
:108350006F206C6F6F6B757020636F6E6E20666F31
:10836000722068616E646C652025750065767420E6
:108370006E756D5F68616E646C657320283D257550
:108380002920746F6F206C61726765202825752025
:108390003E202575290000004E6F20636F6E6E65CC
:1083A0006374696F6E20666F722068616E646C65BD
:1083B000202575007061636B65747320636F756E43
:1083C00074206D69736D6174636800004E6F206383
:1083D0006F6D6D616E642073656E7420666F7220C0
:1083E000636D6420636F6D706C65746520307825F3
:1083F000303478004F70436F646520307825303416
:108400007820636F6D706C6574656420696E737439
:10841000656164206F6620657870656374656420AB
:108420003078253034780000574553545F544F500E
:108430004449522F7A65706879722F737562737927
:10844000732F626C7565746F6F74682F686F7374C7
:108450002F6863695F636F72652E630021627566C2
:1084600000000000556E657870656374656420488F
:108470004F53545F4E554D5F434F4D504C455445FF
:10848000445F5041434B45545320287374617475C5
:1084900073203078253032782900000048617264FA
:1084A00077617265206572726F722C2068617264E8
:1084B0007761726520636F64653A2025640000006F
:1084C000556E68616E646C6564206576656E7420B7
:1084D000307825303278206C656E2025753A20255D
:1084E00073000000496E76616C696420484349203E
:1084F0006576656E742073697A6520282575290074
:1085000062745F6863695F6576745F6765745F66F0
:108510006C616773286864722D3E65767429202625
:10852000202831554C203C3C2028312929000000CE
:10853000556E68616E646C65642076656E646F72FA
:108540002D7370656369666963206576656E743A3C
:1085500020257300436F756C64206E6F74207375F3
:10856000626D69742072785F776F726B3A20256450
:1085700000000000496E76616C6964204843492020
:1085800041434C207061636B65742073697A652088
:10859000282575290000000041434C206461746166
:1085A000206C656E677468206D69736D61746368B3
:1085B0002028257520213D2025752900556E6162F2
:1085C0006C6520746F2066696E6420636F6E6E2028
:1085D000666F722068616E646C652025750000000E
:1085E000556E6B6E6F776E2062756620747970655C
:1085F0002025750009636F6D6D616E64206F706377
:108600006F6465203078253034782074696D656F2B
:1086100075742077697468206572722025640A0079
:108620006F70636F64652030782530347820737400
:108630006174757320307825303278004661696C3A
:10864000656420746F207265616420444C45206D20
:1086500061782064617461206C656E0074785F6F6E
:1086600063746574732065786365656473207468EA
:10867000652076616C69642072616E67652025757E
:108680000000000074785F74696D6520657863652B
:10869000656473207468652076616C69642072611A
:1086A0006E676520257500004E6F6E2D4C4520636A
:1086B000617061626C6520636F6E74726F6C6C6563
:1086C000722064657465637465642100436F6E7421
:1086D000726F6C6C657220646F6573206E6F7420AE
:1086E000737570706F727420274C455F524541441A
:1086F0005F4D41585F4144565F444154415F4C4592
:108700004E272E20417373756D696E67206D6178F9
:10871000696D756D206C656E6774682069732033B0
:10872000312062797465732E0000000056656E6416
:108730006F722048434920657874656E73696F6E67
:1087400073206E6F7420617661696C61626C650084
:10875000485720506C6174666F726D3A2025732003
:1087600028307825303478290000000048572056FA
:10877000617269616E743A20257320283078253043
:10878000347829004669726D776172653A202573E5
:108790002028307825303278292056657273696F29
:1087A0006E2025752E2575204275696C642025750F
:1087B000000000004661696C656420746F2072657A
:1087C000616420737570706F727465642076656E75
:1087D000646F7220636F6D6D616E647300000000E2
:1087E0004661696C656420746F20726561642073F2
:1087F0007570706F727465642076656E646F722038
:1088000066656174757265730000000041434C2019
:1088100042522F4544522062756666657273206E1F
:108820006F7420696E697469616C697A65640000AF
:108830004661696C656420726561642072656D6F64
:1088400074652066656174757265732028256429D6
:10885000000000004661696C6564204C452053654A
:108860007420504859202825642900004661696C0D
:10887000656420746F207365742064617461206C7A
:10888000656E202825642900556E657870656374CF
:108890006564207374617475732030782530327884
:1088A000000000004E6F2070656E64696E67206383
:1088B0006F6E6E20666F7220706565722025730082
:1088C0005B305D004964656E7469747925733A2084
:1088D000257300004964656E746974795B25645D75
:1088E0003A202573000000004843493A207665721B
:1088F00073696F6E202573202830782530327829EF
:10890000207265766973696F6E203078253034780F
:108910002C206D616E7566616374757265722030AE
:1089200078253034780000004C4D503A207665723E
:1089300073696F6E202573202830782530327829AE
:1089400020737562766572203078253034780000A7
:10895000556E61626C6520746F2073656E6420745F
:108960006F206472697665722028657272202564B2
:1089700029000000556E61626C6520746F20616C87
:108980006C6F6361746520627566666572000000D5
:108990006576745F666C6167732026202831554CBC
:1089A000203C3C202830292900000000496E7661D7
:1089B0006C69642062756620747970652025750085
:1089C0004E6F20494420616464726573732E2041A8
:1089D0007070206D7573742063616C6C20736574A6
:1089E00074696E67735F6C6F616428290000000012
:1089F000556E61626C6520746F2073746F726520B0
:108A00006E616D6500000000312E306200000000D4
:108A1000312E3100312E3200322E3000322E310014
:108A2000332E3000342E3000342E3100342E3200FC
:108A3000352E3000352E3100352E3200352E3300E4
:108A4000352E34005374616E6461726420426C751B
:108A500065746F6F746820636F6E74726F6C6C6591
:108A60007200000056656E646F72207370656369F2
:108A700066696320636F6E74726F6C6C6572000060
:108A80004669726D77617265206C6F616465720012
:108A900052657363756520696D616765000000004C
:108AA0007265736572766564000000006E5246352B
:108AB000317800006E524635327800006E524635ED
:108AC000337800006E524635344878006E52463591
:108AD000344C7800496E74656C20436F72706F720D
:108AE0006174696F6E0000004E6F72646963205399
:108AF000656D69636F6E647563746F72000000006A
:108B00004E58502053656D69636F6E647563746F62
:108B10007273000062745F6863695F636F726500FF
:108B2000448A0300648A0300808A0300908A030059
:108B3000A08A0300AC8A0300B48A0300BC8A030045
:108B4000C48A0300CC8A0300A08A0300D48A0300ED
:108B5000E88A0300008B03000E030000C9BB01007C
:108B60000F040000A1BB01001A010000E9B60100DA
:108B700005040000110D03001301000099B8010065
:108B8000FF01000095BE01003E010000A1BD0100F3
:108B9000050400008DB701001001000015BC0100A4
:108BA0000112000065CC01000A1E0000830E0300C4
:108BB00003090000F5BF0100040B000035B80100F7
:108BC000060A000031D10100070A000009B80100BF
:108BD0000C050000D9B701001205000061DA0100A0
:108BE0001308000079DB0100889F0300F48B030069
:108BF00003010000A07F002052656164205374616E
:108C00007469632041646472657373657320636F74
:108C10006D6D616E64206E6F7420617661696C6148
:108C2000626C65004661696C656420746F207265D2
:108C30006164207374617469632061646472657334
:108C4000736573004E6F207374617469632061648F
:108C5000647265737365732073746F7265642069E1
:108C60006E20636F6E74726F6C6C65720000000032
:108C70004F6E6C792072616E646F6D2073746174D5
:108C80006963206964656E746974792061646472D3
:108C900065737320737570706F7274656400000083
:108CA000496E76616C696420696E707574207061BC
:108CB00072616D6574657273000000004661696CD5
:108CC000656420746F2072656164207075626C69E0
:108CD00063206164647265737300000043616E27F2
:108CE000742073657420626F7468204944454E5443
:108CF0004954592026204E525041000062745F6949
:108D000064000000436F6E74726F6C6C6572206358
:108D1000616E6E6F7420726573756D6520636F6E22
:108D20006E65637461626C652061647665727469F6
:108D300073696E6720282564290000004E6F207635
:108D4000616C6964206164760000000062745F6198
:108D500064760000646973636F6E6E656374656446
:108D600000000000646973636F6E6E6563742D6349
:108D70006F6D706C657465007363616E2D626566FE
:108D80006F72652D696E6974696174696E67000040
:108D9000696E6974696174696E672D66696C746562
:108DA000722D6C69737400006164762D636F6E6E52
:108DB00065637461626C65006164762D6469722D0F
:108DC000636F6E6E65637461626C65006469736382
:108DD0006F6E6E656374696E6700000028756E6B58
:108DE0006E6F776E29000000574553545F544F5003
:108DF0004449522F7A65706879722F73756273795E
:108E0000732F626C7565746F6F74682F686F7374FD
:108E10002F636F6E6E2E63006362203C3D205F62A5
:108E2000745F636F6E6E5F63625F6C6973745F65BE
:108E30006E6400006B5F63757272656E745F676568
:108E4000742829203D3D206B5F776F726B5F7175D1
:108E50006575655F7468726561645F67657428260F
:108E60006B5F7379735F776F726B5F7129000000BE
:108E70007478000009636F756C646E2774207375D5
:108E8000626D69742028657272202564290A0000C9
:108E9000556E657870656374656420666972737475
:108EA000204C32434150206672616D650000000025
:108EB000556E6578706563746564204C324341502B
:108EC00020636F6E74696E756174696F6E00000067
:108ED0004E6F7420656E6F75676820627566666593
:108EE0007220737061636520666F72204C3243415B
:108EF0005020646174610000556E6578706563741C
:108F000065642041434C20666C616773202830788B
:108F1000253032782900000041434C206C656E20DA
:108F20006D69736D6174636820282575203E202566
:108F30007529000062756620676976656E20746F1A
:108F400020636F6E6E20686173206F746865722095
:108F500072656673000000006E6F7420656E6F7539
:108F6000676820726F6F6D20696E20757365725F20
:108F700064617461202564203C20256420706F6F3B
:108F80006C202575000000006E6F7420636F6E6E9C
:108F90006563746564210000446973636F6E6E6578
:108FA00063746564207768696C6520616C6C6F63BD
:108FB0006174696E6720636F6E7465787400000079
:108FC000636F6E6E0000000009496E76616C696423
:108FD00020636F6E6E656374696F6E20726566657F
:108FE00072656E63650A00006F6C64203E2030007D
:108FF00009436F6E6E207265666572656E636520EB
:10900000636F756E74657220697320300A0000000A
:109010006E6F207472616E736974696F6E20257350
:1090200000000000496E76616C696420282575296E
:10903000206F6C642073746174650000636F6E6EE2
:10904000202570206661696C656420746F206573EB
:109050007461626C6973682E205246206E6F69736A
:10906000653F00006E6F2076616C6964202825756D
:1090700029207374617465207761732073657400AF
:10908000696E636F6D70617469626C652068616E92
:10909000646C652025750000696E646578203E3D2E
:1090A000203020262620696E646578203C20282800
:1090B00073697A655F742920282828696E742920CD
:1090C00073697A656F6628636861725B31202D2051
:1090D00032202A202128215F5F6275696C74696ED5
:1090E0005F74797065735F636F6D70617469626CD2
:1090F000655F70285F5F747970656F665F5F286178
:10910000636C5F636F6E6E73292C205F5F74797080
:10911000656F665F5F28262861636C5F636F6E6EA4
:1091200073295B305D2929295D29202D20312920D3
:109130002B202873697A656F662861636C5F636FA3
:109140006E6E7329202F2073697A656F66282861F7
:10915000636C5F636F6E6E73295B305D292929290B
:109160000000000009496E76616C69642062745FDA
:10917000636F6E6E20706F696E7465720A00000016
:10918000216B5F69735F696E5F69737228290000E4
:10919000556E61626C6520746F20616C6C6F6361E9
:1091A0007465206275666665722077697468696E99
:1091B0002074696D656F757400000000466F756EF0
:1091C000642076616C696420636F6E6E6563746998
:1091D0006F6E202825702920776974682061646487
:1091E0007265737320257320696E20257320737454
:1091F000617465200000000053656E64204C4520BA
:10920000706172616D20757064617465206661695A
:109210006C656420286572722025642900000000B6
:1092200053656E64206175746F204C4520706172C7
:10923000616D20757064617465206661696C656438
:10924000202865727220256429000000889F030091
:109250005892030020000000E0810020889F030056
:1092600068920300200000006082002062745F6347
:109270006F6E6E00546F6F20736D616C6C204C4587
:1092800020636F6E6E20706172616D20727370006A
:109290004E6F20617661696C61626C65204C32436F
:1092A000415020636F6E7465787420666F7220631E
:1092B0006F6E6E2025700000556E61626C652074C3
:1092C0006F20616C6C6F63617465204C3243415058
:1092D000206368616E6E656C2049440057455354A5
:1092E0005F544F504449522F7A65706879722F73DA
:1092F00075627379732F626C7565746F6F74682F04
:10930000686F73742F6C326361702E63000000000D
:10931000666368616E203C3D205F62745F6C3263FF
:1093200061705F66697865645F6368616E5F6C69D0
:1093300073745F656E640000556E61626C652074C5
:109340006F20616C6C6F6361746520627566666521
:109350007220666F72206F7020307825303278006E
:10936000546F6F20736D616C6C204C324341502000
:109370007369676E616C696E672050445500000028
:109380004C32434150206C656E677468206D697380
:109390006D617463682028257520213D202575297D
:1093A00000000000496E76616C6964206964656E36
:1093B000742076616C756520696E204C3243415093
:1093C000205044550000000052656A656374696E60
:1093D0006720756E6B6E6F776E204C324341502064
:1093E00050445520636F6465203078253032780012
:1093F000546F6F20736D616C6C204C324341502070
:10940000504455207265636569766564000000000C
:1094100049676E6F72696E67206461746120666F60
:109420007220756E6B6E6F776E206368616E6E650D
:109430006C2049442030782530347800D51303005F
:10944000D71303000000000000000000000000002F
:10945000BDED010000000000000000000000000061
:109460000000000062745F6C3263617000000000F5
:10947000415454206368616E6E656C206E6F742079
:10948000636F6E6E65637465640000004E6F7420D8
:10949000636F6E6E6563746564000000556E616293
:1094A0006C6520746F2066696E642041545420639B
:1094B00068616E6E656C00004E6F20617661696C4C
:1094C00061626C6520415454206368616E6E656C06
:1094D00020666F7220636F6E6E20257000000000A2
:1094E0004E6F20617661696C61626C6520415454F5
:1094F00020636F6E7465787420666F7220636F6E80
:109500006E20257000000000556E61626C6520744D
:109510006F2063726561746520555549443A207324
:10952000697A652025750000556E61626C6520744E
:109530006F2063726561746520555549443A207304
:10954000697A652025640000574553545F544F5095
:109550004449522F7A65706879722F7375627379F6
:10956000732F626C7565746F6F74682F686F737496
:109570002F6174742E6300006E65745F6275665FA0
:10958000706F6F6C5F676574286275662D3E706FD3
:109590006F6C5F696429203D3D20266174745F70A3
:1095A0006F6F6C006275662D3E6C656E203E3D20CF
:1095B00073697A656F662873747275637420627458
:1095C0005F6174745F686472290000004572726F95
:1095D00072207369676E696E672064617461000050
:1095E00052616E206F7574206F662054582062752A
:1095F0006666657273206F7220636F6E746578742F
:10960000732E00006368616E0000000072657100D7
:109610007265712D3E66756E63000000216368619E
:109620006E2D3E72657100002162745F6174745F1B
:1096300069735F656E68616E636564286174745FE9
:109640006368616E29000000476F742065727220A4
:1096500025642C206E6F742063616C6C696E6720CA
:10966000415454206362000009556E6B6E6F776E33
:10967000206F702074797065203078253032580A58
:1096800000000000415454204D5455206578636516
:10969000656465642C206D61782025752C207761C8
:1096A0006E74656420257A7500000000546F6F2089
:1096B000736D616C6C204154542050445520726588
:1096C0006365697665640000556E68616E646C65FB
:1096D000642041545420636F646520307825303213
:1096E00078000000496E76616C6964206C656E20BC
:1096F000257520666F7220636F6465203078253091
:10970000327800004E6F20415454206368616E6EC1
:10971000656C20666F72204D545520257A750000C7
:109720004E6F2070656E64696E67204154542072DC
:1097300065717565737400004154542054696D65FA
:109740006F757420666F7220646576696365202585
:109750007300000002020100632003000404010002
:109760002920030006060100A31F030008040100CE
:109770003D1F03000A020100231F03000C04010027
:10978000091F03000E04010031FD01002004010047
:1097900091FC010010040100631E0300120201008D
:1097A000371E0300160401005716030018010100BC
:1097B0005B1603001E000400C120030052020000DB
:1097C0000D1E0300889F0300D097030022000000B5
:1097D0002083002062745F61747400005745535405
:1097E0005F544F504449522F7A65706879722F73D5
:1097F00075627379732F626C7565746F6F74682FFF
:10980000686F73742F676174742E630073766320BE
:109810003C3D205F62745F676174745F736572764C
:109820006963655F7374617469635F6C6973745FA6
:10983000656E64004661696C656420746F206465C0
:10984000636F64652076616C75652028657272208F
:10985000257A6429000000004661696C6564207403
:109860006F20736176652044617461626173652065
:109870004861736820286572722025642900000001
:109880004661696C656420746F2073746F72652023
:10989000436C69656E7420466561747572657320EA
:1098A000286572722025642900000000656C202163
:1098B0003D202828766F6964202A2930290000007D
:1098C0000943616E27742073617665204346202F1B
:1098D0002043434320746F20666C6173680A000064
:1098E0004E6F20737061636520746F2073746F72A4
:1098F0006520436C69656E7420537570706F727467
:109900006564204665617475726573004E6F2073DF
:109910007061636520746F2073746F7265204343B8
:1099200043206366670000006661696C65642074AB
:109930006F2073746F726520534320286572722004
:1099400025642900756E61626C6520746F207361F7
:1099500076652053433A206E6F20636667206C65FE
:10996000667400006661696C656420746F206465CC
:109970006C65746520534320286572722025642924
:10998000000000004661696C656420746F20636CA0
:10999000656172205343202564000000556E6162AA
:1099A0006C6520746F206465636F64652061646416
:1099B0007265737320257300496E76616C6964204B
:1099C0006C6F63616C206964656E746974792025BD
:1099D0006C750000556E61626C6520746F20726555
:1099E00073746F72652053433A206E6F206366670D
:1099F000206C656674000000556E61626C652074B1
:109A00006F20726573746F72652043463A206E6FE3
:109A100020636667206C6566740000004368616EB1
:109A200067652D6177617265207374617475732049
:109A30006E6F7420666F756E6420696E2073657436
:109A400074696E67732C2064656661756C74696EE9
:109A50006720706565722073746174757320746F0C
:109A6000206368616E67652D756E61776172650050
:109A700052656164206261636B2062616420636887
:109A8000616E67652D61776172652076616C7565C1
:109A90003A20307825782C2064656661756C74698D
:109AA0006E672070656572207374617475732074BD
:109AB0006F206368616E67652D756E617761726591
:109AC000000000007374617469635F737663203C07
:109AD0003D205F62745F676174745F73657276695D
:109AE00063655F7374617469635F6C6973745F65E8
:109AF0006E640000556E61626C6520746F20736542
:109B00007475702041455320434D414300000000CF
:109B1000556E61626C6520746F2063616C63756C57
:109B200061746520686173680000000062742F63CF
:109B300063630000496E76616C6964206B6579002F
:109B400009696E76616C696420706172616D65741B
:109B500065720A0A0000000061747472000000005F
:109B6000094E6F206D6F7265206174747269627541
:109B70007465730A0A0000004C696E6B20697320DB
:109B80006E6F7420656E6372797074656400000096
:109B9000446576696365206973206E6F7420737500
:109BA000627363726962656420746F2063686172B6
:109BB0006163746572697374696300004E6F20623B
:109BC000756666657220617661696C61626C65209C
:109BD000746F2073656E6420696E64696361746973
:109BE0006F6E0000706172616D73000009696E76BE
:109BF000616C696420706172616D65746572730A6D
:109C00000A000000706172616D732D3E61747472A0
:109C1000207C7C20706172616D732D3E7575696466
:109C2000000000002161746F6D69635F7465737477
:109C30005F6269742873632D3E666C6167732C20C4
:109C400053435F494E4449434154455F50454E4458
:109C5000494E47290000000009496E646963617438
:109C60006520616C72656164792070656E64696EEF
:109C7000670A0000534320726573746F7265206930
:109C80006E6469636174696F6E206661696C656496
:109C900000000000434343202570206E6F7420773E
:109CA00072697461626C65004E6F206275666665EC
:109CB0007220617661696C61626C6520746F2073DB
:109CC000656E64206E6F74696669636174696F6E36
:109CD000000000004661696C656420746F20737435
:109CE0006F72652043434373202865727220256498
:109CF0002900000062742F686173680062742F632A
:109D00006600000062742F736300000062745F6776
:109D100061747400E09D03000D2803000000000042
:109D2000DC9D030000000100D89D0300C328030050
:109D3000000000003807002000000100D09D030053
:109D40000000000000000000000000000000000013
:109D5000CC9D0300452803000508020040070020B1
:109D600000000300C89D0300C3280300000000009A
:109D70003007002000000100C09D0300D127030030
:109D8000790702000000000000000300BC9D0300F2
:109D9000C328030000000000280700200000010085
:109DA000B49D0300811202000000000000000000CA
:109DB0000000010000002A2B00002A2B00000328CD
:109DC0000000292B0000292B000003280000022995
:109DD0000000052A0000052A0000032800000118E1
:109DE00000000028989E03000D28030000000000DA
:109DF000949E030000000100909E0300C32803000E
:109E0000000000006807002000000100889E030099
:109E10009927030015230300DC040020000009003B
:109E2000849E0300C3280300000000006007002098
:109E3000000001007C9E0300652703000000000075
:109E40000000000000000100789E0300C32803000A
:109E5000000000005807002000000100709E030071
:109E60003327030000000000000000000000010094
:109E70000000042A0000042A000003280000012A30
:109E80000000012A000003280000002A0000002A28
:109E90000000032800000018000000284E6F206119
:109EA0007661696C61626C6520534D5020636F6E02
:109EB0007465787420666F7220636F6E6E202570F3
:109EC0000000000000000000000000000000000092
:109ED0000000000000000000A72A030000000000AE
:109EE00000000000000000000000000062745F73CA
:109EF0006D700000574553545F544F504449522FE2
:109F00007A65706879722F7375627379732F6E65D5
:109F1000742F6275662E63006275662D3E666C61F5
:109F20006773203D3D203055000000006275662DAE
:109F30003E6672616773203D3D202828766F696414
:109F4000202A293029000000706F6F6C000000008B
:109F50007265715F73697A65203C3D2073697A652B
:109F600000000000090A00006C6973740000000022
:109F70006669666F00000000706172656E740000B3
:109F80006672616700000000A12B03000000000062
:109F9000292B03006E65745F627566005745535444
:109FA0005F544F504449522F7A65706879722F730D
:109FB00075627379732F6E65742F6275665F73694E
:109FC0006D706C652E6300006275662D3E6C656E6B
:109FD000203D3D20305500006275662D3E6C656E5B
:109FE000203E3D206C656E006E65745F6275665F35
:109FF00073696D706C655F68656164726F6F6D2801
:10A0000062756629203E3D206C656E006E65745F4A
:10A010006275665F73696D706C655F7461696C729F
:10A020006F6F6D2862756629203E3D206C656E005D
:10A030006E65745F6275665F73696D706C65000054
:10A04000574553545F544F504449522F7A657068B6
:10A0500079722F7375627379732F7A6275732F7AA1
:10A060006275732E630000006F62736572766174AF
:10A07000696F6E203C3D205F7A6275735F63686133
:10A080006E6E656C5F6F62736572766174696F6E18
:10A090005F6C6973745F656E640000006368616E75
:10A0A000203C3D205F7A6275735F6368616E6E6508
:10A0B0006C5F6C6973745F656E64000009556E7245
:10A0C0006561636861626C650A000000636F756CAE
:10A0D00064206E6F742064656C69766572206E6FA3
:10A0E00074696669636174696F6E20746F206F6252
:10A0F0007365727665722025732E204572726F72B9
:10A1000020636F6465202564000000006368616E51
:10A1100020213D202828766F6964202A29302900D3
:10A12000096368616E206973207265717569726573
:10A13000640A0000096D7367206973207265717588
:10A14000697265640A0000007A627573000000009D
:10A15000574553545F544F504449522F7A657068A5
:10A1600079722F696E636C7564652F7A6570687992
:10A17000722F7379732F6E6F746966792E68000081
:10A180006E6F7469667920213D202828766F696496
:10A19000202A293029000000574553545F544F505E
:10A1A0004449522F6D6F64756C65732F68616C2F15
:10A1B0006E6F726469632F6E7266782F68616C2FA0
:10A1C0006E72665F636C6F636B2E68005745535405
:10A1D0005F544F504449522F7A65706879722F64EA
:10A1E0007269766572732F636C6F636B5F636F6EFA
:10A1F00074726F6C2F636C6F636B5F636F6E7472DE
:10A200006F6C5F6E72662E6300000000747970657B
:10A21000203C20434C4F434B5F434F4E54524F4CD6
:10A220005F4E52465F545950455F434F554E540060
:10A23000412D02003D2F020000000000636C6F639F
:10A240006B40343030303030303000006866636C42
:10A250006B0000006C66636C6B000000636C6F63E6
:10A260006B5F636F6E74726F6C000000412E0200B2
:10A27000752D02004CA203006D2D0300812D0300FB
:10A2800054A203009D3002008B2D0300432D0300D8
:10A2900000000000B12E02000000000000000000DD
:10A2A000574553545F544F504449522F7A65706854
:10A2B00079722F647269766572732F656E74726F2E
:10A2C00070792F656E74726F70795F6E7266352E5D
:10A2D0006300000026656E74726F70795F6E72663F
:10A2E000355F64617461203D3D206465762D3E6478
:10A2F0006174610072616E646F6D4034303030643F
:10A30000303030004134020015330200656E747243
:10A310006F70795F62745F6863690000052E0300E7
:10A3200000000000574553545F544F504449522F8A
:10A330006E72662F647269766572732F656E7472C1
:10A340006F70792F656E74726F70795F63633378A5
:10A35000782E630064657620213D202828766F6979
:10A3600064202A2930290000627566666572202102
:10A370003D202828766F6964202A293029000000B2
:10A3800063727970746F4035303032613030300034
:10A390005935020000000000706D5F6465766963E6
:10A3A000655F72756E74696D655F6765742066615F
:10A3B000696C65643A20256400000000706D5F647C
:10A3C00065766963655F72756E74696D655F7075DA
:10A3D00074206661696C65643A20256400000000A1
:10A3E00063696E7374722025303278207472616EE6
:10A3F0007366657220746F6F206C6F6E673A2025EC
:10A400007A750000756E737570706F727465642074
:10A410006174203078256C782073697A6520257AFC
:10A42000750000006572617365206572726F72203D
:10A430006174203078256C782073697A6520257ADC
:10A44000750000006572617365206572726F723A03
:10A450002061646472657373206F722073697A651A
:10A4600020657863656564732065787065637465DD
:10A47000642076616C7565732E416464723A203095
:10A4800078256C782073697A6520257A750000003C
:10A490007772697465206572726F723A20616464C4
:10A4A00072657373206F722073697A6520657863B3
:10A4B0006565647320657870656374656420766192
:10A4C0006C7565732E416464723A203078256C781F
:10A4D0002073697A6520257A7500000072656164D1
:10A4E000206572726F723A206164647265737320C2
:10A4F0006F722073697A652065786365656473207F
:10A5000065787065637465642076616C7565732E1B
:10A51000416464723A203078256C782073697A65DA
:10A5200020257A7500000000417474656D707465B3
:10A530006420746F20777269746520737461747518
:10A540007320726567697374657220322C2062759E
:10A5500074206E6F206B6E6F776E206D6574686F00
:10A560006420746F20777269746520737232000002
:10A57000636C656172000000524453522066616949
:10A580006C65643A2025640051452025732066617E
:10A59000696C65643A202564000000004A45444522
:10A5A00043206964205B25303278202530327820C2
:10A5B000253032785D20657870656374205B2530C6
:10A5C0003278202530327820253032785D00000046
:10A5D0004661696C656420746F20656E61626C65AC
:10A5E0002072756E74696D6520706F776572206D6D
:10A5F000616E6167656D656E743A202564000000C8
:10A6000004000000FF0000006D78323572363433EC
:10A610003566403000000000717370695F6E6F72C4
:10A62000000000000000000000000000000000002A
:10A63000000000000000000000000000000000001A
:10A640000403000000000003F40100000001010009
:10A6500000008000C22817005CA6030000900240A2
:10A6600068A603000200000090A603000600000098
:10A6700078A603000601000013803A0014803E0013
:10A6800015804000168042001780440011863C006F
:10A6900013183A0014183E0015184000161842000E
:10A6A0001718440011183C000D3C0200013A02004A
:10A6B000E1380200F9350200E93502000008000027
:10A6C00000100000574553545F544F504449522FD7
:10A6D0006D6F64756C65732F68616C2F6E6F72643B
:10A6E00069632F6E7266782F68616C2F6E72665F79
:10A6F000706F7765722E6800746872203D3D202867
:10A700007468722026202828307846554C203C3C1E
:10A71000202831554C2929203E3E202831554C29EE
:10A7200029290000756E616C69676E65642061643B
:10A7300064726573733A2030782530386C783A2526
:10A740007A750000696E76616C6964206164647278
:10A750006573733A2030782530386C783A257A75ED
:10A76000000000006E6F7420776F72642D616C6959
:10A77000676E65643A2030782530386C783A257AEF
:10A7800075000000666C6173682D636F6E74726F84
:10A790006C6C657240343030316530303000000010
:10A7A000666C6173685F6E72660000001942020099
:10A7B00081410200DD400200A13F0200913F020002
:10A7C00004000000FF000000574553545F544F50F1
:10A7D0004449522F7A65706879722F696E636C757F
:10A7E00064652F7A65706879722F64726976657214
:10A7F000732F6770696F2F6770696F5F7574696C0D
:10A80000732E680063616C6C6261636B0000000012
:10A81000094E6F2063616C6C6261636B210A0000FA
:10A8200063616C6C6261636B2D3E68616E646C6524
:10A8300072000000094E6F2063616C6C6261636B93
:10A840002068616E646C6572210A0000574553549C
:10A850005F544F504449522F6D6F64756C65732F70
:10A8600068616C2F6E6F726469632F6E7266782FE9
:10A8700068616C2F6E72665F6770696F2E6800008A
:10A880006E72665F6770696F5F70696E5F70726528
:10A8900073656E745F636865636B282A705F7069A7
:10A8A0006E29000063622D3E68616E646C65720003
:10A8B000574553545F544F504449522F7A6570683E
:10A8C00079722F647269766572732F6770696F2F62
:10A8D0006770696F5F6E7266782E630065727220B2
:10A8E0003D3D204E5246585F535543434553530018
:10A8F0006770696F403530303030333030000000E1
:10A900006770696F403530303030303030000000D3
:10A91000FFFF0000000300500000000001000000E5
:10A920000060004000000000BCF801FF0000005083
:10A930000000000000000000006000400000000077
:10A94000FD44020035320300433203005B32030052
:10A9500067320300733203001D440200B932030062
:10A960000000000000010203040506074661696C4F
:10A97000656420746F20616C6C6F63617465205036
:10A980005049204368616E6E656C00007561727499
:10A990004034303030323030300000007561727435
:10A9A0005F6E7266785F75617274650000200040AA
:10A9B0000300000000000000BCA9030000200040CC
:10A9C000C8A9030002000000E8A903000400000079
:10A9D000D8A90300040100002D8000001D800200A2
:10A9E0001F8004002C8006002D0000001F000400C2
:10A9F0001D0602002C060600CD350300614A020048
:10AA00007F350300574553545F544F504449522FEC
:10AA10006D6F64756C65732F68616C2F6E6F7264F7
:10AA200069632F6E7266782F68616C2F6E72665F35
:10AA30007274632E6800000076616C203C3D202813
:10AA4000283078464646554C203C3C202830554C12
:10AA50002929203E3E202830554C2929000000009D
:10AA6000574553545F544F504449522F6E72662FCE
:10AA70007375627379732F626C7565746F6F746828
:10AA80002F636F6E74726F6C6C65722F6863695F91
:10AA90006472697665722E630000000009536F6668
:10AAA0007444657669636520436F6E74726F6C6C75
:10AAB0006572204153534552543A2025732C20256A
:10AAC000640A0A00574553545F544F504449522F6B
:10AAD0007A65706879722F696E636C7564652F7A18
:10AAE00065706879722F647269766572732F656E0E
:10AAF00074726F70792E68006170692D3E6765749D
:10AB00005F656E74726F707920213D202828766F02
:10AB10006964202A293029000943616C6C626163F1
:10AB20006B20706F696E7465722073686F756C64EA
:10AB3000206E6F74206265204E554C4C0A00000058
:10AB40000954686520656E74726F707920736F7533
:10AB50007263652072657475726E656420616E2023
:10AB60006572726F7220696E206120626C6F636B18
:10AB7000696E672063616C6C0A0000004E6F20658F
:10AB800076656E74206275666665722061766169AD
:10AB90006C61626C650000004E6F2064617461201E
:10ABA00062756666657220617661696C61626C656A
:10ABB00000000000556E6578706563746564206DF3
:10ABC00073675F747970653A2025752E2054686923
:10ABD000732069662D656C7365206E6565647320EE
:10ABE00061206E6577206272616E6368000000000C
:10ABF000574553545F544F504449522F6E72662F3D
:10AC0000696E636C7564652F6D70736C2F6D7073F6
:10AC10006C5F776F726B2E6800000000096B5F77C6
:10AC20006F726B5F7375626D69745F746F5F71755E
:10AC30006575652829206661696C65642E0A0000C7
:10AC4000536F667444657669636520436F6E7472F2
:10AC50006F6C6C6572206275696C642072657669D0
:10AC600073696F6E3A200000456E74726F707920C0
:10AC7000736F7572636520646576696365206E6FB6
:10AC800074207265616479004661696C6564207442
:10AC90006F2072656769737465722072616E6420DB
:10ACA000736F75726365202825642900416C6C6F91
:10ACB0006361746564206D656D6F727920746F6F68
:10ACC000206C6F773A202575203C20257500000008
:10ACD000536F667444657669636520436F6E747262
:10ACE0006F6C6C657200000062745F7364635F6810
:10ACF00063695F647269766572000000D0AC03001E
:10AD00000000000000000000E55202008F3A03003E
:10AD1000593A030062745F7364635F63727970749D
:10AD20006F000000574553545F544F504449522F11
:10AD30007A65706879722F696E636C7564652F7AB5
:10AD400065706879722F7379732F627974656F7289
:10AD50006465722E68000000282870737263203CBE
:10AD60002070647374202626202870737263202B51
:10AD7000206C656E67746829203C3D207064737494
:10AD800029207C7C202870737263203E20706473BD
:10AD900074202626202870647374202B206C656E26
:10ADA00067746829203C3D20707372632929000074
:10ADB00009536F7572636520616E642064657374F6
:10ADC000696E6174696F6E20627566666572732064
:10ADD0006D757374206E6F74206F7665726C617020
:10ADE0000A0000007075626C6963206B65792069E8
:10ADF00073206E6F742076616C69642028657272AE
:10AE00002025642900000000556E6B6E6F776E2060
:10AE1000636F6D6D616E64003F49F6D4A3C55F3802
:10AE200074C9B3E3D2103F504AFF607BEB40B7993F
:10AE30005899B8A6CD3C1ABD62745F7364635F65B0
:10AE400063646800574553545F544F504449522F30
:10AE50006E72662F7375627379732F6D70736C2FBA
:10AE6000696E69742F6D70736C5F696E69742E639F
:10AE700000000000094D50534C204153534552549B
:10AE80003A2025732C2025640A0A0000657272633B
:10AE90006F6465203D3D2030000000004D50534C54
:10AEA00020576F726B0000006D70736C5F696E6984
:10AEB00074000000574553545F544F504449522F7B
:10AEC0006E72662F647269766572732F6D70736C23
:10AED0002F636C6F636B5F636F6E74726F6C2F6E3A
:10AEE0007266785F636C6F636B5F6D70736C2E63FB
:10AEF00000000000094E6F7420737570706F7274DB
:10AF000065640A00574553545F544F504449522FCB
:10AF10006E72662F647269766572732F6D70736CD2
:10AF20002F666C6173685F73796E632F666C6173F3
:10AF3000685F73796E635F6D70736C2E63000000E1
:10AF4000096D70736C5F74696D65736C6F745F729B
:10AF5000657175657374206661696C65643A202556
:10AF6000640A000073657373696F6E5F6964203DE6
:10AF70003D205F636F6E746578742E7365737369BB
:10AF80006F6E5F696400000009756E6578706563B7
:10AF9000746564207369676E616C3A2025750A00D8
:10AFA0006D70736C5F74696D65736C6F745F7365DE
:10AFB0007373696F6E5F6F70656E206661696C6533
:10AFC000643A2025640000006B5F73656D5F636FFA
:10AFD000756E745F67657428265F636F6E7465783D
:10AFE000742E74696D656F75745F73656D29203D8E
:10AFF0003D20300074696D656F757400666C617317
:10B00000685F73796E635F6D70736C00574553545E
:10B010005F544F504449522F6D6F64756C65732FA8
:10B0200068616C2F6E6F726469632F6E7266782F21
:10B03000647269766572732F7372632F6E726678AD
:10B040005F6770696F74652E63000000705F6368EE
:10B05000616E6E656C000000574553545F544F504D
:10B060004449522F6D6F64756C65732F68616C2F46
:10B070006E6F726469632F6E7266782F68616C2FD1
:10B080006E72665F6770696F74652E6800000000FD
:10B09000696E646578203C203800000070696E5F3E
:10B0A0006861735F7472696767657228705F696E43
:10B0B0007374616E63652C2070696E290000000056
:10B0C000696E745F656E61626C65000000203030EF
:10B0D000303030303030303030303030000100002F
:10B0E00000010000574553545F544F504449522FBC
:10B0F0006D6F64756C65732F68616C2F6E6F726411
:10B1000069632F6E7266782F647269766572732F29
:10B110007372632F6E7266785F6E766D632E630056
:10B1200062797465735F636F756E74203C3D20288F
:10B1300034202D20627974655F7368696674290014
:10B1400069735F76616C69645F616464726573736F
:10B1500028616464722C20302900000069735F76D6
:10B16000616C69645F6164647265737328616464AF
:10B17000722C2031290000006E7266785F69735F5F
:10B18000776F72645F616C69676E65642828766F9B
:10B19000696420636F6E7374202A29616464722964
:10B1A00000000000574553545F544F504449522FFC
:10B1B0006D6F64756C65732F68616C2F6E6F726450
:10B1C00069632F6E7266782F647269766572732F69
:10B1D0007372632F6E7266785F717370692E63008D
:10B1E0006D5F63622E737461746520213D204E5241
:10B1F00046585F515350495F53544154455F554E33
:10B20000494E495449414C495A454400705F627562
:10B210006666657220213D202828766F6964202AA1
:10B2200029302900705F636F6E6669670000000057
:10B23000705F636F6E6669672D3E776970776169CD
:10B24000740000005465726D696E616C000000004E
:10B250000000000000005454522052454747455317
:10B2600000000000574553545F544F504449522F3B
:10B270007A65706879722F6B65726E656C2F646584
:10B28000766963652E630000646576203C3D205F2F
:10B290006465766963655F6C6973745F656E64008D
:10B2A00043505520657863657074696F6E000000C7
:10B2B000556E68616E646C656420696E7465727247
:10B2C00075707400537461636B206F766572666C81
:10B2D0006F7700004B65726E656C206F6F70730046
:10B2E0004B65726E656C2070616E696300000000D2
:10B2F000556E6B6E6F776E206572726F7200000014
:10B3000048616C74696E672073797374656D0000B1
:10B310003E3E3E205A455048595220464154414CE9
:10B32000204552524F522025643A202573206F6EDB
:10B3300020435055202564004661756C7420647567
:10B3400072696E6720696E746572727570742068B8
:10B35000616E646C696E670A00000000437572726A
:10B36000656E74207468726561643A2025702028C7
:10B3700025732900574553545F544F504449522F69
:10B380007A65706879722F6B65726E656C2F666175
:10B3900074616C2E63000000726561736F6E202112
:10B3A0003D204B5F4552525F4B45524E454C5F50DE
:10B3B000414E49430000000009417474656D70748A
:10B3C000656420746F207265636F766572206672A3
:10B3D0006F6D2061206B65726E656C2070616E69A7
:10B3E0006320636F6E646974696F6E0A0000000009
:10B3F00069646C6500000000574553545F544F501A
:10B400004449522F7A65706879722F6B65726E6548
:10B410006C2F696E69742E63000000007468726599
:10B4200061645F64617461203C3D205F5F7374619F
:10B430007469635F7468726561645F646174615F9D
:10B440006C6973745F656E64000000001858030037
:10B450001858030090580300A0580300E858030050
:10B46000F05803006F730000574553545F544F501A
:10B470004449522F7A65706879722F6B65726E65D8
:10B480006C2F6B686561702E6300000068656170E9
:10B49000203C3D205F6B5F686561705F6C69737411
:10B4A0005F656E640000000021617263685F69730C
:10B4B0005F696E5F6973722829207C7C202828745C
:10B4C000696D656F7574292E7469636B73203D3DDA
:10B4D000202828286B5F74696D656F75745F742907
:10B4E000207B307D29292E7469636B73290000004D
:10B4F000574553545F544F504449522F7A657068F2
:10B5000079722F6B65726E656C2F6D656D5F736CF4
:10B5100061622E6300000000736C6162203C3D207C
:10B520005F6B5F6D656D5F736C61625F6C69737497
:10B530005F656E6400000000282863686172202A3D
:10B54000296D656D203E3D20736C61622D3E6275F4
:10B5500066666572292026262028282828636861C7
:10B5600072202A296D656D202D20736C61622D3E3D
:10B5700062756666657229202520736C61622D3EB6
:10B58000696E666F2E626C6F636B5F73697A652993
:10B59000203D3D203029202626202828636861721E
:10B5A000202A296D656D203C3D2028736C61622D39
:10B5B0003E627566666572202B2028736C61622D71
:10B5C0003E696E666F2E626C6F636B5F73697A653E
:10B5D000202A2028736C61622D3E696E666F2E6E84
:10B5E000756D5F626C6F636B73202D203129292983
:10B5F0002900000009496E76616C6964206D656DF3
:10B600006F727920706F696E7465722070726F76D8
:10B61000696465640A000000574553545F544F50F5
:10B620004449522F7A65706879722F6B65726E6526
:10B630006C2F69646C652E63000000005F6B65729F
:10B640006E656C2E637075735B305D2E6375727200
:10B65000656E742D3E626173652E7072696F203E57
:10B660003D20300021617263685F6972715F756EA1
:10B670006C6F636B656428617263685F6972715F88
:10B680006C6F636B282929000974686973206973DA
:10B69000206D65616E7420746F2062652063616C3B
:10B6A0006C6564207769746820495251732064691D
:10B6B0007361626C65640A00574553545F544F5080
:10B6C0004449522F7A65706879722F6B65726E6586
:10B6D0006C2F6D73675F712E630000006D7367716F
:10B6E0002D3E77726974655F707472203E3D206DE7
:10B6F0007367712D3E6275666665725F7374617201
:10B7000074202626206D7367712D3E7772697465EB
:10B710005F707472203C206D7367712D3E62756698
:10B720006665725F656E6400574553545F544F50B1
:10B730004449522F7A65706879722F6B65726E6515
:10B740006C2F6D757465782E630000002161726343
:10B75000685F69735F696E5F697372282900000012
:10B76000096D7574657865732063616E6E6F742002
:10B770006265207573656420696E7369646520492C
:10B780005352730A000000006D757465782D3E6C8D
:10B790006F636B5F636F756E74203E2030550000E1
:10B7A000574553545F544F504449522F7A6570683F
:10B7B00079722F6B65726E656C2F73656D2E6300E9
:10B7C0002828617263685F69735F696E5F6973726D
:10B7D0002829203D3D203029207C7C2028287469A0
:10B7E0006D656F7574292E7469636B73203D3D2000
:10B7F0002828286B5F74696D656F75745F742920E4
:10B800007B307D29292E7469636B73292900000020
:10B81000737973776F726B71000000005745535452
:10B820005F544F504449522F7A65706879722F6B7C
:10B8300065726E656C2F776F726B2E63000000006F
:10B84000776F726B2D3E717565756520213D2028DF
:10B8500028766F6964202A293029000068616E64A7
:10B860006C657220213D202828766F6964202A2982
:10B8700030290000776F726B20213D202828766FD9
:10B880006964202A29302900717565756520213D7C
:10B89000202828766F6964202A29302900000000BA
:10B8A000776F726B2D3E68616E646C657220213D0E
:10B8B000202828766F6964202A293029000000009A
:10B8C00021666C61675F746573742826776F726B8D
:10B8D0002D3E666C6167732C204B5F574F524B5F58
:10B8E00044454C415941424C455F4249542900006E
:10B8F00073796E6320213D202828766F6964202AA1
:10B9000029302900717565756500000073746163E5
:10B910006B00000021666C61675F74657374282694
:10B9200071756575652D3E666C6167732C204B5F84
:10B93000574F524B5F51554555455F5354415254F3
:10B9400045445F424954290064776F726B20213D62
:10B95000202828766F6964202A29302900000000F9
:10B96000574553545F544F504449522F7A6570687D
:10B9700079722F6B65726E656C2F74687265616485
:10B980002E630000282828287072696F2929203D1D
:10B990003D203135202626207A5F69735F69646C0B
:10B9A000655F7468726561645F656E74727928287A
:10B9B000656E747279292929207C7C2028282831F9
:10B9C00035202D203129203E3D2028282D313629B3
:10B9D00029292026262028287072696F2929203ECF
:10B9E0003D2028282D313629292026262028287078
:10B9F00072696F2929203C3D20283135202D2031C6
:10BA00002929290009696E76616C69642070726960
:10BA10006F7269747920282564293B20616C6C6FF2
:10BA20007765642072616E67653A20256420746FC3
:10BA30002025640A0000000009546872656164737F
:10BA4000206D6179206E6F7420626520637265617C
:10BA500074656420696E20495352730A0000000027
:10BA6000574553545F544F504449522F7A6570687C
:10BA700079722F6B65726E656C2F73636865642EC7
:10BA8000630000007468726561642D3E62617365D5
:10BA90002E70656E6465645F6F6E00005745535489
:10BAA0005F544F504449522F7A65706879722F6BFA
:10BAB00065726E656C2F696E636C7564652F6B7350
:10BAC000636865642E6800005F6B65726E656C2E3E
:10BAD000637075735B305D2E63757272656E742D65
:10BAE0003E626173652E73636865645F6C6F636B40
:10BAF000656420213D203155000000005745535416
:10BB00005F544F504449522F7A65706879722F6B99
:10BB100065726E656C2F696E636C7564652F6B74EE
:10BB200068726561642E68005F6B65726E656C2E6D
:10BB3000637075735B305D2E63757272656E742011
:10BB4000213D202828766F6964202A2930290000A9
:10BB5000217A5F69735F69646C655F74687265619F
:10BB6000645F6F626A6563742874687265616429D2
:10BB700000000000217465726D696E6174650000DB
:10BB80000961626F72746564205F63757272656EBD
:10BB900074206261636B2066726F6D2064656164FE
:10BBA0000A00000073697A656F66285F73636865D1
:10BBB000645F7370696E6C6F636B29203D3D20304C
:10BBC000207C7C206C6F636B20213D20265F73639B
:10BBD0006865645F7370696E6C6F636B0000000072
:10BBE0005F6B65726E656C2E637075735B305D2E76
:10BBF00063757272656E742D3E626173652E736338
:10BC00006865645F6C6F636B656420213D2030550F
:10BC100000000000282828287072696F2929203D1B
:10BC20003D203135202626207A5F69735F69646C78
:10BC3000655F7468726561645F656E7472792828E7
:10BC40002828766F6964202A293029292929207C0F
:10BC50007C202828283135202D203129203E3D20E8
:10BC600028282D31362929292026262028287072B7
:10BC7000696F2929203E3D2028282D313629292089
:10BC800026262028287072696F2929203C3D20280B
:10BC90003135202D2031292929000000217A5F69C2
:10BCA000735F7468726561645F73746174655F73F8
:10BCB0006574285F6B65726E656C2E637075735B5F
:10BCC000305D2E63757272656E742C202828315594
:10BCD0004C203C3C20283429292929000961626F25
:10BCE0007274696E6720657373656E7469616C2028
:10BCF0007468726561642025700A000057455354CA
:10BD00005F544F504449522F7A65706879722F6B97
:10BD100065726E656C2F74696D65736C6963696EAD
:10BD2000672E6300282874696D656F757429202655
:10BD30002620282875696E747074725F7429202813
:10BD4000736C6963655F74696D656F7574732929B8
:10BD5000203C3D20282875696E747074725F7429C8
:10BD6000202874696D656F7574292920262620287E
:10BD70002875696E747074725F7429202874696DF7
:10BD8000656F75742929203C20282875696E7470A8
:10BD900074725F742920282628736C6963655F7448
:10BDA000696D656F757473295B282873697A655F9F
:10BDB000742920282828696E74292073697A656F90
:10BDC0006628636861725B31202D2032202A202191
:10BDD00028215F5F6275696C74696E5F7479706544
:10BDE000735F636F6D70617469626C655F70285F0B
:10BDF0005F747970656F665F5F28736C6963655FF8
:10BE000074696D656F757473292C205F5F74797028
:10BE1000656F665F5F282628736C6963655F746968
:10BE20006D656F757473295B305D2929295D292043
:10BE30002D203129202B202873697A656F6628739D
:10BE40006C6963655F74696D656F75747329202F04
:10BE50002073697A656F662828736C6963655F74FF
:10BE6000696D656F757473295B305D292929295DBA
:10BE700029292026262028282875696E7470747256
:10BE80005F7429202874696D656F75742929202DC8
:10BE900020282875696E747074725F742920287365
:10BEA0006C6963655F74696D656F757473292929A1
:10BEB00020252073697A656F662828736C6963652D
:10BEC0005F74696D656F757473295B305D29203D02
:10BED0003D20302900000000574553545F544F5017
:10BEE0004449522F7A65706879722F6B65726E655E
:10BEF0006C2F74696D656F75742E6300217379738F
:10BF00005F646E6F64655F69735F6C696E6B6564B7
:10BF10002826746F2D3E6E6F646529005745535473
:10BF20005F544F504449522F7A65706879722F6B75
:10BF300065726E656C2F706F6C6C2E630000000074
:10BF400009696E76616C6964206576656E7420742B
:10BF5000797065202830782578290A0A00000000C9
:10BF600074687265616420213D202828766F6964B9
:10BF7000202A29302900000009706F6C6C6572203E
:10BF800073686F756C6420686176652061207468E1
:10BF9000726561640A0A0000574553545F544F505C
:10BFA0004449522F7A65706879722F6B65726E659D
:10BFB0006C2F6576656E74732E630000574553547D
:10BFC0005F544F504449522F7A65706879722F6BD5
:10BFD00065726E656C2F6D656D706F6F6C2E630092
:10BFE000616C69676E203D3D2030207C7C202828D4
:10BFF00075696E747074725F74296D656D2026208A
:10C0000028616C69676E202D20312929203D3D2053
:10C0100030000000096D6973616C69676E656420AA
:10C020006D656D6F72792061742025702028616CB8
:10C0300069676E203D20257A75290A00512563FC29
:10C04000C2CAB9F3849E17A7ADFAE6BCFFFFFFFF93
:10C05000FFFFFFFF00000000FFFFFFFFAAAAAAAA40
:10C06000AAAAAAAAAAAAAAAA5555555555555555D8
:10C07000555555550000000055555555522563FC42
:10C08000C2CAB9F3849E17A7ADFAE6BCFFFFFFFF53
:10C09000FFFFFFFF00000000FFFFFFFF512563FCD3
:10C0A000C2CAB9F3849E17A7ADFAE6BCFFFFFFFF33
:10C0B000FFFFFFFF00000000FFFFFFFF96C298D8C0
:10C0C0004539A1F4A033EB2D817D0377F240A463C1
:10C0D000E5E6BCF847422CE1F2D1176BF551BF37CA
:10C0E0006840B6CBCE5E316B5733CE2B169E0F7C9D
:10C0F0004AEBE78E9B7F1AFEE242E34F4B60D2276A
:10C100003E3CCE3BF6B053CCB0061D65BC8698765F
:10C1100055BDEBB3E7933AAAD835C65AFCFFFFFFEB
:10C12000FFFFFFFFFFFFFFFF000000000000000017
:10C130000000000001000000FFFFFFFFFF8FFFFF76
:10C14000FF8FFFFFFE8FFFFFFE8FFFFFFD8FFFFFC3
:10C15000FC8FFFFFFC8FFFFF6D757465785F667263
:10C1600065652063616C6C65642077697468204E36
:10C17000554C4C20706172616D65746572000000F1
:10C1800043616E277420696E697469616C697A65B0
:10C19000206D757465782C20776173204E554C4C5A
:10C1A0000D0A00004661696C20746F20616371752F
:10C1B000697265206D757465780A00004661696C66
:10C1C00020746F20696E63726561736520504D2025
:10C1D000636F756E7465720A000000004661696CD9
:10C1E00020746F20646563726561736520504D2013
:10C1F000636F756E7465720A000000004661696CB9
:10C2000020746F2072656C65617365206D7574654F
:10C21000780A0000436F756C64206E6F74206C6F39
:10C22000636B20706F7765722073617665206D7522
:10C23000746578004661696C20746F20756E6C6F50
:10C24000636B206D757465780A0000006374782054
:10C2500063616E6E6F74206265204E554C4C000019
:10C260000A637478206973204E554C4C0A00000014
:10C2700067E6096A85AE67BB72F36E3C3AF54FA577
:10C280007F520E518C68059BABD9831F19CDE05BA3
:10C29000D89E05C107D57C3617DD703039590EF7A9
:10C2A000310BC0FF11155868A78FF964A44FFABE6F
:10C2B0000123456789ABCDEFFEDCBA987654321086
:10C2C000F0E1D2C36D38C53B039C98A487097CFD7F
:10C2D00021774EC10EA752BD00FFFFFFFF1F006474
:10C2E0007261676F6F6E2F6C6962732F736368651D
:10C2F00064756C696E672F7372632F72656D5F680A
:10C30000616C5F6576656E745F74696D65722E63CE
:10C31000008B4F878A2E9D63ACD036F0EDED46C280
:10C320007F86509F540000202020202020202020A5
:10C3300028282828282020202020202020202020D5
:10C340002020202020202088101010101010101005
:10C350001010101010101004040404040404040449
:10C3600004101010101010104141414141410101D1
:10C3700001010101010101010101010101010101AD
:10C3800001011010101010104242424242420202BB
:10C39000020202020202020202020202020202027D
:10C3A0000202101010102000000000000000000029
:10C3B000000000000000000000000000000000007D
:10C3C000000000000000000000000000000000006D
:10C3D000000000000000000000000000000000005D
:10C3E000000000000000000000000000000000004D
:10C3F000000000000000000000000000000000003D
:10C40000000000000000000000000000000000002C
:10C41000000000000000000000000000000000001C
:10C4200000000000000000286E756C6C29002A6670
:08C430006C6F61742A0000002A
:10C43800FFFFFFFFFF1F00001F00000000000000BB
:10C448007FFE0000E4070000DD500000000000004F
:10C45800FFFFFFFF1F000000A0354D00FF00000098
:10C46800C409000000000000008000400000000037
:10C47800000000000C0000000000000000FF7F002A
:10C4880000000000000000000000000000000000A4
:10C498000000000000000000000000000000000094
:10C4A8000000000000000000000000000000000084
:10C4B8000000000000000000000000000000000074
:10C4C8000000000000000000000000000000000064
:10C4D8000000000000000000000000000000000054
:10C4E800000000008950000000000000CD3001006D
:10C4F800000000001D31010000000000C5500000D0
:10C5080000000000213101000000000000000000D0
:10C518000000000000000000000000000000000013
:10C528000000000000000000000000000000000003
:10C5380000000000000000000000000000000000F3
:10C5480000000000000000000000000000000000E3
:10C5580000000000000000000000000000000000D3
:10C5680000000000000000000000000000000000C3
:10C5780000000000000000000000000000000000B3
:10C5880000000000000000000000000000000000A3
:10C598000000000000000000000000000000000093
:10C5A8000000000000000000000000000000000083
:10C5B8000000000000000000000000000000000073
:10C5C8000000000000000000000000000000000063
:10C5D8000000000000000000000000000000000053
:10C5E8000000000000000000000000000000000043
:10C5F8000000000000000000000000000000000033
:10C608000000000000000000000000000000000022
:10C618000000000000000000000000000000000012
:10C628000000000000000000000000000000000002
:10C6380000000000000000000000000000000000F2
:10C6480000000000000000000000000000000000E2
:10C6580000000000000000000000000000000000D2
:10C6680000000000000000000000000000000000C2
:10C6780000000000000000000000000000000000B2
:10C6880000000000000000000000000000000000A2
:10C698000000000000000000000000000000000092
:10C6A8000000000000000000000000000000000082
:10C6B8000000000000000000000000000000000072
:10C6C8000000000000000000000000000000000062
:10C6D8000000000000000000000000000000000052
:10C6E8000000000000000000000000000000000042
:10C6F8000000000000000000000000000000000032
:10C708000000000000000000000000000000000021
:10C718000000000000000000000000000000000011
:10C728000000000000000000000000000000000001
:10C7380000000000000000000000000000000000F1
:10C7480000000000000000000000000000000000E1
:10C7580000000000000000000000000000000000D1
:10C7680000000000000000000000000000000000C1
:10C7780000000000000000000000000000000000B1
:10C7880000000000000000000000000000000000A1
:10C7980000000000000000006C03002003560100A8
:10C7A80009560100355601000D5601003F5601009B
:10C7B800135601004B560100195601001B56010083
:10C7C8001D5601002B5601002F560100215601006D
:10C7D800275601003B56010045560100C863030077
:10C7E8000105050000000000000000000000000036
:10C7F8000000000000000000000000000000000031
:10C808000000000000000000000000000000000020
:10C818000000000000000000000000000000000010
:10C828000000000000000000000000000000000000
:10C8380000000000000000000000000000000000F0
:10C8480000000000000000000000000000000000E0
:10C8580000000000000000000000000000000000D0
:10C868000000000061D3010000000000000000008B
:10C8780000000000000000000000000000000000B0
:10C8880000000000000000000000000000000000A0
:10C898000000000000000000000000000000000090
:10C8A8000000000000000000000000000000000080
:10C8B8000000000000000000000000000000000070
:10C8C8000000000000000000000000000000000060
:10C8D8000000000000000000000000000000000050
:10C8E8000000000000000000000000000000000040
:10C8F8000000000000000000000000000000000030
:10C90800000000000000000000000000000000001F
:10C91800000000000000000000000000000000000F
:10C9280000000000000000000000000000000000FF
:10C9380000000000000000002B3003000000000091
:10C948000000000000000000180500201805002065
:10C958000100000001000000280500202805002033
:10C968003005002030050020000000000000000015
:10C9780000000000000000000000000000000000AF
:10C98800000000000000000000000000000000009F
:10C99800000000000000000000000000000000008F
:10C9A80000000000000000007936030000000000CD
:10C9B8000000000000000000880500208805002015
:10C9C80001000000010000009805002098050020E3
:10C9D800A0050020A00500200000000000000000C5
:10C9E800000000000000000000000000000000003F
:10C9F800000000000000000000000000000000002F
:10CA0800000000000000000000000000000000001E
:10CA1800010000000E000000010000000E000000F0
:10CA2800FFFFFFFF00000000000000000000000002
:10CA38000000000000000000000000000E000000E0
:10CA4800FFFFFFFF000000000000000000000000E2
:10CA58000000000000000000000000000E000000C0
:10CA680000000000000000000000000000000000BE
:10CA780000000000020000000000000000000000AC
:10CA8800000000000000000000000000010000009D
:10CA9800010000000000000000000000000000008D
:10CAA800010000000100000000000000000000007C
:10CAB800000000009D63010000000000000000006D
:10CAC80089FA02000D0003000C7503000000000045
:10CAD800E00900203A000000F40900203A000000B4
:10CAE800B80900203A0000001C0A00203A000000A3
:10CAF800000000001F0A0300000000000000000002
:10CB08000000000075B101000000000000000000F6
:10CB18000000000085BF01000000000000000000C8
:10CB2800F0060020F00600200000000000000000D1
:10CB380069F501002B21030000000000000000003F
:10CB48000000000081F90100891C0300731B030029
:10CB580059F2010000000000B89D03000000020027
:10CB6800C49D030000000A00D49D030000002000BB
:10CB780000000000000000000000000000000000AD
:10CB8800A925030000000000749E030000000200B5
:10CB9800809E0300000002008C9E030000000A0033
:10CBA800700700207007002001000000010000004D
:10CBB80080070020800700208807002088070020C1
:10CBC80000000000010000009807002098070020DE
:10CBD800000000000000000000100E00000103002B
:10CBE80000000000B44D0020B34D002000000000FC
:10CBF800000000000000000000000000000000002D
:10CC0800000000000000000000000000000000001C
:10CC1800000000000000000000000000000000000C
:10CC280000000000000000000000000000000000FC
:10CC380000000000000000000000000000000000EC
:10CC480000000000000000000000000000000000DC
:10CC580000000000000000000000000000000000CC
:10CC680008000000FF0000000000000003000000B2
:10CC780000000000FFFF01004808002048080020CD
:10CC8800000000008DC80200940800208C080020D5
:10CC980084080020000000007C0800204DCA020023
:10CCA80099C90200CDC9020015CA0200AC4400208F
:10CCB8003A00003AB04400203A00003AB444002058
:10CCC8003A00003AB84400203A00003A004A0020EE
:10CCD800A808002068080020600800205C080020E0
:10CCE80058080020C5D70200B9D70200ADD7020006
:10CCF800000000000000000000000000000000002C
:02CD0800000029
:02CD0A00FFFF29
:10CD0C000000000000000000000000000000000017
:10CD1C000000000000000000000000000000000007
:10CD2C0000000000000000000000000000000000F7
:10CD3C0000000000000000000000000000000000E7
:04CD4C0000000000E3
:04CD500000000000DF
:04CD5400FFFFFFFFDF
:10CD58000000000000000000A1B90200000000006F
:10CD680000000000000000003809002038090020F9
:10CD7800655D0100000000000000000000000000E8
:08CD88000000000000000000A3
:10CD9000580900205809002000000000E883002006
:10CDA0000000000001000000300000000000000052
:10CDB000780900207809002000000000007A002097
:10CDC00000000000010000009000000000000000D2
:10CDD0009809002098090020000000001884002015
:10CDE0000000000003000000100000000000000030
:10CDF000B8090020B8090020000000000000000071
:10CE00000E000000CC090020CC090020000000002A
:10CE1000000000000E000000E0090020E0090020F2
:10CE200000000000000000000E000000F4090020D7
:10CE3000F409002000000000000000000E000000C7
:10CE4000080A0020080A002000000000000000007E
:10CE50000E0000001C0A00201C0A00200000000038
:08CE6000000000000E000000BC
:10CE6800300A0020300A0020000000000100000005
:08CE7800400A0020400A0020DE
:10CE8000000000000000000000000000540A002024
:0CCE9000540A00205C0A00205C0A00200C
:10CE9C00000000000000000000000000700A0020EC
:10CEAC00700A0020780A0020780A00200000000098
:10CEBC000300030008000000000000005C92030067
:10CECC00C0820020000000000000000000000000F4
:10CEDC00A40A0020A40A0020AC0A0020AC0A0020FE
:10CEEC00000000000300030008000000851D030083
:10CEFC00C49703008883002000000000000000009D
:10CF0C0000000000D80A0020D80A0020E00A002007
:10CF1C00E00A0020000000000300030001000000F4
:10CF2C0000000000A4820300287F00200000000005
:10CF3C0000000000000000000C0B00200C0B002077
:10CF4C00140B0020140B0020000000000200020053
:10CF5C0008000000000000004C920300208200201A
:10CF6C00000000000000000000000000400B00204A
:10CF7C00400B0020480B0020480B00200000000054
:10CF8C00020002000100000000000000E88B03001A
:10CF9C00A88100200000000000000000000000003C
:10CFAC00740B0020740B00207C0B00207C0B0020E9
:10CFBC00000000000A000A00010000000000000050
:10CFCC0094820300587D0020000000000000000047
:10CFDC0000000000A80B0020A80B0020B00B0020C4
:10CFEC00B00B002000000000010001000100000057
:0CCFFC0000000000B4820300847F0020CD
:02D00800000026
:04D00A0015E015E038
:040000031000A461E4
:00000001FF
